City,State,Zip3
AARONSBURG,PA,168
ABBEVILLE,AL,363
ABBEVILLE,GA,310
ABBEVILLE,LA,705
ABBEVILLE,MS,386
ABBEVILLE,SC,296
ABBOT,ME,044
ABBOTSFORD,WI,544
ABBOTT,TX,766
ABBOTTSTOWN,PA,173
ABBYVILLE,KS,675
ABELL,MD,206
ABERCROMBIE,ND,580
ABERDEEN,ID,832
ABERDEEN,KY,422
ABERDEEN,MD,210
ABERDEEN,MS,397
ABERDEEN,NC,283
ABERDEEN,OH,451
ABERDEEN,SD,574
ABERDEEN,WA,985
ABERDEEN PROVING GROUND,MD,210
ABERNANT,AL,354
ABERNATHY,TX,793
ABILENE,KS,674
ABILENE,TX,796
ABINGDON,IL,614
ABINGDON,MD,210
ABINGDON,VA,242
ABINGTON,MA,023
ABINGTON,PA,190
ABIQUIU,NM,875
ABITA SPRINGS,LA,704
ABRAMS,WI,541
ABSAROKEE,MT,590
ABSECON,NJ,082
ACAMPO,CA,952
ACCIDENT,MD,215
ACCOKEEK,MD,206
ACCOMAC,VA,233
ACCORD,NY,124
ACCOVILLE,WV,256
ACE,TX,773
ACHILLE,OK,747
ACHILLES,VA,230
ACKERLY,TX,797
ACKERMAN,MS,397
ACKLEY,IA,506
ACME,MI,496
ACME,PA,156
ACME,WA,982
ACOSTA,PA,155
ACRA,NY,124
ACTON,CA,935
ACTON,MA,017
ACTON,ME,040
ACUSHNET,MA,027
ACWORTH,GA,301
ACWORTH,NH,036
ADA,MI,493
ADA,MN,565
ADA,OH,458
ADA,OK,748
ADAIR,IA,500
ADAIR,IL,614
ADAIR,OK,743
ADAIRSVILLE,GA,301
ADAIRVILLE,KY,422
ADAK,AK,995
ADAMANT,VT,056
ADAMS,MA,012
ADAMS,MN,559
ADAMS,ND,582
ADAMS,NE,683
ADAMS,NY,136
ADAMS,OK,739
ADAMS,OR,978
ADAMS,TN,370
ADAMS,WI,539
ADAMS BASIN,NY,144
ADAMS CENTER,NY,136
ADAMS RUN,SC,294
ADAMSBURG,PA,156
ADAMSTOWN,MD,217
ADAMSTOWN,PA,195
ADAMSVILLE,AL,350
ADAMSVILLE,OH,438
ADAMSVILLE,PA,161
ADAMSVILLE,RI,028
ADAMSVILLE,TN,383
ADDIEVILLE,IL,622
ADDINGTON,OK,735
ADDIS,LA,707
ADDISON,AL,355
ADDISON,IL,601
ADDISON,ME,046
ADDISON,MI,492
ADDISON,NY,148
ADDISON,PA,154
ADDISON,TX,750
ADDY,WA,991
ADDYSTON,OH,450
ADEL,GA,316
ADEL,IA,500
ADEL,OR,976
ADELANTO,CA,923
ADELL,WI,530
ADELPHIA,NJ,077
ADENA,OH,439
ADGER,AL,350
ADIN,CA,960
ADIRONDACK,NY,128
ADJUNTAS,PR,006
ADKINS,TX,781
ADNA,WA,985
ADOLPHUS,KY,421
ADONA,AR,720
ADRIAN,GA,310
ADRIAN,MI,492
ADRIAN,MN,561
ADRIAN,MO,647
ADRIAN,OR,979
ADRIAN,PA,162
ADRIAN,TX,790
ADRIAN,WV,262
ADVANCE,IN,461
ADVANCE,MO,637
ADVANCE,NC,270
AFTON,IA,502
AFTON,MI,497
AFTON,MN,550
AFTON,NY,137
AFTON,OK,743
AFTON,TN,376
AFTON,VA,229
AFTON,WI,535
AFTON,WY,831
AGAR,SD,575
AGATE,CO,801
AGAWAM,MA,010
AGENCY,IA,525
AGENCY,MO,644
AGENCY VILLAGE,SD,572
AGNESS,OR,974
AGOURA HILLS,CA,913
AGRA,KS,676
AGRA,OK,748
AGUA DULCE,TX,783
AGUADA,PR,006
AGUADILLA,PR,006
AGUANGA,CA,925
AGUAS BUENAS,PR,007
AGUILA,AZ,853
AGUILAR,CO,810
AGUIRRE,PR,007
AHMEEK,MI,499
AHOSKIE,NC,279
AHSAHKA,ID,835
AHWAHNEE,CA,936
AIBONITO,PR,007
AIEA,HI,967
AIKEN,SC,298
AILEY,GA,304
AINSWORTH,IA,522
AINSWORTH,NE,692
AIRWAY HEIGHTS,WA,990
AITKIN,MN,564
AJO,AZ,853
AKASKA,SD,574
AKELEY,MN,564
AKHIOK,AK,996
AKIACHAK,AK,995
AKIAK,AK,995
AKRON,AL,354
AKRON,CO,807
AKRON,IA,510
AKRON,IN,469
AKRON,MI,487
AKRON,NY,140
AKRON,OH,443
AKRON,PA,175
AKUTAN,AK,995
ALABASTER,AL,350
ALACHUA,FL,326
ALAKANUK,AK,995
ALAMANCE,NC,272
ALAMEDA,CA,945
ALAMO,CA,945
ALAMO,GA,304
ALAMO,IN,479
ALAMO,ND,588
ALAMO,NV,890
ALAMO,TN,380
ALAMO,TX,785
ALAMOGORDO,NM,883
ALAMOSA,CO,811
ALANSON,MI,497
ALAPAHA,GA,316
ALBA,MI,496
ALBA,MO,648
ALBA,TX,754
ALBANY,CA,947
ALBANY,GA,317
ALBANY,IL,612
ALBANY,IN,473
ALBANY,KY,426
ALBANY,LA,707
ALBANY,MN,563
ALBANY,MO,644
ALBANY,NY,122
ALBANY,OH,457
ALBANY,OK,747
ALBANY,OR,973
ALBANY,TX,764
ALBANY,VT,058
ALBANY,WI,535
ALBEMARLE,NC,280
ALBERS,IL,622
ALBERT,OK,730
ALBERT CITY,IA,505
ALBERT LEA,MN,560
ALBERTA,MN,562
ALBERTA,VA,238
ALBERTON,MT,598
ALBERTSON,NC,285
ALBERTSON,NY,115
ALBERTVILLE,AL,359
ALBERTVILLE,MN,553
ALBIA,IA,525
ALBIN,WY,820
ALBION,CA,954
ALBION,IA,500
ALBION,ID,833
ALBION,IL,628
ALBION,IN,467
ALBION,ME,049
ALBION,MI,492
ALBION,NE,686
ALBION,NY,144
ALBION,OK,745
ALBION,PA,164
ALBION,RI,028
ALBION,WA,991
ALBRIGHTSVILLE,PA,182
ALBUQUERQUE,NM,871
ALBURGH,VT,054
ALBURNETT,IA,522
ALBURTIS,PA,180
ALCALDE,NM,875
ALCESTER,SD,570
ALCO,AR,726
ALCOA,TN,377
ALCOLU,SC,290
ALCOVA,WY,826
ALCOVE,NY,120
ALDA,NE,688
ALDEN,IA,500
ALDEN,KS,675
ALDEN,MI,496
ALDEN,MN,560
ALDEN,NY,140
ALDER,MT,597
ALDER CREEK,NY,133
ALDERPOINT,CA,955
ALDERSON,OK,745
ALDERSON,WV,249
ALDIE,VA,201
ALDRICH,MN,564
ALDRICH,MO,656
ALEDO,IL,612
ALEDO,TX,760
ALEKNAGIK,AK,995
ALEPPO,PA,153
ALEX,OK,730
ALEXANDER,AR,720
ALEXANDER,IA,504
ALEXANDER,IL,626
ALEXANDER,KS,675
ALEXANDER,NC,287
ALEXANDER,ND,588
ALEXANDER,NY,140
ALEXANDER CITY,AL,350
ALEXANDRIA,AL,362
ALEXANDRIA,IN,460
ALEXANDRIA,KY,410
ALEXANDRIA,LA,713
ALEXANDRIA,MN,563
ALEXANDRIA,MO,634
ALEXANDRIA,NE,683
ALEXANDRIA,OH,430
ALEXANDRIA,PA,166
ALEXANDRIA,SD,573
ALEXANDRIA,TN,370
ALEXANDRIA,VA,223
ALEXANDRIA BAY,NY,136
ALEXIS,IL,614
ALEXIS,NC,280
ALFORD,FL,324
ALFRED,ME,040
ALFRED,NY,148
ALGER,MI,486
ALGOMA,MS,388
ALGOMA,WI,542
ALGONA,IA,505
ALGONAC,MI,480
ALGONQUIN,IL,601
ALHAMBRA,CA,918
ALHAMBRA,IL,620
ALICE,TX,783
ALICEVILLE,AL,354
ALIEF,TX,774
ALINE,OK,737
ALIQUIPPA,PA,150
ALIX,AR,728
ALKOL,WV,255
ALLAKAKET,AK,997
ALLAMUCHY,NJ,078
ALLARDT,TN,385
ALLEENE,AR,718
ALLEGAN,MI,490
ALLEGANY,NY,147
ALLEGANY,OR,974
ALLEGHANY,CA,959
ALLEMAN,IA,500
ALLEN,KS,668
ALLEN,KY,416
ALLEN,MD,218
ALLEN,MI,492
ALLEN,NE,687
ALLEN,OK,748
ALLEN,SD,577
ALLEN,TX,750
ALLEN JUNCTION,WV,258
ALLEN PARK,MI,481
ALLENDALE,IL,624
ALLENDALE,MI,494
ALLENDALE,MO,644
ALLENDALE,NJ,074
ALLENDALE,SC,298
ALLENHURST,GA,313
ALLENHURST,NJ,077
ALLENPORT,PA,154
ALLENSPARK,CO,805
ALLENSVILLE,KY,422
ALLENSVILLE,PA,170
ALLENTON,MI,480
ALLENTON,WI,530
ALLENTOWN,GA,310
ALLENTOWN,NJ,085
ALLENTOWN,NY,147
ALLENTOWN,PA,180
ALLENWOOD,NJ,087
ALLENWOOD,PA,178
ALLERTON,IA,500
ALLERTON,IL,618
ALLGOOD,AL,350
ALLIANCE,NC,285
ALLIANCE,NE,693
ALLIANCE,OH,446
ALLIGATOR,MS,387
ALLISON,IA,506
ALLISON,PA,154
ALLISON,TX,790
ALLISON PARK,PA,151
ALLONS,TN,385
ALLOWAY,NJ,080
ALLOY,WV,250
ALLPORT,PA,168
ALLYN,WA,985
ALMA,AL,365
ALMA,AR,729
ALMA,CO,804
ALMA,GA,315
ALMA,IL,628
ALMA,KS,664
ALMA,MI,488
ALMA,MO,640
ALMA,NE,689
ALMA,WI,546
ALMA,WV,263
ALMA CENTER,WI,546
ALMENA,KS,676
ALMIRA,WA,991
ALMO,ID,833
ALMOND,NC,287
ALMOND,NY,148
ALMOND,WI,549
ALMONT,CO,812
ALMONT,MI,480
ALMONT,ND,585
ALMYRA,AR,720
ALNA,ME,045
ALPENA,AR,726
ALPENA,MI,497
ALPENA,SD,573
ALPHA,IL,614
ALPHA,KY,426
ALPHA,MI,499
ALPHA,MN,561
ALPHA,OH,453
ALPHARETTA,GA,300
ALPINE,AL,350
ALPINE,AZ,859
ALPINE,CA,919
ALPINE,NJ,076
ALPINE,NY,148
ALPINE,TN,385
ALPINE,TX,798
ALSEA,OR,973
ALSEY,IL,626
ALSTEAD,NH,036
ALSTON,GA,304
ALTA,CA,957
ALTA,IA,510
ALTA,UT,840
ALTA VISTA,IA,506
ALTA VISTA,KS,668
ALTAIR,TX,774
ALTAMONT,IL,624
ALTAMONT,KS,673
ALTAMONT,MO,646
ALTAMONT,NY,120
ALTAMONT,TN,373
ALTAMONT,UT,840
ALTAMONTE SPRINGS,FL,327
ALTAVILLE,CA,952
ALTAVISTA,VA,245
ALTENBURG,MO,637
ALTHA,FL,324
ALTHEIMER,AR,720
ALTMAR,NY,133
ALTO,GA,305
ALTO,MI,493
ALTO,NM,883
ALTO,TX,759
ALTO PASS,IL,629
ALTON,AL,350
ALTON,IA,510
ALTON,IL,620
ALTON,KS,676
ALTON,MO,656
ALTON,NH,038
ALTON,NY,144
ALTON,UT,847
ALTON,VA,245
ALTONA,IL,614
ALTONA,NY,129
ALTOONA,AL,359
ALTOONA,FL,327
ALTOONA,IA,500
ALTOONA,KS,667
ALTOONA,PA,166
ALTOONA,WI,547
ALTURA,MN,559
ALTURAS,CA,961
ALTUS,AR,728
ALTUS,OK,735
ALUM BANK,PA,155
ALUM BRIDGE,WV,263
ALUM CREEK,WV,250
ALVA,FL,339
ALVA,OK,737
ALVADA,OH,448
ALVADORE,OR,974
ALVARADO,MN,567
ALVARADO,TX,760
ALVATON,KY,421
ALVERDA,PA,157
ALVERTON,PA,156
ALVIN,IL,618
ALVIN,TX,775
ALVISO,CA,950
ALVORD,IA,512
ALVORD,TX,762
ALVORDTON,OH,435
ALZADA,MT,593
AMA,LA,700
AMADO,AZ,856
AMADOR CITY,CA,956
AMAGANSETT,NY,119
AMAGON,AR,720
AMALIA,NM,875
AMANA,IA,522
AMANDA,OH,431
AMANDA PARK,WA,985
AMARGOSA VALLEY,NV,890
AMARILLO,TX,791
AMASA,MI,499
AMAWALK,NY,105
AMAZONIA,MO,644
AMBER,OK,730
AMBERG,WI,541
AMBERSON,PA,172
AMBIA,IN,479
AMBLER,AK,997
AMBLER,PA,190
AMBOY,CA,923
AMBOY,IL,613
AMBOY,IN,469
AMBOY,MN,560
AMBOY,WA,986
AMBRIDGE,PA,150
AMBROSE,GA,315
AMBROSE,ND,588
AMELIA,LA,703
AMELIA,OH,451
AMELIA COURT HOUSE,VA,230
AMENIA,NY,125
AMERICAN CANYON,CA,945
AMERICAN FALLS,ID,832
AMERICAN FORK,UT,840
AMERICUS,GA,317
AMERICUS,KS,668
AMERY,WI,540
AMES,IA,500
AMES,NE,686
AMES,OK,737
AMESBURY,MA,019
AMESVILLE,OH,457
AMHERST,CO,807
AMHERST,MA,010
AMHERST,NE,688
AMHERST,NH,030
AMHERST,OH,440
AMHERST,SD,574
AMHERST,TX,793
AMHERST,VA,245
AMHERST,WI,544
AMHERST JUNCTION,WI,544
AMHERSTDALE,WV,256
AMISSVILLE,VA,201
AMISTAD,NM,884
AMITE,LA,704
AMITY,AR,719
AMITY,OR,971
AMITY,PA,153
AMITYVILLE,NY,117
AMLIN,OH,430
AMMA,WV,250
AMO,IN,461
AMONATE,VA,246
AMORET,MO,647
AMORITA,OK,737
AMORY,MS,388
AMSTERDAM,MO,647
AMSTERDAM,NY,120
AMSTERDAM,OH,439
AMSTON,CT,062
ANABEL,MO,634
ANACOCO,LA,714
ANACONDA,MT,597
ANACORTES,WA,982
ANADARKO,OK,730
ANAHEIM,CA,928
ANAHOLA,HI,967
ANAHUAC,TX,775
ANAKTUVUK PASS,AK,997
ANALOMINK,PA,183
ANAMOOSE,ND,587
ANAMOSA,IA,522
ANASCO,PR,006
ANATONE,WA,994
ANAWALT,WV,248
ANCHOR,IL,617
ANCHOR POINT,AK,995
ANCHORAGE,AK,995
ANCHORVILLE,MI,480
ANCRAM,NY,125
ANCRAMDALE,NY,125
ANDALE,KS,670
ANDALUSIA,AL,364
ANDALUSIA,IL,612
ANDERSON,AK,997
ANDERSON,AL,356
ANDERSON,CA,960
ANDERSON,IN,460
ANDERSON,MO,648
ANDERSON,SC,296
ANDERSON,TX,778
ANDERSONVILLE,TN,377
ANDES,NY,137
ANDOVER,CT,062
ANDOVER,IA,527
ANDOVER,IL,612
ANDOVER,KS,670
ANDOVER,MA,018
ANDOVER,ME,042
ANDOVER,MN,553
ANDOVER,NH,032
ANDOVER,NJ,078
ANDOVER,NY,148
ANDOVER,OH,440
ANDOVER,VA,242
ANDREAS,PA,182
ANDREW,IA,520
ANDREWS,IN,467
ANDREWS,NC,287
ANDREWS,SC,295
ANDREWS,TX,797
ANETA,ND,582
ANETH,UT,845
ANGEL FIRE,NM,877
ANGELA,MT,593
ANGELES,PR,006
ANGELICA,NY,147
ANGELS CAMP,CA,952
ANGELUS OAKS,CA,923
ANGIE,LA,704
ANGIER,NC,275
ANGLE INLET,MN,567
ANGLETON,TX,775
ANGOLA,IN,467
ANGOLA,LA,707
ANGOLA,NY,140
ANGOON,AK,998
ANGORA,NE,693
ANGUILLA,MS,387
ANGUS,MN,567
ANGWIN,CA,945
ANIAK,AK,995
ANIMAS,NM,880
ANITA,IA,500
ANITA,PA,157
ANIWA,WI,544
ANKENY,IA,500
ANMOORE,WV,263
ANN ARBOR,MI,481
ANNA,IL,629
ANNA,OH,453
ANNA,TX,754
ANNA MARIA,FL,342
ANNABELLA,UT,847
ANNANDALE,MN,553
ANNANDALE,NJ,088
ANNANDALE,VA,220
ANNAPOLIS,IL,624
ANNAPOLIS,MD,210
ANNAPOLIS,MO,636
ANNAPOLIS JUNCTION,MD,207
ANNAWAN,IL,612
ANNISTON,AL,362
ANNISTON,MO,638
ANNONA,TX,755
ANNVILLE,KY,404
ANNVILLE,PA,170
ANSELMO,NE,688
ANSLEY,NE,688
ANSON,ME,049
ANSON,TX,795
ANSONIA,CT,064
ANSONIA,OH,453
ANSONVILLE,NC,280
ANSTED,WV,258
ANTELOPE,MT,592
ANTELOPE,OR,970
ANTES FORT,PA,177
ANTHON,IA,510
ANTHONY,FL,326
ANTHONY,KS,670
ANTHONY,NM,798
ANTIGO,WI,544
ANTIMONY,UT,847
ANTIOCH,CA,945
ANTIOCH,IL,600
ANTIOCH,TN,370
ANTLER,ND,587
ANTLERS,OK,745
ANTOINE,AR,719
ANTON,CO,808
ANTON,TX,793
ANTON CHICO,NM,877
ANTONITO,CO,811
ANTRIM,NH,034
ANTWERP,NY,136
ANTWERP,OH,458
ANUTT,MO,655
ANVIK,AK,995
ANZA,CA,925
APACHE,OK,730
APACHE JUNCTION,AZ,851
APALACHICOLA,FL,323
APALACHIN,NY,137
APEX,NC,275
APISON,TN,373
APLINGTON,IA,506
APOLLO,PA,156
APOLLO BEACH,FL,335
APOPKA,FL,327
APPALACHIA,VA,242
APPLE CREEK,OH,446
APPLE GROVE,WV,255
APPLE RIVER,IL,610
APPLE SPRINGS,TX,759
APPLE VALLEY,CA,923
APPLEGATE,CA,957
APPLEGATE,MI,484
APPLETON,MN,562
APPLETON,NY,140
APPLETON,WA,986
APPLETON,WI,549
APPLETON CITY,MO,647
APPLING,GA,308
APPOMATTOX,VA,245
APTOS,CA,950
APULIA STATION,NY,130
AQUASHICOLA,PA,180
AQUEBOGUE,NY,119
AQUILLA,TX,766
ARAB,AL,350
ARABI,GA,317
ARABI,LA,700
ARAGON,GA,301
ARANSAS PASS,TX,783
ARAPAHO,OK,736
ARAPAHOE,CO,808
ARAPAHOE,NC,285
ARAPAHOE,NE,689
ARARAT,NC,270
ARARAT,VA,240
ARBOLES,CO,811
ARBON,ID,832
ARBUCKLE,CA,959
ARBYRD,MO,638
ARCADE,NY,140
ARCADIA,CA,910
ARCADIA,FL,342
ARCADIA,IA,514
ARCADIA,IN,460
ARCADIA,KS,667
ARCADIA,LA,710
ARCADIA,MI,496
ARCADIA,NE,688
ARCADIA,OH,448
ARCADIA,OK,730
ARCADIA,PA,157
ARCADIA,SC,293
ARCADIA,WI,546
ARCANUM,OH,453
ARCATA,CA,955
ARCHBALD,PA,184
ARCHBOLD,OH,435
ARCHDALE,NC,272
ARCHER,FL,326
ARCHER,IA,512
ARCHER CITY,TX,763
ARCHIBALD,LA,712
ARCO,ID,832
ARCO,MN,561
ARCOLA,IL,619
ARCOLA,IN,467
ARCOLA,MO,656
ARCOLA,MS,387
ARCTIC VILLAGE,AK,997
ARDARA,PA,156
ARDEN,NC,287
ARDENVOIR,WA,988
ARDMORE,OK,734
ARDMORE,PA,190
ARDMORE,TN,357
ARDOCH,ND,582
ARDSLEY,NY,105
ARDSLEY ON HUDSON,NY,105
ARECIBO,PR,006
ARENA,WI,535
ARENAS VALLEY,NM,880
ARENDTSVILLE,PA,173
ARENZVILLE,IL,626
ARGENTA,IL,625
ARGILLITE,KY,411
ARGONIA,KS,670
ARGONNE,WI,545
ARGOS,IN,465
ARGYLE,FL,324
ARGYLE,GA,316
ARGYLE,IA,526
ARGYLE,MI,484
ARGYLE,MN,567
ARGYLE,MO,650
ARGYLE,NY,128
ARGYLE,TX,762
ARGYLE,WI,535
ARIEL,WA,986
ARIMO,ID,832
ARISPE,IA,508
ARISTES,PA,179
ARITON,AL,363
ARIVACA,AZ,856
ARIZONA BOYS RAN,AZ,852
ARIZONA CITY,AZ,852
ARJAY,KY,409
ARK,VA,230
ARKABUTLA,MS,386
ARKADELPHIA,AR,719
ARKANSAS CITY,AR,716
ARKANSAS CITY,KS,670
ARKANSAW,WI,547
ARKDALE,WI,546
ARKOMA,OK,749
ARKPORT,NY,148
ARKVILLE,NY,124
ARLEE,MT,598
ARLETA,CA,913
ARLEY,AL,355
ARLINGTON,AL,367
ARLINGTON,AZ,853
ARLINGTON,GA,317
ARLINGTON,IL,613
ARLINGTON,IN,461
ARLINGTON,KS,675
ARLINGTON,KY,420
ARLINGTON,MA,024
ARLINGTON,MN,553
ARLINGTON,NE,680
ARLINGTON,OH,458
ARLINGTON,OR,978
ARLINGTON,SD,572
ARLINGTON,TN,380
ARLINGTON,TX,760
ARLINGTON,VA,222
ARLINGTON,VT,052
ARLINGTON,WA,982
ARLINGTON,WI,539
ARLINGTON HEIGHTS,IL,600
ARMA,KS,667
ARMADA,MI,480
ARMAGH,PA,159
ARMBRUST,PA,156
ARMINGTON,IL,617
ARMONA,CA,932
ARMONK,NY,105
ARMOREL,AR,723
ARMOUR,SD,573
ARMSTRONG,IA,505
ARMSTRONG,IL,618
ARMSTRONG,MO,652
ARMSTRONG CREEK,WI,541
ARMUCHEE,GA,301
ARNAUDVILLE,LA,705
ARNEGARD,ND,588
ARNETT,OK,738
ARNETT,WV,250
ARNOLD,CA,952
ARNOLD,MO,630
ARNOLD,NE,691
ARNOLDS PARK,IA,513
ARNOLDSBURG,WV,252
ARNOLDSVILLE,GA,306
ARNOT,PA,169
AROCK,OR,979
AROMA PARK,IL,609
AROMAS,CA,950
ARONA,PA,156
ARP,TX,757
ARPIN,WI,544
ARREY,NM,879
ARRIBA,CO,808
ARRINGTON,TN,370
ARRINGTON,VA,229
ARROW ROCK,MO,653
ARROWSMITH,IL,617
ARROYO,PR,007
ARROYO GRANDE,CA,934
ARROYO HONDO,NM,875
ARROYO SECO,NM,875
ART,TX,768
ARTEMUS,KY,409
ARTESIA,CA,907
ARTESIA,MS,397
ARTESIA,NM,882
ARTESIA WELLS,TX,780
ARTESIAN,SD,573
ARTHUR,IA,514
ARTHUR,IL,619
ARTHUR,ND,580
ARTHUR,NE,691
ARTHUR CITY,TX,754
ARTHURDALE,WV,265
ARTOIS,CA,959
ARVADA,CO,800
ARVADA,WY,828
ARVERNE,NY,116
ARVILLA,ND,582
ARVIN,CA,932
ARVONIA,VA,230
ARY,KY,417
ASBURY,MO,648
ASBURY,NJ,088
ASBURY PARK,NJ,077
ASCUTNEY,VT,050
ASH,NC,284
ASH FLAT,AR,725
ASH FORK,AZ,863
ASH GROVE,MO,656
ASHAWAY,RI,028
ASHBURN,GA,317
ASHBURNHAM,MA,014
ASHBY,MA,014
ASHBY,MN,563
ASHBY,NE,693
ASHCAMP,KY,415
ASHDOWN,AR,718
ASHEBORO,NC,272
ASHER,KY,408
ASHER,OK,748
ASHERTON,TX,788
ASHEVILLE,NC,288
ASHFIELD,MA,013
ASHFIELD,PA,182
ASHFORD,AL,363
ASHFORD,CT,062
ASHFORD,WA,983
ASHIPPUN,WI,530
ASHKUM,IL,609
ASHLAND,AL,362
ASHLAND,IL,626
ASHLAND,KS,678
ASHLAND,KY,411
ASHLAND,LA,710
ASHLAND,MA,017
ASHLAND,ME,047
ASHLAND,MO,650
ASHLAND,MS,386
ASHLAND,MT,590
ASHLAND,NE,680
ASHLAND,NH,032
ASHLAND,NY,124
ASHLAND,OH,448
ASHLAND,OR,975
ASHLAND,PA,179
ASHLAND,VA,230
ASHLAND,WI,548
ASHLAND CITY,TN,370
ASHLEY,IL,628
ASHLEY,IN,467
ASHLEY,MI,488
ASHLEY,ND,584
ASHLEY,OH,430
ASHLEY FALLS,MA,012
ASHMORE,IL,619
ASHTABULA,OH,440
ASHTON,ID,834
ASHTON,IL,610
ASHTON,MD,208
ASHTON,NE,688
ASHTON,SD,574
ASHUELOT,NH,034
ASHVILLE,AL,359
ASHVILLE,NY,147
ASHVILLE,OH,431
ASHVILLE,PA,166
ASKOV,MN,557
ASOTIN,WA,994
ASPEN,CO,816
ASPERMONT,TX,795
ASPERS,PA,173
ASSARIA,KS,674
ASSAWOMAN,VA,233
ASSONET,MA,027
ASSUMPTION,IL,625
ASTATULA,FL,347
ASTON,PA,190
ASTOR,FL,321
ASTORIA,IL,615
ASTORIA,NY,111
ASTORIA,OR,971
ASTORIA,SD,572
ATALISSA,IA,527
ATASCADERO,CA,934
ATASCOSA,TX,780
ATCHISON,KS,660
ATCO,NJ,080
ATGLEN,PA,193
ATHELSTANE,WI,541
ATHENA,OR,978
ATHENS,AL,356
ATHENS,GA,306
ATHENS,IL,626
ATHENS,LA,710
ATHENS,ME,049
ATHENS,MI,490
ATHENS,NY,120
ATHENS,OH,457
ATHENS,PA,188
ATHENS,TN,373
ATHENS,TX,757
ATHENS,WI,544
ATHENS,WV,247
ATHOL,ID,838
ATHOL,MA,013
ATHOL,NY,128
ATHOL SPRINGS,NY,140
ATKA,AK,995
ATKINS,AR,728
ATKINS,IA,522
ATKINS,VA,243
ATKINSON,IL,612
ATKINSON,NC,284
ATKINSON,NE,687
ATKINSON,NH,038
ATLANTA,GA,301
ATLANTA,ID,836
ATLANTA,IL,617
ATLANTA,IN,460
ATLANTA,KS,670
ATLANTA,LA,714
ATLANTA,MI,497
ATLANTA,MO,635
ATLANTA,NY,148
ATLANTA,TX,755
ATLANTIC,IA,500
ATLANTIC,NC,285
ATLANTIC,PA,161
ATLANTIC,VA,233
ATLANTIC BEACH,FL,322
ATLANTIC BEACH,NC,285
ATLANTIC BEACH,NY,115
ATLANTIC CITY,NJ,082
ATLANTIC HIGHLANDS,NJ,077
ATLANTIC MINE,MI,499
ATLAS,MI,484
ATLASBURG,PA,150
ATMAUTLUAK,AK,995
ATMORE,AL,365
ATOKA,OK,745
ATOKA,TN,380
ATQASUK,AK,997
ATTALLA,AL,359
ATTAPULGUS,GA,317
ATTICA,IN,479
ATTICA,KS,670
ATTICA,MI,484
ATTICA,NY,140
ATTICA,OH,448
ATTLEBORO,MA,027
ATTLEBORO FALLS,MA,027
ATWATER,CA,953
ATWATER,IL,625
ATWATER,MN,562
ATWATER,OH,442
ATWOOD,CA,928
ATWOOD,CO,807
ATWOOD,IL,619
ATWOOD,IN,465
ATWOOD,KS,677
ATWOOD,TN,382
AU GRES,MI,487
AU SABLE FORKS,NY,129
AU TRAIN,MI,498
AUBERRY,CA,936
AUBREY,AR,723
AUBREY,TX,762
AUBURN,AL,368
AUBURN,CA,956
AUBURN,GA,300
AUBURN,IA,514
AUBURN,IL,626
AUBURN,IN,467
AUBURN,KS,664
AUBURN,KY,422
AUBURN,MA,015
AUBURN,ME,042
AUBURN,MI,486
AUBURN,NE,683
AUBURN,NH,030
AUBURN,NY,130
AUBURN,PA,179
AUBURN,WA,980
AUBURN,WV,263
AUBURN,WY,831
AUBURN HILLS,MI,483
AUBURNDALE,FL,338
AUBURNDALE,MA,024
AUBURNDALE,WI,544
AUBURNTOWN,TN,370
AUDUBON,IA,500
AUDUBON,MN,565
AUDUBON,NJ,081
AUDUBON,PA,194
AUGUSTA,AR,720
AUGUSTA,GA,309
AUGUSTA,IL,623
AUGUSTA,KS,670
AUGUSTA,KY,410
AUGUSTA,ME,043
AUGUSTA,MO,633
AUGUSTA,MT,594
AUGUSTA,NJ,078
AUGUSTA,OH,446
AUGUSTA,WI,547
AUGUSTA,WV,267
AUGUSTA SPRINGS,VA,244
AULANDER,NC,278
AULT,CO,806
AUMSVILLE,OR,973
AURELIA,IA,510
AURORA,CO,800
AURORA,IA,506
AURORA,IL,605
AURORA,IN,470
AURORA,KS,674
AURORA,ME,044
AURORA,MN,557
AURORA,MO,656
AURORA,NC,278
AURORA,NE,688
AURORA,NY,130
AURORA,OH,442
AURORA,OR,970
AURORA,SD,570
AURORA,UT,846
AURORA,WV,267
AUSTELL,GA,301
AUSTERLITZ,NY,120
AUSTIN,AR,720
AUSTIN,CO,814
AUSTIN,IN,471
AUSTIN,MN,559
AUSTIN,NV,893
AUSTIN,PA,167
AUSTIN,TX,787
AUSTINBURG,OH,440
AUSTINVILLE,VA,243
AUSTWELL,TX,779
AUTAUGAVILLE,AL,360
AUTRYVILLE,NC,283
AUXIER,KY,416
AUXVASSE,MO,652
AVA,IL,629
AVA,MO,656
AVA,NY,133
AVA,OH,437
AVALON,CA,907
AVALON,NJ,082
AVALON,TX,766
AVALON,WI,535
AVANT,OK,740
AVAWAM,KY,417
AVELLA,PA,153
AVENAL,CA,932
AVENEL,NJ,070
AVENUE,MD,206
AVERA,GA,308
AVERILL PARK,NY,120
AVERY,CA,952
AVERY,ID,838
AVERY,TX,755
AVERY ISLAND,LA,705
AVILA BEACH,CA,934
AVILLA,IN,467
AVILLA,MO,648
AVINGER,TX,756
AVIS,PA,177
AVISTON,IL,622
AVOCA,AR,727
AVOCA,IA,515
AVOCA,IN,474
AVOCA,MI,480
AVOCA,MN,561
AVOCA,NE,683
AVOCA,NY,148
AVOCA,WI,535
AVON,CO,816
AVON,CT,060
AVON,IL,614
AVON,MA,023
AVON,MN,563
AVON,MS,387
AVON,MT,597
AVON,NC,279
AVON,NY,144
AVON,OH,440
AVON,SD,573
AVON BY THE SEA,NJ,077
AVON LAKE,OH,440
AVON PARK,FL,338
AVONDALE,AZ,853
AVONDALE,CO,810
AVONDALE,PA,193
AVONDALE,WV,248
AVONDALE ESTATES,GA,300
AVONMORE,PA,156
AWENDAW,SC,294
AXIS,AL,365
AXSON,GA,316
AXTELL,KS,664
AXTELL,NE,689
AXTELL,TX,766
AXTON,VA,240
AYDEN,NC,285
AYDLETT,NC,279
AYER,MA,014
AYLETT,VA,230
AYNOR,SC,295
AYR,NE,689
AZALEA,OR,974
AZLE,TX,760
AZTEC,NM,874
AZUSA,CA,917
BABB,MT,594
BABBITT,MN,557
BABCOCK,WI,544
BABSON PARK,FL,338
BABYLON,NY,117
BACKUS,MN,564
BACLIFF,TX,775
BACONTON,GA,317
BACOVA,VA,244
BAD AXE,MI,484
BADEN,PA,150
BADGER,IA,505
BADGER,MN,567
BADGER,SD,572
BADIN,NC,280
BAGDAD,AZ,863
BAGDAD,FL,325
BAGDAD,KY,400
BAGGS,WY,823
BAGLEY,IA,500
BAGLEY,MN,566
BAGLEY,WI,538
BAGWELL,TX,754
BAHAMA,NC,275
BAILEY,CO,804
BAILEY,MI,493
BAILEY,MS,393
BAILEY,NC,278
BAILEY,TX,754
BAILEY ISLAND,ME,040
BAILEYS HARBOR,WI,542
BAILEYTON,AL,350
BAILEYVILLE,IL,610
BAILEYVILLE,ME,046
BAINBRIDGE,GA,317
BAINBRIDGE,IN,461
BAINBRIDGE,NY,137
BAINBRIDGE,OH,456
BAINBRIDGE,PA,175
BAINBRIDGE ISLAND,WA,981
BAINVILLE,MT,592
BAIRD,TX,795
BAIRDFORD,PA,150
BAIROIL,WY,823
BAISDEN,WV,256
BAJADERO,PR,006
BAKER,CA,923
BAKER,FL,325
BAKER,LA,707
BAKER,MN,565
BAKER,MT,593
BAKER,NV,893
BAKER,WV,268
BAKER CITY,OR,978
BAKERS MILLS,NY,128
BAKERSFIELD,CA,933
BAKERSFIELD,VT,054
BAKERSTOWN,PA,150
BAKERSVILLE,NC,287
BAKERSVILLE,OH,438
BAKERTON,KY,427
BALA CYNWYD,PA,190
BALATON,MN,561
BALCH SPRINGS,TX,751
BALD HEAD ISLAND,NC,284
BALD KNOB,AR,720
BALD KNOB,WV,250
BALDWIN,GA,305
BALDWIN,IA,522
BALDWIN,IL,622
BALDWIN,LA,705
BALDWIN,MD,210
BALDWIN,MI,493
BALDWIN,ND,585
BALDWIN,NY,115
BALDWIN,WI,540
BALDWIN CITY,KS,660
BALDWIN PARK,CA,917
BALDWINSVILLE,NY,130
BALDWINVILLE,MA,014
BALDWYN,MS,388
BALKO,OK,739
BALL,LA,714
BALL GROUND,GA,301
BALLANTINE,MT,590
BALLARD,WV,249
BALLENGEE,WV,249
BALLENTINE,SC,290
BALLICO,CA,953
BALLINGER,TX,768
BALLOUVILLE,CT,062
BALLSTON SPA,NY,120
BALLWIN,MO,630
BALLY,PA,195
BALM,FL,335
BALMORHEA,TX,797
BALSAM,NC,287
BALSAM GROVE,NC,287
BALSAM LAKE,WI,548
BALTIC,CT,063
BALTIC,OH,438
BALTIC,SD,570
BALTIMORE,MD,212
BALTIMORE,OH,431
BAMBERG,SC,290
BANCROFT,IA,505
BANCROFT,ID,832
BANCROFT,MI,484
BANCROFT,NE,680
BANCROFT,WI,549
BANCROFT,WV,250
BANDANA,KY,420
BANDERA,TX,780
BANDON,OR,974
BANDY,VA,246
BANGALL,NY,125
BANGOR,CA,959
BANGOR,ME,044
BANGOR,MI,490
BANGOR,PA,180
BANGOR,WI,546
BANGS,TX,768
BANKS,AL,360
BANKS,AR,716
BANKS,OR,971
BANKSTON,AL,355
BANNER,MS,389
BANNER ELK,NC,286
BANNING,CA,922
BANNISTER,MI,488
BANQUETE,TX,783
BANTAM,CT,067
BAPCHULE,AZ,851
BAPTISTOWN,NJ,088
BAR HARBOR,ME,046
BAR MILLS,ME,040
BARABOO,WI,539
BARAGA,MI,499
BARATARIA,LA,700
BARBEAU,MI,497
BARBERS POINT NA,HI,968
BARBERTON,OH,442
BARBERVILLE,FL,321
BARBOURSVILLE,VA,229
BARBOURSVILLE,WV,255
BARBOURVILLE,KY,409
BARCELONETA,PR,006
BARCLAY,MD,216
BARCO,NC,279
BARD,CA,922
BARDOLPH,IL,614
BARDSTOWN,KY,400
BARDWELL,KY,420
BARDWELL,TX,751
BARGERSVILLE,IN,461
BARHAMSVILLE,VA,230
BARING,MO,635
BARING,WA,982
BARIUM SPRINGS,NC,280
BARK RIVER,MI,498
BARKER,NY,140
BARKER,TX,774
BARKHAMSTED,CT,060
BARKSDALE,TX,788
BARLING,AR,729
BARLOW,KY,420
BARNARD,KS,674
BARNARD,MO,644
BARNARD,SD,574
BARNARD,VT,050
BARNARDSVILLE,NC,287
BARNEGAT,NJ,080
BARNEGAT LIGHT,NJ,080
BARNES,KS,669
BARNES CITY,IA,500
BARNESVILLE,GA,302
BARNESVILLE,MD,208
BARNESVILLE,MN,565
BARNESVILLE,OH,437
BARNESVILLE,PA,182
BARNET,VT,058
BARNETT,MO,650
BARNEVELD,NY,133
BARNEVELD,WI,535
BARNEY,GA,316
BARNHART,MO,630
BARNHART,TX,769
BARNSDALL,OK,740
BARNSTABLE,MA,026
BARNUM,IA,505
BARNUM,MN,557
BARNWELL,SC,298
BARODA,MI,491
BARRACKVILLE,WV,265
BARRANQUITAS,PR,007
BARRE,MA,010
BARRE,VT,056
BARREN SPRINGS,VA,243
BARRETT,MN,563
BARRIGADA,GU,969
BARRINGTON,IL,600
BARRINGTON,NH,038
BARRINGTON,NJ,080
BARRINGTON,RI,028
BARRON,WI,548
BARRONETT,WI,548
BARROW,AK,997
BARRY,IL,623
BARRY,TX,751
BARRYTON,MI,493
BARRYVILLE,NY,127
BARSTOW,CA,923
BARSTOW,IL,612
BARSTOW,MD,206
BARSTOW,TX,797
BART,PA,175
BARTELSO,IL,622
BARTLESVILLE,OK,740
BARTLETT,IL,601
BARTLETT,NE,686
BARTLETT,NH,038
BARTLETT,OH,457
BARTLETT,TX,765
BARTLEY,NE,690
BARTLEY,WV,248
BARTO,PA,195
BARTON,AR,723
BARTON,MD,215
BARTON,OH,439
BARTON,VT,058
BARTON CITY,MI,487
BARTONSVILLE,PA,183
BARTONVILLE,IL,616
BARTOW,FL,338
BARTOW,GA,304
BARTOW,WV,249
BARWICK,GA,317
BASALT,CO,816
BASALT,ID,832
BASCO,IL,623
BASCOM,OH,448
BASEHOR,KS,660
BASILE,LA,705
BASIN,MT,596
BASIN,WY,824
BASKERVILLE,VA,239
BASKIN,LA,712
BASKING RIDGE,NJ,079
BASOM,NY,140
BASS HARBOR,ME,046
BASS LAKE,CA,936
BASSETT,AR,723
BASSETT,NE,687
BASSETT,VA,240
BASSFIELD,MS,394
BASTIAN,VA,243
BASTROP,LA,712
BASTROP,TX,786
BASYE,VA,228
BATAVIA,IA,525
BATAVIA,IL,605
BATAVIA,NY,140
BATAVIA,OH,451
BATCHELOR,LA,707
BATCHTOWN,IL,620
BATES CITY,MO,640
BATESLAND,SD,577
BATESVILLE,AR,725
BATESVILLE,IN,470
BATESVILLE,MS,386
BATESVILLE,TX,788
BATESVILLE,VA,229
BATH,IL,626
BATH,IN,470
BATH,ME,045
BATH,MI,488
BATH,NC,278
BATH,NH,037
BATH,NY,148
BATH,OH,442
BATH,PA,180
BATH,SC,298
BATH SPRINGS,TN,383
BATON ROUGE,LA,708
BATSON,TX,775
BATTERY PARK,VA,233
BATTIEST,OK,747
BATTLE CREEK,IA,510
BATTLE CREEK,MI,490
BATTLE CREEK,NE,687
BATTLE GROUND,IN,479
BATTLE GROUND,WA,986
BATTLE LAKE,MN,565
BATTLE MOUNTAIN,NV,898
BATTLEBORO,NC,278
BATTLETOWN,KY,401
BAUDETTE,MN,566
BAUSMAN,PA,175
BAUXITE,AR,720
BAXLEY,GA,315
BAXTER,IA,500
BAXTER,KY,408
BAXTER,MN,564
BAXTER,TN,385
BAXTER SPRINGS,KS,667
BAY,AR,724
BAY CENTER,WA,985
BAY CITY,MI,487
BAY CITY,OR,971
BAY CITY,TX,774
BAY CITY,WI,547
BAY HEAD,NJ,087
BAY MINETTE,AL,365
BAY PINES,FL,337
BAY PORT,MI,487
BAY SAINT LOUIS,MS,395
BAY SHORE,NY,117
BAY SPRINGS,MS,394
BAY VILLAGE,OH,441
BAYAMON,PR,009
BAYARD,IA,500
BAYARD,NE,693
BAYARD,NM,880
BAYARD,WV,267
BAYBORO,NC,285
BAYFIELD,CO,811
BAYFIELD,WI,548
BAYLIS,IL,623
BAYONNE,NJ,070
BAYOU LA BATRE,AL,365
BAYPORT,MN,550
BAYPORT,NY,117
BAYSIDE,CA,955
BAYSIDE,NY,113
BAYSIDE,TX,783
BAYTOWN,TX,775
BAYVIEW,ID,838
BAYVILLE,NJ,087
BAYVILLE,NY,117
BAZINE,KS,675
BEACH,ND,586
BEACH CITY,OH,446
BEACH HAVEN,NJ,080
BEACH HAVEN,PA,186
BEACH LAKE,PA,184
BEACHWOOD,OH,441
BEACON,IA,525
BEACON,NY,125
BEACON FALLS,CT,064
BEALE AFB,CA,959
BEALETON,VA,227
BEALLSVILLE,OH,437
BEALLSVILLE,PA,153
BEALS,ME,046
BEAMAN,IA,506
BEAN STATION,TN,377
BEAR,DE,197
BEAR BRANCH,KY,417
BEAR CREEK,AL,355
BEAR CREEK,NC,272
BEAR CREEK,PA,186
BEAR CREEK,WI,549
BEAR LAKE,MI,496
BEAR MOUNTAIN,NY,109
BEAR RIVER CITY,UT,843
BEARCREEK,MT,590
BEARDEN,AR,717
BEARDSLEY,MN,562
BEARDSTOWN,IL,626
BEARSVILLE,NY,124
BEASLEY,TX,774
BEASON,IL,625
BEATRICE,AL,364
BEATRICE,NE,683
BEATTIE,KS,664
BEATTY,NV,890
BEATTY,OR,976
BEATTYVILLE,KY,413
BEAUFORT,MO,630
BEAUFORT,NC,285
BEAUFORT,SC,299
BEAUMONT,CA,922
BEAUMONT,MS,394
BEAUMONT,TX,777
BEAUTY,KY,412
BEAVER,AK,997
BEAVER,AR,726
BEAVER,IA,500
BEAVER,OH,456
BEAVER,OK,739
BEAVER,PA,150
BEAVER,UT,847
BEAVER,WA,983
BEAVER,WV,258
BEAVER BAY,MN,556
BEAVER CREEK,MN,561
BEAVER CROSSING,NE,683
BEAVER DAM,KY,423
BEAVER DAM,WI,539
BEAVER DAMS,NY,148
BEAVER FALLS,NY,133
BEAVER FALLS,PA,150
BEAVER ISLAND,MI,497
BEAVER MEADOWS,PA,182
BEAVER SPRINGS,PA,178
BEAVERCREEK,OR,970
BEAVERDALE,PA,159
BEAVERDAM,VA,230
BEAVERTON,AL,355
BEAVERTON,MI,486
BEAVERTON,OR,970
BEAVERTOWN,PA,178
BEAVERVILLE,IL,609
BECHTELSVILLE,PA,195
BECKEMEYER,IL,622
BECKER,MN,553
BECKER,MS,388
BECKET,MA,012
BECKLEY,WV,258
BECKVILLE,TX,756
BEDFORD,IA,508
BEDFORD,IN,474
BEDFORD,KY,400
BEDFORD,MA,017
BEDFORD,MI,490
BEDFORD,NH,031
BEDFORD,NY,105
BEDFORD,OH,441
BEDFORD,PA,155
BEDFORD,TX,760
BEDFORD,VA,245
BEDFORD HILLS,NY,105
BEDFORD PARK,IL,604
BEDIAS,TX,778
BEDMINSTER,NJ,079
BEDMINSTER,PA,189
BEDROCK,CO,814
BEE,NE,683
BEE BRANCH,AR,720
BEE SPRING,KY,422
BEEBE,AR,720
BEEBE PLAIN,VT,058
BEECH BLUFF,TN,383
BEECH BOTTOM,WV,260
BEECH CREEK,PA,168
BEECH GROVE,AR,724
BEECH GROVE,IN,461
BEECHER,IL,604
BEECHER CITY,IL,624
BEECHER FALLS,VT,059
BEECHGROVE,TN,370
BEECHMONT,KY,423
BEEDEVILLE,AR,720
BEEMER,NE,687
BEERSHEBA SPRINGS,TN,373
BEETOWN,WI,538
BEEVILLE,TX,781
BEGGS,OK,744
BEIRNE,AR,717
BEJOU,MN,565
BEL AIR,MD,210
BELCAMP,MD,210
BELCHER,KY,415
BELCHER,LA,710
BELCHERTOWN,MA,010
BELCOURT,ND,583
BELDEN,MS,388
BELDEN,NE,687
BELDENVILLE,WI,540
BELDING,MI,488
BELEN,MS,386
BELEN,NM,870
BELEWS CREEK,NC,270
BELFAIR,WA,985
BELFAST,ME,049
BELFAST,NY,147
BELFAST,TN,370
BELFIELD,ND,586
BELFORD,NJ,077
BELFRY,KY,415
BELFRY,MT,590
BELGIUM,WI,530
BELGRADE,ME,049
BELGRADE,MN,563
BELGRADE,MO,636
BELGRADE,MT,597
BELGRADE LAKES,ME,049
BELHAVEN,NC,278
BELINGTON,WV,262
BELK,AL,355
BELKNAP,IL,629
BELL,FL,326
BELL BUCKLE,TN,370
BELL CITY,LA,706
BELL GARDENS,CA,902
BELLA VISTA,AR,727
BELLA VISTA,CA,960
BELLAIRE,MI,496
BELLAIRE,OH,439
BELLAIRE,TX,774
BELLAMY,AL,369
BELLARTHUR,NC,278
BELLBROOK,OH,453
BELLE,MO,650
BELLE,WV,250
BELLE CENTER,OH,433
BELLE CHASSE,LA,700
BELLE FOURCHE,SD,577
BELLE GLADE,FL,334
BELLE HAVEN,VA,233
BELLE MEAD,NJ,085
BELLE MINA,AL,356
BELLE PLAINE,IA,522
BELLE PLAINE,KS,670
BELLE PLAINE,MN,560
BELLE RIVE,IL,628
BELLE ROSE,LA,703
BELLE VALLEY,OH,437
BELLEFONTAINE,MS,397
BELLEFONTAINE,OH,433
BELLEFONTE,PA,168
BELLEROSE,NY,114
BELLEVIEW,FL,344
BELLEVILLE,AR,728
BELLEVILLE,IL,622
BELLEVILLE,KS,669
BELLEVILLE,MI,481
BELLEVILLE,NJ,071
BELLEVILLE,NY,136
BELLEVILLE,PA,170
BELLEVILLE,WI,535
BELLEVILLE,WV,261
BELLEVUE,IA,520
BELLEVUE,ID,833
BELLEVUE,KY,410
BELLEVUE,MI,490
BELLEVUE,NE,680
BELLEVUE,OH,448
BELLEVUE,TX,762
BELLEVUE,WA,980
BELLFLOWER,CA,907
BELLFLOWER,IL,617
BELLFLOWER,MO,633
BELLINGHAM,MA,020
BELLINGHAM,MN,562
BELLINGHAM,WA,982
BELLMAWR,NJ,080
BELLMONT,IL,628
BELLMORE,NY,117
BELLONA,NY,144
BELLOWS FALLS,VT,051
BELLPORT,NY,117
BELLS,TN,380
BELLS,TX,754
BELLVILLE,GA,304
BELLVILLE,OH,448
BELLVILLE,TX,774
BELLVUE,CO,805
BELLWOOD,AL,363
BELLWOOD,IL,601
BELLWOOD,NE,686
BELLWOOD,PA,166
BELMAR,NJ,077
BELMOND,IA,504
BELMONT,CA,940
BELMONT,LA,714
BELMONT,MA,024
BELMONT,MI,493
BELMONT,MS,388
BELMONT,NC,280
BELMONT,NH,032
BELMONT,NY,148
BELMONT,OH,437
BELMONT,VT,057
BELMONT,WI,535
BELMONT,WV,261
BELOIT,KS,674
BELOIT,OH,446
BELOIT,WI,535
BELPRE,KS,675
BELPRE,OH,457
BELSANO,PA,159
BELSPRING,VA,240
BELT,MT,594
BELTON,MO,640
BELTON,SC,296
BELTON,TX,765
BELTRAMI,MN,565
BELTSVILLE,MD,207
BELVA,WV,266
BELVEDERE TIBURON,CA,949
BELVIDERE,IL,610
BELVIDERE,NC,279
BELVIDERE,NJ,078
BELVIDERE,SD,575
BELVIDERE,TN,373
BELVIEW,MN,562
BELVUE,KS,664
BELZONI,MS,390
BEMENT,IL,618
BEMIDJI,MN,566
BEMUS POINT,NY,147
BEN FRANKLIN,TX,754
BEN HUR,VA,242
BEN LOMOND,AR,718
BEN LOMOND,CA,950
BEN WHEELER,TX,757
BENA,MN,566
BENA,VA,230
BENAVIDES,TX,783
BENBROOK,TX,761
BEND,OR,977
BEND,TX,768
BENDENA,KS,660
BENDERSVILLE,PA,173
BENEDICT,KS,667
BENEDICT,MD,206
BENEDICT,MN,564
BENEDICT,ND,587
BENEDICT,NE,683
BENEDICTA,ME,047
BENEZETT,PA,158
BENHAM,KY,408
BENICIA,CA,945
BENJAMIN,TX,795
BENKELMAN,NE,690
BENLD,IL,620
BENNET,NE,683
BENNETT,CO,801
BENNETT,IA,527
BENNETT,NC,272
BENNETTSVILLE,SC,295
BENNINGTON,KS,674
BENNINGTON,NE,680
BENNINGTON,OK,747
BENNINGTON,VT,052
BENOIT,MS,387
BENSALEM,PA,190
BENSENVILLE,IL,601
BENSON,AZ,856
BENSON,IL,615
BENSON,MD,210
BENSON,MN,562
BENSON,NC,275
BENT,NM,883
BENT MOUNTAIN,VA,240
BENTLEY,KS,670
BENTLEY,LA,714
BENTLEYVILLE,PA,153
BENTON,AR,720
BENTON,CA,935
BENTON,IL,628
BENTON,KY,420
BENTON,LA,710
BENTON,MO,637
BENTON,MS,390
BENTON,PA,178
BENTON,TN,373
BENTON,WI,538
BENTON CITY,MO,652
BENTON CITY,WA,993
BENTON HARBOR,MI,490
BENTON RIDGE,OH,458
BENTONIA,MS,390
BENTONVILLE,AR,727
BENTONVILLE,IN,473
BENTONVILLE,OH,451
BENTONVILLE,VA,226
BENWOOD,WV,260
BENZONIA,MI,496
BERCLAIR,TX,781
BEREA,KY,404
BEREA,OH,440
BERESFORD,SD,570
BERGEN,NY,144
BERGENFIELD,NJ,076
BERGER,MO,630
BERGHOLZ,OH,439
BERGLAND,MI,499
BERGMAN,AR,726
BERGOO,WV,262
BERGTON,VA,228
BERINO,NM,880
BERKELEY,CA,947
BERKELEY,MO,631
BERKELEY HEIGHTS,NJ,079
BERKELEY SPRINGS,WV,254
BERKLEY,MI,480
BERKSHIRE,NY,137
BERLIN,CT,060
BERLIN,GA,317
BERLIN,MA,015
BERLIN,MD,218
BERLIN,NH,035
BERLIN,NY,120
BERLIN,OH,446
BERLIN,PA,155
BERLIN,VT,056
BERLIN,WI,549
BERLIN CENTER,OH,444
BERLIN HEIGHTS,OH,448
BERN,KS,664
BERNALILLO,NM,870
BERNARD,IA,520
BERNARD,ME,046
BERNARDSTON,MA,013
BERNARDSVILLE,NJ,079
BERNE,IN,467
BERNE,NY,120
BERNHARDS BAY,NY,130
BERNICE,LA,712
BERNIE,MO,638
BERNVILLE,PA,195
BERRIEN SPRINGS,MI,491
BERRY,AL,355
BERRY,KY,410
BERRY CREEK,CA,959
BERRYSBURG,PA,170
BERRYTON,KS,664
BERRYVILLE,AR,726
BERRYVILLE,VA,226
BERTHA,MN,564
BERTHOLD,ND,587
BERTHOUD,CO,805
BERTRAM,TX,786
BERTRAND,MO,638
BERTRAND,NE,689
BERWICK,IA,500
BERWICK,IL,614
BERWICK,LA,703
BERWICK,ME,039
BERWICK,PA,186
BERWIND,WV,248
BERWYN,IL,604
BERWYN,NE,688
BERWYN,PA,193
BESSEMER,AL,350
BESSEMER,MI,499
BESSEMER,PA,161
BESSEMER CITY,NC,280
BESSIE,OK,736
BETHALTO,IL,620
BETHANIA,NC,270
BETHANY,IL,619
BETHANY,LA,710
BETHANY,MO,644
BETHANY,OK,730
BETHANY,WV,260
BETHANY BEACH,DE,199
BETHEL,CT,068
BETHEL,DE,199
BETHEL,ME,042
BETHEL,MN,550
BETHEL,NC,278
BETHEL,NY,127
BETHEL,OH,451
BETHEL,OK,747
BETHEL,PA,195
BETHEL,VT,050
BETHEL ISLAND,CA,945
BETHEL PARK,PA,151
BETHEL SPRINGS,TN,383
BETHELRIDGE,KY,425
BETHERA,SC,294
BETHESDA,MD,208
BETHESDA,OH,437
BETHLEHEM,CT,067
BETHLEHEM,GA,306
BETHLEHEM,KY,400
BETHLEHEM,MD,216
BETHLEHEM,NH,035
BETHLEHEM,PA,180
BETHPAGE,NY,117
BETHPAGE,TN,370
BETHUNE,CO,808
BETHUNE,SC,290
BETSY LAYNE,KY,416
BETTENDORF,IA,527
BETTERTON,MD,216
BETTLES FIELD,AK,997
BETTSVILLE,OH,448
BEULAH,CO,810
BEULAH,MS,387
BEULAH,ND,585
BEULAH,WY,827
BEULAVILLE,NC,285
BEVERLY,KS,674
BEVERLY,KY,409
BEVERLY,MA,019
BEVERLY,NJ,080
BEVERLY,OH,457
BEVERLY,WA,993
BEVERLY,WV,262
BEVERLY HILLS,CA,902
BEVERLY HILLS,FL,344
BEVERLY SHORES,IN,463
BEVIER,MO,635
BEVINSVILLE,KY,416
BEYER,PA,162
BIBLE SCHOOL PARK,NY,137
BICKLETON,WA,993
BICKMORE,WV,250
BICKNELL,IN,475
BICKNELL,UT,847
BIDDEFORD,ME,040
BIDDEFORD POOL,ME,040
BIDDLE,MT,593
BIDWELL,OH,456
BIEBER,CA,960
BIG ARM,MT,599
BIG BAR,CA,960
BIG BAY,MI,498
BIG BEAR CITY,CA,923
BIG BEAR LAKE,CA,923
BIG BEND,CA,960
BIG BEND,WI,531
BIG BEND,WV,261
BIG BEND NATIONAL PARK,TX,798
BIG CABIN,OK,743
BIG CLIFTY,KY,427
BIG CREEK,CA,936
BIG CREEK,KY,409
BIG CREEK,MS,389
BIG CREEK,WV,255
BIG FALLS,MN,566
BIG FALLS,WI,549
BIG FLAT,AR,726
BIG FLATS,NY,148
BIG HORN,WY,828
BIG INDIAN,NY,124
BIG ISLAND,VA,245
BIG LAKE,AK,996
BIG LAKE,MN,553
BIG LAKE,TX,769
BIG LAUREL,KY,408
BIG OAK FLAT,CA,953
BIG PINE,CA,935
BIG PINE KEY,FL,330
BIG PINEY,WY,831
BIG POOL,MD,217
BIG PRAIRIE,OH,446
BIG RAPIDS,MI,493
BIG ROCK,IL,605
BIG ROCK,TN,370
BIG ROCK,VA,246
BIG RUN,PA,157
BIG SANDY,MT,595
BIG SANDY,TN,382
BIG SANDY,TX,757
BIG SANDY,WV,248
BIG SKY,MT,597
BIG SPRING,TX,797
BIG SPRINGS,NE,691
BIG SPRINGS,WV,261
BIG STONE CITY,SD,572
BIG STONE GAP,VA,242
BIG SUR,CA,939
BIG TIMBER,MT,590
BIG WATER,UT,847
BIG WELLS,TX,788
BIGELOW,MN,561
BIGFOOT,TX,780
BIGFORK,MN,566
BIGFORK,MT,599
BIGGERS,AR,724
BIGGS,CA,959
BIGGSVILLE,IL,614
BIGHILL,KY,404
BIGHORN,MT,590
BIGLERVILLE,PA,173
BILLERICA,MA,018
BILLINGS,MO,656
BILLINGS,MT,591
BILLINGS,NY,125
BILLINGS,OK,746
BILLINGSLEY,AL,360
BILOXI,MS,395
BIM,WV,250
BINFORD,ND,584
BINGEN,WA,986
BINGER,OK,730
BINGHAM,ME,049
BINGHAM CANYON,UT,840
BINGHAMTON,NY,137
BIOLA,CA,936
BIRCH HARBOR,ME,046
BIRCH RIVER,WV,266
BIRCH RUN,MI,484
BIRCH TREE,MO,654
BIRCHDALE,MN,566
BIRCHRUNVILLE,PA,194
BIRCHWOOD,TN,373
BIRCHWOOD,WI,548
BIRD CITY,KS,677
BIRD IN HAND,PA,175
BIRD ISLAND,MN,553
BIRDSBORO,PA,195
BIRDSEYE,IN,475
BIRMINGHAM,AL,352
BIRMINGHAM,IA,525
BIRMINGHAM,MI,480
BIRMINGHAM,NJ,080
BIRNAMWOOD,WI,544
BIRNEY,MT,590
BISBEE,AZ,856
BISBEE,ND,583
BISCOE,AR,720
BISCOE,NC,272
BISHOP,CA,935
BISHOP,TX,783
BISHOP,VA,246
BISHOP HILL,IL,614
BISHOPVILLE,MD,218
BISHOPVILLE,SC,290
BISMARCK,AR,719
BISMARCK,IL,618
BISMARCK,MO,636
BISMARCK,ND,585
BISON,KS,675
BISON,SD,576
BITELY,MI,493
BITTINGER,MD,215
BIVALVE,MD,218
BIVINS,TX,755
BIWABIK,MN,557
BIXBY,MO,654
BIXBY,OK,740
BLACHLY,OR,974
BLACK,AL,363
BLACK,MO,636
BLACK CANYON CITY,AZ,853
BLACK CREEK,NC,278
BLACK CREEK,NY,147
BLACK CREEK,WI,541
BLACK DIAMOND,WA,980
BLACK EAGLE,MT,594
BLACK EARTH,WI,535
BLACK HAWK,CO,804
BLACK HAWK,SD,577
BLACK HILLS STAT,SD,577
BLACK LICK,PA,157
BLACK MOUNTAIN,NC,287
BLACK OAK,AR,724
BLACK RIVER,NY,136
BLACK RIVER FALLS,WI,546
BLACK ROCK,AR,724
BLACKBURN,MO,653
BLACKDUCK,MN,566
BLACKEY,KY,418
BLACKFOOT,ID,832
BLACKFORD,KY,424
BLACKLICK,OH,430
BLACKSBURG,SC,297
BLACKSBURG,VA,240
BLACKSHEAR,GA,315
BLACKSTOCK,SC,290
BLACKSTONE,IL,613
BLACKSTONE,MA,015
BLACKSTONE,VA,238
BLACKSVILLE,WV,265
BLACKVILLE,SC,298
BLACKWATER,MO,653
BLACKWATER,VA,242
BLACKWELL,OK,746
BLACKWELL,TX,795
BLACKWOOD,NJ,080
BLADEN,NE,689
BLADENBORO,NC,283
BLADENSBURG,OH,430
BLAIN,PA,170
BLAINE,KY,411
BLAINE,ME,047
BLAINE,OH,439
BLAINE,TN,377
BLAINE,WA,982
BLAIR,NE,680
BLAIR,OK,735
BLAIR,SC,290
BLAIR,WI,546
BLAIR,WV,250
BLAIRS,VA,245
BLAIRS MILLS,PA,172
BLAIRSBURG,IA,500
BLAIRSDEN GRAEAGLE,CA,961
BLAIRSTOWN,IA,522
BLAIRSTOWN,MO,647
BLAIRSTOWN,NJ,078
BLAIRSVILLE,GA,305
BLAIRSVILLE,PA,157
BLAKELY,GA,317
BLAKESBURG,IA,525
BLAKESLEE,OH,435
BLAKESLEE,PA,186
BLANCA,CO,811
BLANCHARD,IA,516
BLANCHARD,ID,838
BLANCHARD,LA,710
BLANCHARD,MI,493
BLANCHARD,OK,730
BLANCHARD,PA,168
BLANCHARDVILLE,WI,535
BLANCHESTER,OH,451
BLANCO,NM,874
BLANCO,OK,745
BLANCO,TX,786
BLAND,MO,650
BLAND,VA,243
BLANDBURG,PA,166
BLANDFORD,MA,010
BLANDING,UT,845
BLANDINSVILLE,IL,614
BLANDON,PA,195
BLANFORD,IN,478
BLANKET,TX,764
BLANKS,LA,707
BLAUVELT,NY,109
BLAWENBURG,NJ,085
BLEDSOE,KY,408
BLEDSOE,TX,793
BLEIBLERVILLE,TX,789
BLENCOE,IA,515
BLENKER,WI,544
BLESSING,TX,774
BLEVINS,AR,718
BLISS,ID,833
BLISS,NY,140
BLISSFIELD,MI,492
BLOCK ISLAND,RI,028
BLOCKSBURG,CA,955
BLOCKTON,IA,508
BLODGETT,MO,638
BLODGETT,OR,973
BLODGETT MILLS,NY,137
BLOMKEST,MN,562
BLOOMBURG,TX,755
BLOOMER,WI,547
BLOOMERY,WV,268
BLOOMFIELD,CT,060
BLOOMFIELD,IA,525
BLOOMFIELD,IN,474
BLOOMFIELD,KY,400
BLOOMFIELD,MO,638
BLOOMFIELD,MT,593
BLOOMFIELD,NE,687
BLOOMFIELD,NJ,070
BLOOMFIELD,NM,874
BLOOMFIELD,NY,144
BLOOMFIELD HILLS,MI,483
BLOOMING GLEN,PA,189
BLOOMING GROVE,NY,109
BLOOMING GROVE,TX,766
BLOOMING PRAIRIE,MN,559
BLOOMINGBURG,NY,127
BLOOMINGBURG,OH,431
BLOOMINGDALE,GA,313
BLOOMINGDALE,IL,601
BLOOMINGDALE,IN,478
BLOOMINGDALE,MI,490
BLOOMINGDALE,NJ,074
BLOOMINGDALE,NY,129
BLOOMINGDALE,OH,439
BLOOMINGROSE,WV,250
BLOOMINGTON,CA,923
BLOOMINGTON,ID,832
BLOOMINGTON,IL,617
BLOOMINGTON,IN,474
BLOOMINGTON,MD,215
BLOOMINGTON,NE,689
BLOOMINGTON,NY,124
BLOOMINGTON,TX,779
BLOOMINGTON,WI,538
BLOOMINGTON SPRINGS,TN,385
BLOOMSBURG,PA,178
BLOOMSBURY,NJ,088
BLOOMVILLE,OH,448
BLOSSBURG,PA,169
BLOSSOM,TX,754
BLOSSVALE,NY,133
BLOUNTS CREEK,NC,278
BLOUNTSTOWN,FL,324
BLOUNTSVILLE,AL,350
BLOUNTVILLE,TN,376
BLOWING ROCK,NC,286
BLOXOM,VA,233
BLUE,AZ,859
BLUE BALL,PA,175
BLUE BELL,PA,194
BLUE CREEK,OH,456
BLUE CREEK,WV,250
BLUE DIAMOND,NV,890
BLUE EARTH,MN,560
BLUE EYE,MO,656
BLUE GAP,AZ,865
BLUE GRASS,IA,527
BLUE GRASS,VA,244
BLUE HILL,ME,046
BLUE HILL,NE,689
BLUE HILL FALLS,ME,046
BLUE ISLAND,IL,604
BLUE JAY,CA,923
BLUE LAKE,CA,955
BLUE MOUND,IL,625
BLUE MOUND,KS,660
BLUE MOUNDS,WI,535
BLUE MOUNTAIN,AR,728
BLUE MOUNTAIN,MS,386
BLUE MOUNTAIN LAKE,NY,128
BLUE POINT,NY,117
BLUE RAPIDS,KS,664
BLUE RIDGE,GA,305
BLUE RIDGE,TX,754
BLUE RIDGE,VA,240
BLUE RIDGE SUMMIT,PA,172
BLUE RIVER,KY,416
BLUE RIVER,OR,974
BLUE RIVER,WI,535
BLUE ROCK,OH,437
BLUE SPRINGS,MO,640
BLUE SPRINGS,MS,388
BLUE SPRINGS,NE,683
BLUEBELL,UT,840
BLUEFIELD,VA,246
BLUEFIELD,WV,247
BLUEGROVE,TX,763
BLUEJACKET,OK,743
BLUEMONT,VA,201
BLUEWATER,NM,870
BLUFF,UT,845
BLUFF CITY,AR,717
BLUFF CITY,KS,670
BLUFF CITY,TN,376
BLUFF DALE,TX,764
BLUFFS,IL,626
BLUFFTON,AR,728
BLUFFTON,GA,317
BLUFFTON,IN,467
BLUFFTON,MN,565
BLUFFTON,OH,458
BLUFFTON,SC,299
BLUFFTON,TX,786
BLUFORD,IL,628
BLUM,TX,766
BLUNT,SD,575
BLY,OR,976
BLYTHE,CA,922
BLYTHE,GA,308
BLYTHEVILLE,AR,723
BLYTHEWOOD,SC,290
BOALSBURG,PA,168
BOARD CAMP,AR,719
BOARDMAN,OR,978
BOAZ,AL,359
BOAZ,KY,420
BOBTOWN,PA,153
BOCA GRANDE,FL,339
BOCA RATON,FL,334
BOCK,MN,563
BODE,IA,505
BODEGA,CA,949
BODEGA BAY,CA,949
BODFISH,CA,932
BOELUS,NE,688
BOERNE,TX,780
BOGALUSA,LA,704
BOGARD,MO,646
BOGART,GA,306
BOGATA,TX,754
BOGOTA,NJ,076
BOGUE,KS,676
BOGUE CHITTO,MS,396
BOHEMIA,NY,117
BOICEVILLE,NY,124
BOILING SPRINGS,NC,280
BOILING SPRINGS,PA,170
BOILING SPRINGS,SC,293
BOIS D ARC,MO,656
BOISE,ID,837
BOISE CITY,OK,739
BOISSEVAIN,VA,246
BOKCHITO,OK,747
BOKEELIA,FL,339
BOKOSHE,OK,749
BOLCKOW,MO,644
BOLES,AR,729
BOLEY,OK,748
BOLIGEE,AL,354
BOLING,TX,774
BOLINGBROKE,GA,310
BOLINGBROOK,IL,604
BOLIVAR,MO,656
BOLIVAR,NY,147
BOLIVAR,OH,446
BOLIVAR,PA,159
BOLIVAR,TN,380
BOLIVIA,NC,284
BOLLING AFB,DC,200
BOLT,WV,258
BOLTON,CT,060
BOLTON,MA,017
BOLTON,MS,390
BOLTON,NC,284
BOLTON LANDING,NY,128
BOMBAY,NY,129
BOMOSEEN,VT,057
BON AIR,AL,350
BON AQUA,TN,370
BON SECOUR,AL,365
BON WIER,TX,759
BONAIRE,GA,310
BONANZA,OR,976
BONAPARTE,IA,526
BONDSVILLE,MA,010
BONDUEL,WI,541
BONDURANT,IA,500
BONDURANT,WY,829
BONDVILLE,VT,053
BONE GAP,IL,628
BONESTEEL,SD,573
BONFIELD,IL,609
BONHAM,TX,754
BONIFAY,FL,324
BONITA,CA,919
BONITA,LA,712
BONITA SPRINGS,FL,341
BONLEE,NC,272
BONNE TERRE,MO,636
BONNEAU,SC,294
BONNER,MT,598
BONNER SPRINGS,KS,660
BONNERDALE,AR,719
BONNERS FERRY,ID,838
BONNEY LAKE,WA,983
BONNIE,IL,628
BONNIEVILLE,KY,427
BONNOTS MILL,MO,650
BONNYMAN,KY,417
BONO,AR,724
BONSALL,CA,920
BOODY,IL,625
BOOKER,TX,790
BOOMER,NC,286
BOOMER,WV,250
BOON,MI,496
BOONE,CO,810
BOONE,IA,500
BOONE,NC,286
BOONE GROVE,IN,463
BOONES MILL,VA,240
BOONEVILLE,AR,729
BOONEVILLE,IA,500
BOONEVILLE,KY,413
BOONEVILLE,MS,388
BOONS CAMP,KY,412
BOONSBORO,MD,217
BOONTON,NJ,070
BOONVILLE,CA,954
BOONVILLE,IN,476
BOONVILLE,MO,652
BOONVILLE,NC,270
BOONVILLE,NY,133
BOOTHBAY,ME,045
BOOTHBAY HARBOR,ME,045
BOQUERON,PR,006
BORDELONVILLE,LA,713
BORDEN,IN,471
BORDENTOWN,NJ,085
BORDERLAND,WV,256
BORGER,TX,790
BORING,OR,970
BORON,CA,935
BORREGO SPRINGS,CA,920
BOSCOBEL,WI,538
BOSQUE,NM,870
BOSS,MO,654
BOSSIER CITY,LA,711
BOSTIC,NC,280
BOSTON,GA,316
BOSTON,IN,473
BOSTON,KY,401
BOSTON,MA,021
BOSTON,NY,140
BOSTON,VA,227
BOSTWICK,FL,320
BOSTWICK,GA,306
BOSWELL,IN,479
BOSWELL,OK,747
BOSWELL,PA,155
BOSWORTH,MO,646
BOTHELL,WA,980
BOTKINS,OH,453
BOTSFORD,CT,064
BOTTINEAU,ND,583
BOULDER,CO,803
BOULDER,MT,596
BOULDER,UT,847
BOULDER,WY,829
BOULDER CITY,NV,890
BOULDER CREEK,CA,950
BOULDER JUNCTION,WI,545
BOULEVARD,CA,919
BOUND BROOK,NJ,088
BOUNTIFUL,UT,840
BOURBON,IN,465
BOURBON,MO,654
BOURBONNAIS,IL,609
BOURG,LA,703
BOURNEVILLE,OH,456
BOUSE,AZ,853
BOUTON,IA,500
BOUTTE,LA,700
BOVARD,PA,156
BOVEY,MN,557
BOVILL,ID,838
BOVINA,TX,790
BOVINA CENTER,NY,137
BOW,NH,033
BOW,WA,982
BOWBELLS,ND,587
BOWDEN,WV,262
BOWDLE,SD,574
BOWDOIN,ME,042
BOWDOINHAM,ME,040
BOWDON,GA,301
BOWDON,ND,584
BOWDON JUNCTION,GA,301
BOWEN,IL,623
BOWERS,PA,195
BOWERSTON,OH,446
BOWERSVILLE,GA,305
BOWERSVILLE,OH,453
BOWIE,AZ,856
BOWIE,MD,207
BOWIE,TX,762
BOWLEGS,OK,748
BOWLER,WI,544
BOWLING GREEN,FL,338
BOWLING GREEN,IN,478
BOWLING GREEN,KY,421
BOWLING GREEN,MO,633
BOWLING GREEN,OH,434
BOWLING GREEN,SC,297
BOWLING GREEN,VA,224
BOWLUS,MN,563
BOWMAN,GA,306
BOWMAN,ND,586
BOWMAN,SC,290
BOWMANSTOWN,PA,180
BOWMANSVILLE,NY,140
BOWMANSVILLE,PA,175
BOX ELDER,MT,595
BOX ELDER,SD,577
BOX SPRINGS,GA,318
BOXFORD,MA,019
BOXHOLM,IA,500
BOYCE,LA,714
BOYCE,VA,226
BOYCEVILLE,WI,547
BOYD,MN,562
BOYD,MT,590
BOYD,TX,760
BOYD,WI,547
BOYDEN,IA,512
BOYDS,MD,208
BOYDTON,VA,239
BOYERS,PA,160
BOYERTOWN,PA,195
BOYES,MT,593
BOYES HOT SPRINGS,CA,954
BOYKIN,AL,367
BOYKINS,VA,238
BOYLE,MS,387
BOYLSTON,MA,015
BOYNE CITY,MI,497
BOYNE FALLS,MI,497
BOYNTON,OK,744
BOYNTON,PA,155
BOYNTON BEACH,FL,334
BOYS RANCH,TX,790
BOZEMAN,MT,597
BOZMAN,MD,216
BOZRAH,CT,063
BRACEVILLE,IL,604
BRACEY,VA,239
BRACKENRIDGE,PA,150
BRACKETTVILLE,TX,788
BRACKNEY,PA,188
BRADDOCK,PA,151
BRADDOCK HEIGHTS,MD,217
BRADDYVILLE,IA,516
BRADENTON,FL,342
BRADENVILLE,PA,156
BRADFORD,AR,720
BRADFORD,IA,500
BRADFORD,IL,614
BRADFORD,ME,044
BRADFORD,NH,032
BRADFORD,OH,453
BRADFORD,PA,167
BRADFORD,RI,028
BRADFORD,TN,383
BRADFORD,VT,050
BRADFORDSVILLE,KY,400
BRADFORDWOODS,PA,150
BRADGATE,IA,505
BRADLEY,AR,718
BRADLEY,CA,934
BRADLEY,FL,338
BRADLEY,IL,609
BRADLEY,ME,044
BRADLEY,MI,493
BRADLEY,OK,730
BRADLEY,SC,298
BRADLEY,SD,572
BRADLEY,WV,258
BRADLEY BEACH,NJ,077
BRADLEYVILLE,MO,656
BRADNER,OH,434
BRADSHAW,NE,683
BRADSHAW,WV,248
BRADY,MT,594
BRADY,NE,691
BRADY,TX,768
BRADYVILLE,TN,370
BRAGG CITY,MO,638
BRAGGADOCIO,MO,638
BRAGGS,OK,744
BRAHAM,MN,550
BRAIDWOOD,IL,604
BRAINARD,NE,686
BRAINTREE,MA,021
BRAITHWAITE,LA,700
BRAMWELL,WV,247
BRANCH,AR,729
BRANCH,LA,705
BRANCH,MI,494
BRANCHBURG,NJ,088
BRANCHDALE,PA,179
BRANCHLAND,WV,255
BRANCHVILLE,NJ,078
BRANCHVILLE,SC,294
BRANCHVILLE,VA,238
BRANDAMORE,PA,193
BRANDENBURG,KY,401
BRANDON,FL,335
BRANDON,IA,522
BRANDON,MN,563
BRANDON,MS,390
BRANDON,SD,570
BRANDON,VT,057
BRANDON,WI,539
BRANDSVILLE,MO,656
BRANDT,SD,572
BRANDY STATION,VA,227
BRANDYWINE,MD,206
BRANDYWINE,WV,268
BRANFORD,CT,064
BRANFORD,FL,320
BRANSON,CO,810
BRANSON,MO,656
BRANT,NY,140
BRANT LAKE,NY,128
BRANTLEY,AL,360
BRANTWOOD,WI,545
BRASELTON,GA,305
BRASHEAR,MO,635
BRASHEAR,TX,754
BRASHER FALLS,NY,136
BRASSTOWN,NC,289
BRATTLEBORO,VT,053
BRAVE,PA,153
BRAWLEY,CA,922
BRAXTON,MS,390
BRAYMER,MO,646
BRAYTON,IA,500
BRAZIL,IN,478
BRAZORIA,TX,774
BREA,CA,928
BREAKS,VA,246
BREAUX BRIDGE,LA,705
BRECKENRIDGE,CO,804
BRECKENRIDGE,MI,486
BRECKENRIDGE,MN,565
BRECKENRIDGE,MO,646
BRECKENRIDGE,TX,764
BRECKSVILLE,OH,441
BREDA,IA,514
BREEDEN,WV,256
BREEDING,KY,427
BREEDSVILLE,MI,490
BREESE,IL,622
BREESPORT,NY,148
BREEZEWOOD,PA,155
BREINIGSVILLE,PA,180
BREMEN,AL,350
BREMEN,GA,301
BREMEN,IN,465
BREMEN,KS,664
BREMEN,KY,423
BREMEN,ME,045
BREMEN,OH,431
BREMERTON,WA,983
BREMO BLUFF,VA,230
BREMOND,TX,766
BRENHAM,TX,778
BRENT,AL,350
BRENTFORD,SD,574
BRENTON,WV,248
BRENTWOOD,CA,945
BRENTWOOD,MD,207
BRENTWOOD,NY,117
BRENTWOOD,TN,370
BRETHREN,MI,496
BREVARD,NC,287
BREVIG MISSION,AK,997
BREWER,ME,044
BREWERTON,NY,130
BREWSTER,KS,677
BREWSTER,MA,026
BREWSTER,MN,561
BREWSTER,NY,105
BREWSTER,OH,446
BREWSTER,WA,988
BREWTON,AL,364
BRIAN HEAD,UT,847
BRIARCLIFF MANOR,NY,105
BRICE,OH,431
BRICEVILLE,TN,377
BRICK,NJ,087
BRICKEYS,AR,723
BRIDAL VEIL,OR,970
BRIDGE CITY,TX,776
BRIDGEHAMPTON,NY,119
BRIDGEPORT,AL,357
BRIDGEPORT,CA,935
BRIDGEPORT,CT,066
BRIDGEPORT,IL,624
BRIDGEPORT,MI,487
BRIDGEPORT,NE,693
BRIDGEPORT,NJ,080
BRIDGEPORT,NY,130
BRIDGEPORT,OH,439
BRIDGEPORT,PA,194
BRIDGEPORT,TX,764
BRIDGEPORT,WA,988
BRIDGEPORT,WV,263
BRIDGER,MT,590
BRIDGETON,IN,478
BRIDGETON,MO,630
BRIDGETON,NC,285
BRIDGETON,NJ,083
BRIDGEVIEW,IL,604
BRIDGEVILLE,CA,955
BRIDGEVILLE,DE,199
BRIDGEVILLE,PA,150
BRIDGEWATER,CT,067
BRIDGEWATER,IA,508
BRIDGEWATER,MA,023
BRIDGEWATER,ME,047
BRIDGEWATER,NJ,088
BRIDGEWATER,NY,133
BRIDGEWATER,SD,573
BRIDGEWATER,VA,228
BRIDGEWATER,VT,050
BRIDGEWATER CORNERS,VT,050
BRIDGMAN,MI,491
BRIDGTON,ME,040
BRIDPORT,VT,057
BRIELLE,NJ,087
BRIER HILL,NY,136
BRIER HILL,PA,154
BRIERFIELD,AL,350
BRIGGSDALE,CO,806
BRIGGSVILLE,WI,539
BRIGHAM CITY,UT,843
BRIGHTON,CO,806
BRIGHTON,IA,525
BRIGHTON,IL,620
BRIGHTON,MA,021
BRIGHTON,MI,481
BRIGHTON,MO,656
BRIGHTON,TN,380
BRIGHTWATERS,NY,117
BRIGHTWOOD,OR,970
BRIGHTWOOD,VA,227
BRILLIANT,AL,355
BRILLIANT,OH,439
BRILLION,WI,541
BRIMFIELD,IL,615
BRIMFIELD,MA,010
BRIMHALL,NM,873
BRIMLEY,MI,497
BRIMSON,MN,556
BRINKHAVEN,OH,430
BRINKLEY,AR,720
BRINNON,WA,983
BRINSON,GA,317
BRISBANE,CA,940
BRISBIN,PA,166
BRISCOE,TX,790
BRISTOL,CT,060
BRISTOL,FL,323
BRISTOL,IL,605
BRISTOL,IN,465
BRISTOL,ME,045
BRISTOL,NH,032
BRISTOL,PA,190
BRISTOL,RI,028
BRISTOL,SD,572
BRISTOL,TN,376
BRISTOL,VA,242
BRISTOL,VT,054
BRISTOL,WI,531
BRISTOL,WV,263
BRISTOLVILLE,OH,444
BRISTOW,IN,475
BRISTOW,NE,687
BRISTOW,OK,740
BRISTOW,VA,201
BRITT,IA,504
BRITTANY,LA,707
BRITTON,MI,492
BRITTON,SD,574
BROAD BROOK,CT,060
BROAD RUN,VA,201
BROAD TOP,PA,166
BROADALBIN,NY,120
BROADBENT,OR,974
BROADDUS,TX,759
BROADLANDS,IL,618
BROADUS,MT,593
BROADVIEW,IL,601
BROADVIEW,MT,590
BROADVIEW HEIGHTS,OH,441
BROADWATER,NE,691
BROADWAY,NC,275
BROADWAY,NJ,088
BROADWAY,VA,228
BROCKET,ND,583
BROCKPORT,NY,144
BROCKPORT,PA,158
BROCKTON,MA,023
BROCKTON,MT,592
BROCKWAY,MT,592
BROCKWAY,PA,158
BROCKWELL,AR,725
BROCTON,IL,619
BROCTON,NY,147
BRODHEAD,KY,404
BRODHEAD,WI,535
BRODHEADSVILLE,PA,183
BRODNAX,VA,239
BROGUE,PA,173
BROHMAN,MI,493
BROKAW,WI,544
BROKEN ARROW,OK,740
BROKEN BOW,NE,688
BROKEN BOW,OK,747
BROMIDE,OK,745
BRONAUGH,MO,647
BRONSON,FL,326
BRONSON,IA,510
BRONSON,KS,667
BRONSON,MI,490
BRONSON,TX,759
BRONSTON,KY,425
BRONTE,TX,769
BRONWOOD,GA,317
BRONX,NY,104
BRONXVILLE,NY,107
BROOK,IN,479
BROOK PARK,MN,550
BROOKELAND,TX,759
BROOKER,FL,326
BROOKESMITH,TX,768
BROOKEVILLE,MD,208
BROOKFIELD,CT,068
BROOKFIELD,GA,317
BROOKFIELD,IL,605
BROOKFIELD,MA,015
BROOKFIELD,MO,646
BROOKFIELD,NY,133
BROOKFIELD,OH,444
BROOKFIELD,VT,050
BROOKFIELD,WI,530
BROOKHAVEN,GA,303
BROOKHAVEN,MS,396
BROOKHAVEN,NY,117
BROOKHAVEN,PA,190
BROOKINGS,OR,974
BROOKINGS,SD,570
BROOKLAND,AR,724
BROOKLANDVILLE,MD,210
BROOKLET,GA,304
BROOKLIN,ME,046
BROOKLINE,MA,024
BROOKLINE,MO,656
BROOKLINE,NH,030
BROOKLYN,CT,062
BROOKLYN,IA,522
BROOKLYN,IN,461
BROOKLYN,MD,212
BROOKLYN,MI,492
BROOKLYN,MS,394
BROOKLYN,NY,112
BROOKLYN,PA,188
BROOKLYN,WI,535
BROOKNEAL,VA,245
BROOKPORT,IL,629
BROOKS,CA,956
BROOKS,GA,302
BROOKS,KY,401
BROOKS,ME,049
BROOKS,MN,567
BROOKSHIRE,TX,774
BROOKSIDE,AL,350
BROOKSIDE,NJ,079
BROOKSTON,IN,479
BROOKSTON,MN,557
BROOKSTON,TX,754
BROOKSVILLE,FL,346
BROOKSVILLE,KY,410
BROOKSVILLE,ME,046
BROOKSVILLE,MS,397
BROOKTON,ME,044
BROOKTONDALE,NY,148
BROOKVILLE,IN,470
BROOKVILLE,KS,674
BROOKVILLE,OH,453
BROOKVILLE,PA,158
BROOKWOOD,AL,354
BROOMALL,PA,190
BROOMES ISLAND,MD,206
BROOMFIELD,CO,800
BROOTEN,MN,563
BROSELEY,MO,639
BROUGHTON,IL,628
BROUSSARD,LA,705
BROWERVILLE,MN,564
BROWN CITY,MI,484
BROWNELL,KS,675
BROWNFIELD,ME,040
BROWNFIELD,PA,154
BROWNFIELD,TX,793
BROWNING,IL,626
BROWNING,MO,646
BROWNING,MT,594
BROWNS,IL,628
BROWNS MILLS,NJ,080
BROWNS SUMMIT,NC,272
BROWNS VALLEY,CA,959
BROWNS VALLEY,MN,562
BROWNSBORO,AL,357
BROWNSBORO,TX,757
BROWNSBURG,IN,461
BROWNSBURG,VA,244
BROWNSDALE,MN,559
BROWNSTOWN,IL,624
BROWNSTOWN,IN,472
BROWNSTOWN,PA,175
BROWNSTOWN,WA,989
BROWNSVILLE,CA,959
BROWNSVILLE,IN,473
BROWNSVILLE,KY,421
BROWNSVILLE,MN,559
BROWNSVILLE,OR,973
BROWNSVILLE,PA,154
BROWNSVILLE,TN,380
BROWNSVILLE,TX,785
BROWNSVILLE,VT,050
BROWNSVILLE,WI,530
BROWNTON,MN,553
BROWNTON,WV,263
BROWNTOWN,WI,535
BROWNVILLE,ME,044
BROWNVILLE,NY,136
BROWNVILLE JUNCTION,ME,044
BROWNWOOD,MO,637
BROWNWOOD,TX,768
BROXTON,GA,315
BRUCE,MS,389
BRUCE,SD,572
BRUCE,WI,548
BRUCE CROSSING,MI,499
BRUCETON,TN,383
BRUCETON MILLS,WV,265
BRUCEVILLE,IN,475
BRUIN,PA,160
BRULE,NE,691
BRULE,WI,548
BRUMLEY,MO,650
BRUNDIDGE,AL,360
BRUNEAU,ID,836
BRUNER,MO,656
BRUNI,TX,783
BRUNING,NE,683
BRUNO,MN,557
BRUNO,NE,680
BRUNO,WV,256
BRUNSON,SC,299
BRUNSVILLE,IA,510
BRUNSWICK,GA,315
BRUNSWICK,MD,217
BRUNSWICK,ME,040
BRUNSWICK,MO,652
BRUNSWICK,NC,284
BRUNSWICK,NE,687
BRUNSWICK,OH,442
BRUNSWICK,TN,380
BRUSETT,MT,593
BRUSH,CO,807
BRUSH CREEK,TN,385
BRUSH PRAIRIE,WA,986
BRUSH VALLEY,PA,157
BRUSHTON,NY,129
BRUSLY,LA,707
BRUSSELS,IL,620
BRUSSELS,WI,542
BRYAN,OH,435
BRYAN,TX,778
BRYANS ROAD,MD,206
BRYANT,AL,359
BRYANT,AR,720
BRYANT,IL,615
BRYANT,IN,473
BRYANT,SD,572
BRYANT POND,ME,042
BRYANTOWN,MD,206
BRYANTS STORE,KY,409
BRYANTSVILLE,KY,404
BRYANTVILLE,MA,023
BRYCE CANYON,UT,847
BRYCE CANYON CITY,UT,847
BRYCEVILLE,FL,320
BRYN ATHYN,PA,190
BRYN MAWR,PA,190
BRYSON,TX,764
BRYSON CITY,NC,287
BUCHANAN,GA,301
BUCHANAN,MI,491
BUCHANAN,ND,584
BUCHANAN,NY,105
BUCHANAN,TN,382
BUCHANAN,VA,240
BUCHANAN DAM,TX,786
BUCHTEL,OH,431
BUCK CREEK,IN,479
BUCK HILL FALLS,PA,183
BUCKATUNNA,MS,393
BUCKEYE,AZ,853
BUCKEYE,WV,249
BUCKEYE LAKE,OH,430
BUCKEYSTOWN,MD,217
BUCKFIELD,ME,042
BUCKHANNON,WV,262
BUCKHEAD,GA,306
BUCKHOLTS,TX,765
BUCKHORN,NM,880
BUCKINGHAM,IL,609
BUCKINGHAM,PA,189
BUCKINGHAM,VA,239
BUCKLAND,AK,997
BUCKLAND,MA,013
BUCKLEY,IL,609
BUCKLEY,MI,496
BUCKLEY,WA,983
BUCKLIN,KS,678
BUCKLIN,MO,646
BUCKNER,AR,718
BUCKNER,KY,400
BUCKNER,MO,640
BUCKS,AL,365
BUCKSPORT,ME,044
BUCODA,WA,985
BUCYRUS,MO,654
BUCYRUS,OH,448
BUD,WV,247
BUDA,IL,613
BUDA,TX,786
BUDD LAKE,NJ,078
BUDE,MS,396
BUECHE,LA,707
BUELLTON,CA,934
BUENA,NJ,083
BUENA,WA,989
BUENA PARK,CA,906
BUENA VISTA,CO,812
BUENA VISTA,GA,318
BUENA VISTA,NM,877
BUENA VISTA,PA,150
BUENA VISTA,VA,244
BUFFALO,IA,527
BUFFALO,IL,625
BUFFALO,IN,479
BUFFALO,KS,667
BUFFALO,KY,427
BUFFALO,MN,553
BUFFALO,MO,656
BUFFALO,MT,594
BUFFALO,ND,580
BUFFALO,NY,142
BUFFALO,OH,437
BUFFALO,OK,738
BUFFALO,SC,293
BUFFALO,SD,577
BUFFALO,TX,758
BUFFALO,WV,250
BUFFALO,WY,828
BUFFALO CENTER,IA,504
BUFFALO CREEK,CO,804
BUFFALO GAP,SD,577
BUFFALO GAP,TX,795
BUFFALO GROVE,IL,600
BUFFALO JUNCTION,VA,245
BUFFALO LAKE,MN,553
BUFFALO MILLS,PA,155
BUFFALO PRAIRIE,IL,612
BUFFALO VALLEY,TN,385
BUFORD,GA,305
BUHL,AL,354
BUHL,ID,833
BUHL,MN,557
BUHLER,KS,675
BUIES CREEK,NC,275
BULA,TX,793
BULAN,KY,417
BULGER,PA,150
BULL SHOALS,AR,726
BULLARD,TX,757
BULLHEAD,SD,576
BULLHEAD CITY,AZ,864
BULLOCK,NC,275
BULLS GAP,TN,377
BULLVILLE,NY,109
BULVERDE,TX,781
BUMPASS,VA,230
BUMPUS MILLS,TN,370
BUNA,TX,776
BUNCETON,MO,652
BUNCH,OK,749
BUNCOMBE,IL,629
BUNKER,MO,636
BUNKER HILL,IL,620
BUNKER HILL,IN,469
BUNKER HILL,KS,676
BUNKER HILL,WV,254
BUNKERVILLE,NV,890
BUNKIE,LA,713
BUNN,NC,275
BUNNELL,FL,321
BUNNLEVEL,NC,283
BUNOLA,PA,150
BURAS,LA,700
BURBANK,CA,913
BURBANK,OK,746
BURBANK,WA,993
BURCHARD,NE,683
BURDEN,KS,670
BURDETT,KS,675
BURDETT,NY,148
BURDETTE,AR,723
BURDICK,KS,668
BURDINE,KY,415
BUREAU,IL,613
BURGAW,NC,284
BURGESS,VA,224
BURGETTSTOWN,PA,150
BURGIN,KY,403
BURGOON,OH,434
BURIEN,WA,981
BURKBURNETT,TX,763
BURKE,NY,129
BURKE,SD,575
BURKE,VA,220
BURKESVILLE,KY,427
BURKET,IN,465
BURKETT,TX,768
BURKETTSVILLE,OH,453
BURKEVILLE,TX,759
BURKEVILLE,VA,239
BURKITTSVILLE,MD,217
BURLESON,TX,760
BURLEY,ID,833
BURLEY,WA,983
BURLINGAME,CA,940
BURLINGAME,KS,664
BURLINGHAM,NY,127
BURLINGTON,CO,808
BURLINGTON,CT,060
BURLINGTON,IA,526
BURLINGTON,IL,601
BURLINGTON,IN,469
BURLINGTON,KS,668
BURLINGTON,KY,410
BURLINGTON,MA,017
BURLINGTON,ME,044
BURLINGTON,MI,490
BURLINGTON,NC,272
BURLINGTON,ND,587
BURLINGTON,NJ,080
BURLINGTON,OK,737
BURLINGTON,PA,188
BURLINGTON,VT,054
BURLINGTON,WA,982
BURLINGTON,WI,531
BURLINGTON,WV,267
BURLINGTON,WY,824
BURLINGTON FLATS,NY,133
BURLINGTON JUNCTION,MO,644
BURLISON,TN,380
BURNA,KY,420
BURNET,TX,786
BURNETT,WI,539
BURNETTSVILLE,IN,479
BURNEY,CA,960
BURNEYVILLE,OK,734
BURNHAM,ME,049
BURNHAM,PA,170
BURNIPS,MI,493
BURNS,CO,804
BURNS,KS,668
BURNS,OR,977
BURNS,TN,370
BURNS,WY,820
BURNS FLAT,OK,736
BURNSIDE,IA,505
BURNSIDE,IL,623
BURNSIDE,KY,425
BURNSVILLE,MN,553
BURNSVILLE,MS,388
BURNSVILLE,NC,287
BURNSVILLE,WV,263
BURNT CABINS,PA,172
BURNT HILLS,NY,120
BURNT RANCH,CA,955
BURR,NE,683
BURR OAK,KS,669
BURR OAK,MI,490
BURROWS,IN,469
BURRTON,KS,670
BURSON,CA,952
BURT,IA,505
BURT LAKE,MI,497
BURTON,MI,484
BURTON,OH,440
BURTON,TX,778
BURTONSVILLE,MD,208
BURTRUM,MN,563
BURWELL,NE,688
BUSBY,MT,590
BUSH,LA,704
BUSHKILL,PA,183
BUSHLAND,TX,790
BUSHNELL,FL,335
BUSHNELL,IL,614
BUSHNELL,NE,691
BUSHTON,KS,674
BUSHWOOD,MD,206
BUSSEY,IA,500
BUTLER,AL,369
BUTLER,GA,310
BUTLER,IL,620
BUTLER,IN,467
BUTLER,KY,410
BUTLER,MD,210
BUTLER,MO,647
BUTLER,NJ,074
BUTLER,OH,448
BUTLER,OK,736
BUTLER,PA,160
BUTLER,TN,376
BUTLERVILLE,IN,472
BUTNER,NC,275
BUTTE,MT,597
BUTTE,ND,587
BUTTE,NE,687
BUTTE CITY,CA,959
BUTTE DES MORTS,WI,549
BUTTE FALLS,OR,975
BUTTERFIELD,MN,561
BUTTERFIELD,MO,656
BUTTERNUT,WI,545
BUTTONWILLOW,CA,932
BUXTON,ME,040
BUXTON,NC,279
BUXTON,ND,582
BUZZARDS BAY,MA,025
BYARS,OK,748
BYBEE,TN,377
BYERS,CO,801
BYERS,TX,763
BYESVILLE,OH,437
BYFIELD,MA,019
BYHALIA,MS,386
BYLAS,AZ,855
BYNUM,AL,362
BYNUM,MT,594
BYNUM,TX,766
BYPRO,KY,416
BYRAM,MS,392
BYRDSTOWN,TN,385
BYRNEDALE,PA,158
BYROMVILLE,GA,310
BYRON,CA,945
BYRON,GA,310
BYRON,IL,610
BYRON,MI,484
BYRON,MN,559
BYRON,NE,683
BYRON,NY,144
BYRON,WY,824
BYRON CENTER,MI,493
CABALLO,NM,879
CABAZON,CA,922
CABERY,IL,609
CABIN CREEK,WV,250
CABIN JOHN,MD,208
CABINS,WV,268
CABLE,OH,430
CABLE,WI,548
CABO ROJO,PR,006
CABOOL,MO,656
CABOT,AR,720
CABOT,PA,160
CABOT,VT,056
CACHE,OK,735
CACTUS,TX,790
CADDO,OK,747
CADDO,TX,764
CADDO GAP,AR,719
CADDO MILLS,TX,751
CADE,LA,705
CADES,SC,295
CADET,MO,636
CADILLAC,MI,496
CADIZ,KY,422
CADIZ,OH,439
CADOGAN,PA,162
CADOTT,WI,547
CADWELL,GA,310
CADYVILLE,NY,129
CAGUAS,PR,007
CAHONE,CO,813
CAINSVILLE,MO,646
CAIRNBROOK,PA,159
CAIRO,GA,317
CAIRO,IL,629
CAIRO,MO,652
CAIRO,NE,688
CAIRO,NY,124
CAIRO,OH,458
CAIRO,WV,261
CALABASAS,CA,913
CALAIS,ME,046
CALAIS,VT,056
CALAMUS,IA,527
CALCIUM,NY,136
CALDER,ID,838
CALDWELL,ID,836
CALDWELL,KS,670
CALDWELL,NJ,070
CALDWELL,OH,437
CALDWELL,TX,778
CALDWELL,WV,249
CALE,AR,718
CALEDONIA,MI,493
CALEDONIA,MN,559
CALEDONIA,MO,636
CALEDONIA,MS,397
CALEDONIA,OH,433
CALEDONIA,WI,531
CALERA,AL,350
CALERA,OK,747
CALEXICO,CA,922
CALHAN,CO,808
CALHOUN,GA,307
CALHOUN,IL,624
CALHOUN,KY,423
CALHOUN,LA,712
CALHOUN,MO,653
CALHOUN,TN,373
CALHOUN CITY,MS,389
CALHOUN FALLS,SC,296
CALICO ROCK,AR,725
CALIENTE,CA,935
CALIENTE,NV,890
CALIFON,NJ,078
CALIFORNIA,KY,410
CALIFORNIA,MD,206
CALIFORNIA,MO,650
CALIFORNIA,PA,154
CALIFORNIA CITY,CA,935
CALIFORNIA HOT SPRINGS,CA,932
CALIMESA,CA,923
CALION,AR,717
CALIPATRIA,CA,922
CALISTOGA,CA,945
CALL,TX,759
CALLAHAN,CA,960
CALLAHAN,FL,320
CALLANDS,VA,245
CALLAO,MO,635
CALLAO,VA,224
CALLAWAY,MD,206
CALLAWAY,MN,565
CALLAWAY,NE,688
CALLAWAY,VA,240
CALLENDER,IA,505
CALLERY,PA,160
CALLICOON,NY,127
CALLICOON CENTER,NY,127
CALLIHAM,TX,780
CALMAR,IA,521
CALPELLA,CA,954
CALPINE,CA,961
CALUMET,IA,510
CALUMET,MI,498
CALUMET,MN,557
CALUMET,OK,730
CALUMET CITY,IL,604
CALVARY,GA,317
CALVERT,AL,365
CALVERT,TX,778
CALVERT CITY,KY,420
CALVERTON,NY,119
CALVERTON,VA,201
CALVIN,KY,408
CALVIN,LA,714
CALVIN,OK,745
CALVIN,PA,166
CALVIN,WV,266
CALYPSO,NC,283
CAMAK,GA,308
CAMANCHE,IA,527
CAMARGO,IL,619
CAMARGO,OK,738
CAMARILLO,CA,930
CAMAS,WA,986
CAMAS VALLEY,OR,974
CAMBRA,PA,186
CAMBRIA,CA,934
CAMBRIA,IL,629
CAMBRIA,WI,539
CAMBRIA HEIGHTS,NY,114
CAMBRIDGE,ID,836
CAMBRIDGE,IL,612
CAMBRIDGE,KS,670
CAMBRIDGE,MA,021
CAMBRIDGE,MD,216
CAMBRIDGE,ME,049
CAMBRIDGE,MN,550
CAMBRIDGE,NE,690
CAMBRIDGE,NY,128
CAMBRIDGE,OH,437
CAMBRIDGE,VT,054
CAMBRIDGE,WI,535
CAMBRIDGE CITY,IN,473
CAMBRIDGE SPRINGS,PA,164
CAMBY,IN,461
CAMDEN,AL,364
CAMDEN,AR,717
CAMDEN,IN,469
CAMDEN,ME,048
CAMDEN,MI,492
CAMDEN,MS,390
CAMDEN,NC,279
CAMDEN,NJ,080
CAMDEN,NY,133
CAMDEN,OH,453
CAMDEN,SC,290
CAMDEN,TN,383
CAMDEN,WV,263
CAMDEN POINT,MO,640
CAMDEN WYOMING,DE,199
CAMDENTON,MO,650
CAMERON,AZ,860
CAMERON,LA,706
CAMERON,MO,644
CAMERON,MT,597
CAMERON,NC,283
CAMERON,OH,439
CAMERON,OK,749
CAMERON,SC,290
CAMERON,TX,765
CAMERON,WI,548
CAMERON,WV,260
CAMERON MILLS,NY,148
CAMILLA,GA,317
CAMILLUS,NY,130
CAMINO,CA,957
CAMP,AR,725
CAMP CROOK,SD,577
CAMP DOUGLAS,WI,546
CAMP GROVE,IL,614
CAMP HILL,AL,368
CAMP HILL,PA,170
CAMP LAKE,WI,531
CAMP MEEKER,CA,954
CAMP NELSON,CA,932
CAMP POINT,IL,623
CAMP SHERMAN,OR,977
CAMP VERDE,AZ,863
CAMP WOOD,TX,788
CAMPAIGN,TN,385
CAMPBELL,CA,950
CAMPBELL,MN,565
CAMPBELL,MO,639
CAMPBELL,NE,689
CAMPBELL,NY,148
CAMPBELL,OH,444
CAMPBELL,TX,754
CAMPBELL HALL,NY,109
CAMPBELL HILL,IL,629
CAMPBELLSBURG,IN,471
CAMPBELLSBURG,KY,400
CAMPBELLSPORT,WI,530
CAMPBELLSVILLE,KY,427
CAMPBELLTON,FL,324
CAMPBELLTON,TX,780
CAMPBELLTOWN,PA,170
CAMPO,CA,919
CAMPO,CO,810
CAMPO SECO,CA,952
CAMPOBELLO,SC,293
CAMPTI,LA,714
CAMPTON,KY,413
CAMPTON,NH,032
CAMPTONVILLE,CA,959
CAMPUS,IL,609
CAMUY,PR,006
CANA,VA,243
CANAAN,CT,060
CANAAN,IN,472
CANAAN,ME,049
CANAAN,NH,037
CANAAN,NY,120
CANAAN,VT,059
CANADENSIS,PA,183
CANADIAN,OK,744
CANADIAN,TX,790
CANAJOHARIE,NY,133
CANAL FULTON,OH,446
CANAL POINT,FL,334
CANAL WINCHESTER,OH,431
CANALOU,MO,638
CANANDAIGUA,NY,144
CANASERAGA,NY,148
CANASTOTA,NY,130
CANBY,CA,960
CANBY,MN,562
CANBY,OR,970
CANDIA,NH,030
CANDLER,FL,321
CANDLER,NC,287
CANDO,ND,583
CANDOR,NC,272
CANDOR,NY,137
CANEHILL,AR,727
CANEY,KS,673
CANEY,OK,745
CANEYVILLE,KY,427
CANFIELD,OH,444
CANISTEO,NY,148
CANISTOTA,SD,570
CANJILON,NM,875
CANNEL CITY,KY,414
CANNELTON,IN,475
CANNELTON,WV,250
CANNON,KY,409
CANNON BALL,ND,585
CANNON BEACH,OR,971
CANNON FALLS,MN,550
CANNONSBURG,MI,493
CANNONVILLE,UT,847
CANOGA PARK,CA,913
CANON,GA,305
CANON CITY,CO,812
CANONSBURG,PA,153
CANOVA,SD,573
CANOVANAS,PR,007
CANTERBURY,CT,063
CANTERBURY,NH,032
CANTON,CT,060
CANTON,GA,301
CANTON,IL,615
CANTON,KS,674
CANTON,MA,020
CANTON,ME,042
CANTON,MI,481
CANTON,MN,559
CANTON,MO,634
CANTON,MS,390
CANTON,NC,287
CANTON,NY,136
CANTON,OH,447
CANTON,OK,737
CANTON,PA,177
CANTON,SD,570
CANTON,TX,751
CANTON CENTER,CT,060
CANTONMENT,FL,325
CANTRALL,IL,626
CANTRIL,IA,525
CANTUA CREEK,CA,936
CANTWELL,AK,997
CANUTE,OK,736
CANUTILLO,TX,798
CANVAS,WV,266
CANYON,CA,945
CANYON,TX,790
CANYON CITY,OR,978
CANYON COUNTRY,CA,913
CANYON CREEK,MT,596
CANYON DAM,CA,959
CANYON LAKE,TX,781
CANYONVILLE,OR,974
CAPAC,MI,480
CAPAY,CA,956
CAPE CANAVERAL,FL,329
CAPE CHARLES,VA,233
CAPE CORAL,FL,339
CAPE FAIR,MO,656
CAPE GIRARDEAU,MO,637
CAPE MAY,NJ,082
CAPE MAY COURT HOUSE,NJ,082
CAPE MAY POINT,NJ,082
CAPE NEDDICK,ME,039
CAPE VINCENT,NY,136
CAPEVILLE,VA,233
CAPISTRANO BEACH,CA,926
CAPITAN,NM,883
CAPITOL HEIGHTS,MD,207
CAPITOLA,CA,950
CAPON BRIDGE,WV,267
CAPON SPRINGS,WV,268
CAPROCK,NM,882
CAPRON,IL,610
CAPRON,VA,238
CAPSHAW,AL,357
CAPTAIN COOK,HI,967
CAPTIVA,FL,339
CAPULIN,CO,811
CAPUTA,SD,577
CARBON,IN,478
CARBON,TX,764
CARBON CLIFF,IL,612
CARBON HILL,AL,355
CARBON HILL,OH,431
CARBONADO,WA,983
CARBONDALE,CO,816
CARBONDALE,IL,629
CARBONDALE,KS,664
CARBONDALE,PA,184
CARDALE,PA,154
CARDIFF BY THE SEA,CA,920
CARDIN,OK,743
CARDINGTON,OH,433
CARDWELL,MO,638
CARDWELL,MT,597
CAREFREE,AZ,853
CARENCRO,LA,705
CARET,VA,224
CARETTA,WV,248
CAREY,ID,833
CAREY,OH,433
CARIBOU,ME,047
CARL JUNCTION,MO,648
CARLE PLACE,NY,115
CARLETON,MI,481
CARLETON,NE,683
CARLIN,NV,898
CARLINVILLE,IL,626
CARLISLE,AR,720
CARLISLE,IA,500
CARLISLE,IN,478
CARLISLE,KY,403
CARLISLE,MA,017
CARLISLE,PA,170
CARLISLE,SC,290
CARLOCK,IL,617
CARLOS,MN,563
CARLOTTA,CA,955
CARLSBAD,CA,920
CARLSBAD,NM,882
CARLSBAD,TX,769
CARLSBORG,WA,983
CARLSTADT,NJ,070
CARLTON,AL,365
CARLTON,GA,306
CARLTON,MN,557
CARLTON,OR,971
CARLTON,PA,163
CARLTON,TX,764
CARLTON,WA,988
CARLYLE,IL,622
CARMAN,IL,614
CARMEL,CA,939
CARMEL,IN,460
CARMEL,ME,044
CARMEL,NY,105
CARMEL BY THE SEA,CA,939
CARMEL VALLEY,CA,939
CARMEN,ID,834
CARMI,IL,628
CARMICHAEL,CA,956
CARMICHAELS,PA,153
CARMINE,TX,789
CARNARVON,IA,514
CARNATION,WA,980
CARNEGIE,OK,730
CARNEGIE,PA,151
CARNELIAN BAY,CA,961
CARNESVILLE,GA,305
CARNEY,MI,498
CARNEY,OK,748
CARO,MI,487
CAROGA LAKE,NY,120
CAROL STREAM,IL,601
CAROLEEN,NC,280
CAROLINA,PR,009
CAROLINA,RI,028
CAROLINA,WV,265
CAROLINA BEACH,NC,284
CAROLINE,WI,549
CARP LAKE,MI,497
CARPENTER,SD,573
CARPENTERSVILLE,IL,601
CARPINTERIA,CA,930
CARPIO,ND,587
CARR,CO,806
CARRABELLE,FL,323
CARRBORO,NC,275
CARRIER,OK,737
CARRIER MILLS,IL,629
CARRIERE,MS,394
CARRINGTON,ND,584
CARRIZO SPRINGS,TX,788
CARRIZOZO,NM,883
CARROLL,IA,514
CARROLL,NE,687
CARROLLS,WA,986
CARROLLTON,AL,354
CARROLLTON,GA,301
CARROLLTON,IL,620
CARROLLTON,KY,410
CARROLLTON,MI,487
CARROLLTON,MO,646
CARROLLTON,MS,389
CARROLLTON,OH,446
CARROLLTON,TX,750
CARROLLTON,VA,233
CARROLLTOWN,PA,157
CARRSVILLE,VA,233
CARSON,CA,907
CARSON,IA,515
CARSON,ND,585
CARSON,NM,875
CARSON,VA,238
CARSON,WA,986
CARSON CITY,MI,488
CARSON CITY,NV,897
CARSONVILLE,MI,484
CARTER,MT,594
CARTER,OK,736
CARTER,SD,575
CARTERET,NJ,070
CARTERSVILLE,GA,301
CARTERSVILLE,VA,230
CARTERVILLE,MO,648
CARTHAGE,AR,717
CARTHAGE,IL,623
CARTHAGE,IN,461
CARTHAGE,MO,648
CARTHAGE,MS,390
CARTHAGE,NC,283
CARTHAGE,NY,136
CARTHAGE,SD,573
CARTHAGE,TN,370
CARTHAGE,TX,756
CARTWRIGHT,OK,747
CARUTHERS,CA,936
CARUTHERSVILLE,MO,638
CARVER,MA,023
CARVER,MN,553
CARVERSVILLE,PA,189
CARVILLE,LA,707
CARY,IL,600
CARY,MS,390
CARY,NC,275
CARYVILLE,TN,377
CASA,AR,720
CASA BLANCA,NM,870
CASA GRANDE,AZ,851
CASANOVA,VA,201
CASAR,NC,280
CASCADE,CO,808
CASCADE,IA,520
CASCADE,ID,836
CASCADE,MD,217
CASCADE,MT,594
CASCADE,VA,240
CASCADE,WI,530
CASCADE LOCKS,OR,970
CASCADE SUMMIT,OR,974
CASCILLA,MS,389
CASCO,ME,040
CASCO,WI,542
CASEVILLE,MI,487
CASEY,IA,500
CASEY,IL,624
CASEYVILLE,IL,622
CASH,AR,724
CASHIERS,NC,287
CASHION,AZ,853
CASHION,OK,730
CASHMERE,WA,988
CASHTON,WI,546
CASHTOWN,PA,173
CASMALIA,CA,934
CASNER,IL,625
CASNOVIA,MI,493
CASON,TX,756
CASPER,WY,826
CASPIAN,MI,499
CASS CITY,MI,487
CASS LAKE,MN,566
CASSADAGA,FL,327
CASSADAGA,NY,147
CASSANDRA,PA,159
CASSCOE,AR,720
CASSEL,CA,960
CASSELBERRY,FL,327
CASSELTON,ND,580
CASSODAY,KS,668
CASSOPOLIS,MI,490
CASSTOWN,OH,453
CASSVILLE,GA,301
CASSVILLE,MO,656
CASSVILLE,NY,133
CASSVILLE,PA,166
CASSVILLE,WI,538
CASSVILLE,WV,265
CASTALIA,IA,521
CASTALIA,NC,278
CASTALIA,OH,448
CASTALIAN SPRINGS,TN,370
CASTANA,IA,510
CASTANEA,PA,177
CASTANER,PR,006
CASTELL,TX,768
CASTELLA,CA,960
CASTILE,NY,144
CASTINE,ME,044
CASTLE,OK,748
CASTLE DALE,UT,845
CASTLE HAYNE,NC,284
CASTLE ROCK,CO,801
CASTLE ROCK,WA,986
CASTLEBERRY,AL,364
CASTLEFORD,ID,833
CASTLETON,IL,614
CASTLETON,VT,057
CASTLETON ON HUDSON,NY,120
CASTLEWOOD,SD,572
CASTLEWOOD,VA,242
CASTOR,LA,710
CASTORLAND,NY,136
CASTRO VALLEY,CA,945
CASTROVILLE,CA,950
CASTROVILLE,TX,780
CAT SPRING,TX,789
CATALDO,ID,838
CATALINA,AZ,857
CATANO,PR,009
CATARINA,TX,788
CATAULA,GA,318
CATAUMET,MA,025
CATAWBA,NC,286
CATAWBA,OH,430
CATAWBA,SC,297
CATAWBA,VA,240
CATAWISSA,MO,630
CATAWISSA,PA,178
CATHARPIN,VA,201
CATHEDRAL CITY,CA,922
CATHERINE,AL,367
CATHEYS VALLEY,CA,953
CATHLAMET,WA,986
CATLETTSBURG,KY,411
CATLIN,IL,618
CATO,NY,130
CATONSVILLE,MD,212
CATOOSA,OK,740
CATRON,MO,638
CATSKILL,NY,124
CATTARAUGUS,NY,147
CAULFIELD,MO,656
CAUSEY,NM,881
CAVALIER,ND,582
CAVE CITY,AR,725
CAVE CITY,KY,421
CAVE CREEK,AZ,853
CAVE IN ROCK,IL,629
CAVE JUNCTION,OR,975
CAVE SPRING,GA,301
CAVE SPRINGS,AR,727
CAVENDISH,VT,051
CAVETOWN,MD,217
CAVOUR,SD,573
CAWKER CITY,KS,674
CAWOOD,KY,408
CAYEY,PR,007
CAYUCOS,CA,934
CAYUGA,IN,479
CAYUGA,NY,130
CAYUGA,TX,758
CAYUTA,NY,148
CAZADERO,CA,954
CAZENOVIA,NY,130
CAZENOVIA,WI,539
CEBOLLA,NM,875
CECIL,AR,729
CECIL,GA,316
CECIL,OH,458
CECIL,PA,153
CECIL,WI,541
CECIL FIELD NAS,FL,322
CECILIA,KY,427
CECILIA,LA,705
CECILTON,MD,219
CEDAR,IA,525
CEDAR,KS,676
CEDAR,MI,496
CEDAR,MN,550
CEDAR BLUFF,AL,359
CEDAR BLUFF,VA,246
CEDAR BLUFFS,NE,680
CEDAR BROOK,NJ,080
CEDAR CITY,UT,847
CEDAR CREEK,NE,680
CEDAR CREEK,TX,786
CEDAR CREST,NM,870
CEDAR FALLS,IA,506
CEDAR FALLS,NC,272
CEDAR GLEN,CA,923
CEDAR GROVE,NC,272
CEDAR GROVE,NJ,070
CEDAR GROVE,TN,383
CEDAR GROVE,WI,530
CEDAR GROVE,WV,250
CEDAR HILL,MO,630
CEDAR HILL,TN,370
CEDAR HILL,TX,751
CEDAR ISLAND,NC,285
CEDAR KEY,FL,326
CEDAR KNOLLS,NJ,079
CEDAR LAKE,IN,463
CEDAR LAKE,MI,488
CEDAR LANE,TX,774
CEDAR MOUNTAIN,NC,287
CEDAR PARK,TX,786
CEDAR POINT,IL,613
CEDAR POINT,KS,668
CEDAR RAPIDS,IA,523
CEDAR RAPIDS,NE,686
CEDAR RIDGE,CA,959
CEDAR RIVER,MI,498
CEDAR SPRINGS,GA,317
CEDAR SPRINGS,MI,493
CEDAR VALE,KS,670
CEDAR VALLEY,UT,840
CEDARBLUFF,MS,397
CEDARBURG,WI,530
CEDARCREEK,MO,656
CEDAREDGE,CO,814
CEDARHURST,NY,115
CEDARPINES PARK,CA,923
CEDARTOWN,GA,301
CEDARVILLE,AR,729
CEDARVILLE,CA,961
CEDARVILLE,IL,610
CEDARVILLE,MI,497
CEDARVILLE,OH,453
CEE VEE,TX,792
CEIBA,PR,007
CELESTE,TX,754
CELESTINE,IN,475
CELINA,OH,458
CELINA,TN,385
CELINA,TX,750
CEMENT,OK,730
CENTENARY,SC,295
CENTENNIAL,CO,800
CENTENNIAL,WY,820
CENTER,CO,811
CENTER,KY,422
CENTER,MO,634
CENTER,ND,585
CENTER,NE,687
CENTER,TX,759
CENTER BARNSTEAD,NH,032
CENTER CITY,MN,550
CENTER CONWAY,NH,038
CENTER CROSS,VA,224
CENTER HARBOR,NH,032
CENTER HILL,FL,335
CENTER JUNCTION,IA,522
CENTER LINE,MI,480
CENTER LOVELL,ME,040
CENTER MORICHES,NY,119
CENTER OSSIPEE,NH,038
CENTER POINT,AL,352
CENTER POINT,IA,522
CENTER POINT,LA,713
CENTER POINT,TX,780
CENTER RIDGE,AR,720
CENTER SANDWICH,NH,032
CENTER VALLEY,PA,180
CENTERBROOK,CT,064
CENTERBURG,OH,430
CENTEREACH,NY,117
CENTERPOINT,IN,478
CENTERPORT,NY,117
CENTERPORT,PA,195
CENTERTON,AR,727
CENTERTOWN,KY,423
CENTERTOWN,MO,650
CENTERVIEW,MO,640
CENTERVILLE,AR,728
CENTERVILLE,GA,310
CENTERVILLE,IA,525
CENTERVILLE,IN,473
CENTERVILLE,KS,660
CENTERVILLE,LA,705
CENTERVILLE,MA,026
CENTERVILLE,MO,636
CENTERVILLE,NY,140
CENTERVILLE,PA,164
CENTERVILLE,SD,570
CENTERVILLE,TN,370
CENTERVILLE,TX,758
CENTERVILLE,UT,840
CENTRAL,AK,997
CENTRAL,AZ,855
CENTRAL,SC,296
CENTRAL BRIDGE,NY,120
CENTRAL CITY,CO,804
CENTRAL CITY,IA,522
CENTRAL CITY,KY,423
CENTRAL CITY,NE,688
CENTRAL CITY,PA,159
CENTRAL FALLS,RI,028
CENTRAL ISLIP,NY,117
CENTRAL LAKE,MI,496
CENTRAL POINT,OR,975
CENTRAL SQUARE,NY,130
CENTRAL VALLEY,NY,109
CENTRAL VILLAGE,CT,063
CENTRALIA,IL,628
CENTRALIA,KS,664
CENTRALIA,MO,652
CENTRALIA,PA,179
CENTRALIA,WA,985
CENTRE,AL,359
CENTRE HALL,PA,168
CENTREVILLE,AL,350
CENTREVILLE,MD,216
CENTREVILLE,MI,490
CENTREVILLE,MS,396
CENTREVILLE,VA,201
CENTURY,FL,325
CEREDO,WV,255
CERES,CA,953
CERES,NY,147
CERES,VA,243
CERESCO,MI,490
CERESCO,NE,680
CERRILLOS,NM,870
CERRO,NM,875
CERRO GORDO,IL,618
CERRO GORDO,NC,284
CEYLON,MN,561
CHACON,NM,877
CHADBOURN,NC,284
CHADDS FORD,PA,193
CHADRON,NE,693
CHADWICK,IL,610
CHADWICK,MO,656
CHADWICKS,NY,133
CHAFFEE,MO,637
CHAFFEE,NY,140
CHAGRIN FALLS,OH,440
CHALFONT,PA,189
CHALK HILL,PA,154
CHALKYITSIK,AK,997
CHALLENGE,CA,959
CHALLIS,ID,832
CHALMERS,IN,479
CHALMETTE,LA,700
CHAMA,CO,811
CHAMA,NM,875
CHAMBERINO,NM,880
CHAMBERLAIN,ME,045
CHAMBERLAIN,SD,573
CHAMBERS,AZ,865
CHAMBERS,NE,687
CHAMBERSBURG,PA,172
CHAMISAL,NM,875
CHAMOIS,MO,650
CHAMPAIGN,IL,618
CHAMPION,MI,498
CHAMPION,NE,690
CHAMPION,PA,156
CHAMPLAIN,NY,129
CHAMPLAIN,VA,224
CHAMPLIN,MN,553
CHANA,IL,610
CHANCELLOR,AL,363
CHANCELLOR,SD,570
CHANDLER,AZ,852
CHANDLER,IN,476
CHANDLER,MN,561
CHANDLER,OK,748
CHANDLER,TX,757
CHANDLERS VALLEY,PA,163
CHANDLERSVILLE,OH,437
CHANDLERVILLE,IL,626
CHANHASSEN,MN,553
CHANNAHON,IL,604
CHANNELVIEW,TX,775
CHANNING,MI,498
CHANNING,TX,790
CHANTILLY,VA,201
CHANUTE,KS,667
CHAPEL HILL,NC,275
CHAPEL HILL,TN,370
CHAPIN,IL,626
CHAPIN,SC,290
CHAPLIN,CT,062
CHAPMAN,AL,360
CHAPMAN,KS,674
CHAPMAN,NE,688
CHAPMAN RANCH,TX,783
CHAPMANVILLE,WV,255
CHAPPAQUA,NY,105
CHAPPELL,KY,408
CHAPPELL,NE,691
CHAPPELL HILL,TX,774
CHAPTICO,MD,206
CHARDON,OH,440
CHARENTON,LA,705
CHARITON,IA,500
CHARLEMONT,MA,013
CHARLEROI,PA,150
CHARLES CITY,IA,506
CHARLES CITY,VA,230
CHARLES TOWN,WV,254
CHARLESTON,AR,729
CHARLESTON,IL,619
CHARLESTON,ME,044
CHARLESTON,MO,638
CHARLESTON,MS,389
CHARLESTON,SC,294
CHARLESTON,TN,373
CHARLESTON,WV,250
CHARLESTOWN,IN,471
CHARLESTOWN,MA,021
CHARLESTOWN,MD,219
CHARLESTOWN,NH,036
CHARLESTOWN,RI,028
CHARLEVOIX,MI,497
CHARLO,MT,598
CHARLOTTE,IA,527
CHARLOTTE,MI,488
CHARLOTTE,NC,282
CHARLOTTE,TN,370
CHARLOTTE,TX,780
CHARLOTTE,VT,054
CHARLOTTE COURT HOUSE,VA,239
CHARLOTTE HALL,MD,206
CHARLOTTESVILLE,IN,461
CHARLOTTESVILLE,VA,229
CHARLOTTEVILLE,NY,120
CHARLTON,MA,015
CHARLTON CITY,MA,015
CHARLTON HEIGHTS,WV,250
CHARM,OH,446
CHARMCO,WV,259
CHARTER OAK,IA,514
CHARTLEY,MA,027
CHASE,KS,675
CHASE,LA,713
CHASE,MD,210
CHASE,MI,496
CHASE CITY,VA,239
CHASE MILLS,NY,136
CHASEBURG,WI,546
CHASSELL,MI,499
CHATAIGNIER,LA,705
CHATAWA,MS,396
CHATEAUGAY,NY,129
CHATFIELD,MN,559
CHATFIELD,OH,448
CHATFIELD,TX,751
CHATHAM,IL,626
CHATHAM,LA,712
CHATHAM,MA,026
CHATHAM,MI,498
CHATHAM,MS,387
CHATHAM,NJ,079
CHATHAM,NY,120
CHATHAM,VA,245
CHATOM,AL,365
CHATSWORTH,CA,913
CHATSWORTH,GA,307
CHATSWORTH,IL,609
CHATSWORTH,NJ,080
CHATTAHOOCHEE,FL,323
CHATTANOOGA,TN,374
CHATTAROY,WA,990
CHATTAROY,WV,256
CHAUMONT,NY,136
CHAUNCEY,GA,310
CHAUNCEY,OH,457
CHAUTAUQUA,KS,673
CHAUTAUQUA,NY,147
CHAUVIN,LA,703
CHAVIES,KY,417
CHAZY,NY,129
CHEBANSE,IL,609
CHEBEAGUE ISLAND,ME,040
CHEBOYGAN,MI,497
CHECK,VA,240
CHECOTAH,OK,744
CHEFORNAK,AK,995
CHEHALIS,WA,985
CHELAN FALLS,WA,988
CHELSEA,AL,350
CHELSEA,IA,522
CHELSEA,MA,021
CHELSEA,MI,481
CHELSEA,NY,125
CHELSEA,OK,740
CHELSEA,VT,050
CHELTENHAM,PA,190
CHEMULT,OR,977
CHEMUNG,NY,148
CHENANGO BRIDGE,NY,137
CHENEGA BAY,AK,995
CHENEY,KS,670
CHENEY,WA,990
CHENEYVILLE,LA,713
CHENOA,IL,617
CHEPACHET,RI,028
CHERAW,CO,810
CHERAW,SC,295
CHERITON,VA,233
CHEROKEE,AL,356
CHEROKEE,IA,510
CHEROKEE,KS,667
CHEROKEE,NC,287
CHEROKEE,OK,737
CHEROKEE,TX,768
CHEROKEE VILLAGE,AR,725
CHERRY,IL,613
CHERRY CREEK,NY,147
CHERRY FORK,OH,456
CHERRY HILL,NJ,080
CHERRY PLAIN,NY,120
CHERRY TREE,PA,157
CHERRY VALLEY,AR,723
CHERRY VALLEY,IL,610
CHERRY VALLEY,NY,133
CHERRYFIELD,ME,046
CHERRYVALE,KS,673
CHERRYVILLE,MO,654
CHERRYVILLE,NC,280
CHERRYVILLE,PA,180
CHESANING,MI,486
CHESAPEAKE,OH,456
CHESAPEAKE,VA,233
CHESAPEAKE BEACH,MD,207
CHESAPEAKE CITY,MD,219
CHESHIRE,CT,064
CHESHIRE,MA,012
CHESHIRE,OH,456
CHESHIRE,OR,974
CHESNEE,SC,293
CHEST SPRINGS,PA,166
CHESTER,AR,729
CHESTER,CA,960
CHESTER,CT,064
CHESTER,GA,310
CHESTER,IA,521
CHESTER,ID,834
CHESTER,IL,622
CHESTER,MA,010
CHESTER,MD,216
CHESTER,MT,595
CHESTER,NE,683
CHESTER,NH,030
CHESTER,NJ,079
CHESTER,NY,109
CHESTER,OH,457
CHESTER,PA,190
CHESTER,SC,297
CHESTER,SD,570
CHESTER,TX,759
CHESTER,VA,238
CHESTER,VT,051
CHESTER,WV,260
CHESTER HEIGHTS,PA,190
CHESTER SPRINGS,PA,194
CHESTERFIELD,IL,626
CHESTERFIELD,MA,010
CHESTERFIELD,MO,630
CHESTERFIELD,NH,034
CHESTERFIELD,NJ,085
CHESTERFIELD,SC,297
CHESTERFIELD,VA,238
CHESTERHILL,OH,437
CHESTERLAND,OH,440
CHESTERTON,IN,463
CHESTERTOWN,MD,216
CHESTERTOWN,NY,128
CHESTERVILLE,OH,433
CHESTNUT,IL,625
CHESTNUT HILL,MA,024
CHESTNUT MOUND,TN,385
CHESTNUT MOUNTAIN,GA,305
CHESTNUT RIDGE,PA,154
CHESWICK,PA,150
CHESWOLD,DE,199
CHETEK,WI,547
CHETOPA,KS,673
CHEVAK,AK,995
CHEVY CHASE,MD,208
CHEWALLA,TN,383
CHEWELAH,WA,991
CHEWSVILLE,MD,217
CHEYENNE,OK,736
CHEYENNE,WY,820
CHEYENNE WELLS,CO,808
CHEYNEY,PA,193
CHICAGO,IL,606
CHICAGO HEIGHTS,IL,604
CHICAGO PARK,CA,957
CHICHESTER,NY,124
CHICKAMAUGA,GA,307
CHICKASAW,AL,366
CHICKASAW,OH,458
CHICKASHA,OK,730
CHICKEN,AK,997
CHICO,CA,959
CHICO,TX,764
CHICOPEE,MA,010
CHICORA,PA,160
CHICOTA,TX,754
CHIDESTER,AR,717
CHIEFLAND,FL,326
CHIGNIK,AK,995
CHIGNIK LAGOON,AK,995
CHIGNIK LAKE,AK,995
CHILCOOT,CA,961
CHILDERSBURG,AL,350
CHILDRESS,TX,792
CHILDS,MD,219
CHILHOWEE,MO,647
CHILHOWIE,VA,243
CHILI,WI,544
CHILLICOTHE,IA,525
CHILLICOTHE,IL,615
CHILLICOTHE,MO,646
CHILLICOTHE,OH,456
CHILLICOTHE,TX,792
CHILMARK,MA,025
CHILO,OH,451
CHILOQUIN,OR,976
CHILTON,TX,766
CHILTON,WI,530
CHIMACUM,WA,983
CHIMNEY ROCK,CO,811
CHINA,MI,480
CHINA,TX,776
CHINA GROVE,NC,280
CHINA SPRING,TX,766
CHINA VILLAGE,ME,049
CHINCHILLA,PA,184
CHINCOTEAGUE ISLAND,VA,233
CHINESE CAMP,CA,953
CHINLE,AZ,865
CHINO,CA,917
CHINO HILLS,CA,917
CHINO VALLEY,AZ,863
CHINOOK,MT,595
CHINOOK,WA,986
CHIPLEY,FL,324
CHIPPEWA BAY,NY,136
CHIPPEWA FALLS,WI,547
CHIPPEWA LAKE,MI,493
CHIPPEWA LAKE,OH,442
CHIRENO,TX,759
CHISAGO CITY,MN,550
CHISHOLM,MN,557
CHITINA,AK,995
CHITTENANGO,NY,130
CHITTENDEN,VT,057
CHLOE,WV,252
CHLORIDE,AZ,864
CHOCCOLOCCO,AL,362
CHOCORUA,NH,038
CHOCOWINITY,NC,278
CHOCTAW,AR,720
CHOCTAW,MS,393
CHOCTAW,OK,730
CHOKIO,MN,562
CHOTEAU,MT,594
CHOUDRANT,LA,712
CHOUTEAU,OK,743
CHOWCHILLA,CA,936
CHRIESMAN,TX,778
CHRISMAN,IL,619
CHRISNEY,IN,476
CHRISTIANA,PA,175
CHRISTIANA,TN,370
CHRISTIANSBURG,OH,453
CHRISTIANSBURG,VA,240
CHRISTIANSTED,VI,008
CHRISTINE,ND,580
CHRISTINE,TX,780
CHRISTMAS,FL,327
CHRISTMAS VALLEY,OR,976
CHRISTOPHER,IL,628
CHRISTOVAL,TX,769
CHUALAR,CA,939
CHUCKEY,TN,376
CHUGIAK,AK,995
CHUGWATER,WY,822
CHULA,GA,317
CHULA VISTA,CA,919
CHUNCHULA,AL,365
CHUNKY,MS,393
CHURCH CREEK,MD,216
CHURCH HILL,MD,216
CHURCH HILL,TN,376
CHURCH POINT,LA,705
CHURCH ROAD,VA,238
CHURCH ROCK,NM,873
CHURCH VIEW,VA,230
CHURCHTON,MD,207
CHURCHVILLE,MD,210
CHURCHVILLE,NY,144
CHURCHVILLE,VA,244
CHURDAN,IA,500
CHURUBUSCO,IN,467
CHURUBUSCO,NY,129
CHUUK,FM,969
CIALES,PR,006
CIBECUE,AZ,859
CIBOLO,TX,781
CICERO,IL,608
CICERO,IN,460
CIDRA,PR,007
CIMARRON,CO,812
CIMARRON,KS,678
CIMARRON,NM,877
CINCINNATI,OH,452
CINCINNATUS,NY,130
CINEBAR,WA,985
CINNAMINSON,NJ,080
CIRCLE,AK,997
CIRCLE,MT,592
CIRCLE PINES,MN,550
CIRCLEVILLE,KS,664
CIRCLEVILLE,NY,109
CIRCLEVILLE,OH,431
CIRCLEVILLE,UT,847
CIRCLEVILLE,WV,268
CISCO,GA,307
CISCO,TX,764
CISNE,IL,628
CISSNA PARK,IL,609
CITRA,FL,321
CITRONELLE,AL,365
CITRUS HEIGHTS,CA,956
CITY OF INDUSTRY,CA,917
CLACKAMAS,OR,970
CLAFLIN,KS,675
CLAIRE CITY,SD,572
CLAIRFIELD,TN,377
CLAIRTON,PA,150
CLALLAM BAY,WA,983
CLAM GULCH,AK,995
CLAM LAKE,WI,545
CLANCY,MT,596
CLANTON,AL,350
CLARA,MS,393
CLARA CITY,MN,562
CLARCONA,FL,327
CLARE,IA,505
CLARE,IL,601
CLARE,MI,486
CLAREMONT,CA,917
CLAREMONT,IL,624
CLAREMONT,MN,559
CLAREMONT,NC,286
CLAREMONT,NH,037
CLAREMONT,VA,238
CLAREMORE,OK,740
CLARENCE,IA,522
CLARENCE,LA,714
CLARENCE,MO,634
CLARENCE,NY,140
CLARENCE,PA,168
CLARENDON,AR,720
CLARENDON,NC,284
CLARENDON,NY,144
CLARENDON,PA,163
CLARENDON,TX,792
CLARENDON HILLS,IL,605
CLARIDGE,PA,156
CLARINDA,IA,516
CLARINGTON,OH,439
CLARION,IA,505
CLARION,PA,162
CLARISSA,MN,564
CLARITA,OK,745
CLARK,CO,804
CLARK,MO,652
CLARK,NJ,070
CLARK,PA,161
CLARK,SD,572
CLARK FORK,ID,838
CLARK MILLS,NY,133
CLARKDALE,AZ,863
CLARKDALE,GA,301
CLARKEDALE,AR,723
CLARKESVILLE,GA,305
CLARKFIELD,MN,562
CLARKIA,ID,838
CLARKLAKE,MI,492
CLARKRANGE,TN,385
CLARKRIDGE,AR,726
CLARKS,LA,714
CLARKS,NE,686
CLARKS GROVE,MN,560
CLARKS HILL,IN,479
CLARKS HILL,SC,298
CLARKS MILLS,PA,161
CLARKS POINT,AK,995
CLARKS SUMMIT,PA,184
CLARKSBORO,NJ,080
CLARKSBURG,CA,956
CLARKSBURG,IN,472
CLARKSBURG,MD,208
CLARKSBURG,NJ,085
CLARKSBURG,OH,431
CLARKSBURG,PA,157
CLARKSBURG,TN,383
CLARKSBURG,WV,263
CLARKSDALE,MO,644
CLARKSDALE,MS,386
CLARKSON,KY,427
CLARKSON,NE,686
CLARKSON,NY,144
CLARKSTON,GA,300
CLARKSTON,MI,483
CLARKSTON,UT,843
CLARKSTON,WA,994
CLARKSVILLE,AR,728
CLARKSVILLE,FL,324
CLARKSVILLE,IA,506
CLARKSVILLE,IN,471
CLARKSVILLE,MD,210
CLARKSVILLE,MI,488
CLARKSVILLE,MO,633
CLARKSVILLE,NY,120
CLARKSVILLE,OH,451
CLARKSVILLE,PA,153
CLARKSVILLE,TN,370
CLARKSVILLE,TX,754
CLARKSVILLE,VA,239
CLARKTON,MO,638
CLARKTON,NC,284
CLARYVILLE,NY,127
CLATONIA,NE,683
CLATSKANIE,OR,970
CLAUDE,TX,790
CLAUDVILLE,VA,240
CLAUNCH,NM,870
CLAVERACK,NY,125
CLAWSON,MI,480
CLAXTON,GA,304
CLAY,AL,350
CLAY,KY,424
CLAY,NY,130
CLAY,WV,250
CLAY CENTER,KS,674
CLAY CENTER,NE,689
CLAY CENTER,OH,434
CLAY CITY,IN,478
CLAY CITY,KY,403
CLAY SPRINGS,AZ,859
CLAYMONT,DE,197
CLAYPOOL,AZ,855
CLAYPOOL,IN,465
CLAYSBURG,PA,166
CLAYSVILLE,PA,153
CLAYTON,AL,360
CLAYTON,CA,945
CLAYTON,DE,199
CLAYTON,GA,305
CLAYTON,ID,832
CLAYTON,IN,461
CLAYTON,LA,713
CLAYTON,MI,492
CLAYTON,NC,275
CLAYTON,NJ,083
CLAYTON,NM,884
CLAYTON,NY,136
CLAYTON,OH,453
CLAYTON,OK,745
CLAYTON,TX,756
CLAYTON,WA,991
CLAYTON,WI,540
CLAYTONVILLE,IL,609
CLAYVILLE,NY,133
CLAYVILLE,RI,028
CLE ELUM,WA,989
CLEAR,AK,997
CLEAR BROOK,VA,226
CLEAR CREEK,WV,250
CLEAR FORK,WV,248
CLEAR LAKE,IA,504
CLEAR LAKE,MN,553
CLEAR LAKE,SD,572
CLEAR LAKE,WI,540
CLEAR SPRING,MD,217
CLEARBROOK,MN,566
CLEARFIELD,IA,508
CLEARFIELD,KY,403
CLEARFIELD,PA,168
CLEARFIELD,UT,840
CLEARLAKE,CA,954
CLEARLAKE,WA,982
CLEARLAKE OAKS,CA,954
CLEARLAKE PARK,CA,954
CLEARMONT,MO,644
CLEARMONT,WY,828
CLEARVIEW CITY,KS,660
CLEARVILLE,PA,155
CLEARWATER,FL,337
CLEARWATER,KS,670
CLEARWATER,MN,553
CLEARWATER,NE,687
CLEARWATER,SC,298
CLEATON,KY,423
CLEBURNE,TX,760
CLEGHORN,IA,510
CLEMENTON,NJ,080
CLEMENTS,CA,952
CLEMENTS,MD,206
CLEMMONS,NC,270
CLEMONS,NY,128
CLEMSON,SC,296
CLENDENIN,WV,250
CLEONA,PA,170
CLERMONT,FL,347
CLERMONT,GA,305
CLERMONT,IA,521
CLEVELAND,AL,350
CLEVELAND,AR,720
CLEVELAND,GA,305
CLEVELAND,MN,560
CLEVELAND,MO,647
CLEVELAND,MS,387
CLEVELAND,NC,270
CLEVELAND,ND,584
CLEVELAND,NM,877
CLEVELAND,NY,130
CLEVELAND,OH,441
CLEVELAND,OK,740
CLEVELAND,SC,296
CLEVELAND,TN,373
CLEVELAND,TX,773
CLEVELAND,UT,845
CLEVELAND,VA,242
CLEVELAND,WI,530
CLEVELAND HEIGHTS,OH,441
CLEVER,MO,656
CLEVERDALE,NY,128
CLEVES,OH,450
CLEWISTON,FL,334
CLIFF,NM,880
CLIFF ISLAND,ME,040
CLIFFORD,IN,472
CLIFFORD,MI,487
CLIFFORD,ND,580
CLIFFORD,PA,184
CLIFFORD,VA,245
CLIFFSIDE,NC,280
CLIFFSIDE PARK,NJ,070
CLIFFWOOD,NJ,077
CLIFTON,AZ,855
CLIFTON,CO,815
CLIFTON,ID,832
CLIFTON,IL,609
CLIFTON,KS,669
CLIFTON,NJ,070
CLIFTON,OH,453
CLIFTON,SC,293
CLIFTON,TN,384
CLIFTON,TX,766
CLIFTON FORGE,VA,244
CLIFTON HEIGHTS,PA,190
CLIFTON HILL,MO,652
CLIFTON SPRINGS,NY,144
CLIFTY,KY,422
CLIMAX,GA,317
CLIMAX,MI,490
CLIMAX,MN,565
CLIMAX,NC,272
CLIMAX SPRINGS,MO,653
CLINCHCO,VA,242
CLINCHFIELD,GA,310
CLINES CORNERS,NM,870
CLINT,TX,798
CLINTON,AL,354
CLINTON,AR,720
CLINTON,CT,064
CLINTON,IA,527
CLINTON,IL,617
CLINTON,IN,478
CLINTON,KY,420
CLINTON,LA,707
CLINTON,MA,015
CLINTON,MD,207
CLINTON,ME,049
CLINTON,MI,492
CLINTON,MN,562
CLINTON,MO,647
CLINTON,MS,390
CLINTON,MT,598
CLINTON,NC,283
CLINTON,NJ,088
CLINTON,NY,133
CLINTON,OH,442
CLINTON,OK,736
CLINTON,PA,150
CLINTON,SC,293
CLINTON,TN,377
CLINTON,WA,982
CLINTON CORNERS,NY,125
CLINTONDALE,NY,125
CLINTONVILLE,PA,163
CLINTONVILLE,WI,549
CLINTWOOD,VA,242
CLIO,AL,360
CLIO,CA,961
CLIO,MI,484
CLIO,SC,295
CLIPPER MILLS,CA,959
CLITHERALL,MN,565
CLIVE,IA,502
CLOCKVILLE,NY,130
CLONTARF,MN,562
CLOQUET,MN,557
CLOSPLINT,KY,408
CLOSTER,NJ,076
CLOTHIER,WV,250
CLOUDCROFT,NM,883
CLOUTIERVILLE,LA,714
CLOVER,SC,297
CLOVER,VA,245
CLOVERDALE,AL,356
CLOVERDALE,CA,954
CLOVERDALE,IN,461
CLOVERDALE,MI,490
CLOVERDALE,OH,458
CLOVERDALE,OR,971
CLOVERDALE,VA,240
CLOVERPORT,KY,401
CLOVIS,CA,936
CLOVIS,NM,881
CLUNE,PA,157
CLUSTER SPRINGS,VA,245
CLUTE,TX,775
CLYDE,KS,669
CLYDE,MO,644
CLYDE,NC,287
CLYDE,NY,144
CLYDE,OH,434
CLYDE,TX,795
CLYDE PARK,MT,590
CLYMAN,WI,530
CLYMER,NY,147
CLYMER,PA,157
CLYO,GA,313
COACHELLA,CA,922
COAHOMA,MS,386
COAHOMA,TX,795
COAL CENTER,PA,154
COAL CITY,IL,604
COAL CITY,IN,474
COAL CITY,WV,258
COAL CREEK,CO,812
COAL HILL,AR,728
COAL MOUNTAIN,WV,248
COAL VALLEY,IL,612
COALDALE,CO,812
COALDALE,PA,182
COALFIELD,TN,377
COALGATE,OK,745
COALGOOD,KY,408
COALING,AL,354
COALINGA,CA,932
COALMONT,IN,478
COALMONT,TN,373
COALPORT,PA,166
COALTON,OH,456
COALTON,WV,262
COALVILLE,UT,840
COALWOOD,WV,248
COAMO,PR,007
COARSEGOLD,CA,936
COATESVILLE,IN,461
COATESVILLE,PA,193
COATS,NC,275
COBALT,CT,064
COBB,CA,954
COBB,GA,317
COBB,WI,535
COBB ISLAND,MD,206
COBBS CREEK,VA,230
COBBTOWN,GA,304
COBDEN,IL,629
COBLESKILL,NY,120
COBURN,PA,168
COCHECTON CENTER,NY,127
COCHISE,AZ,856
COCHITI PUEBLO,NM,870
COCHRAN,GA,310
COCHRANE,WI,546
COCHRANTON,PA,163
COCHRANVILLE,PA,193
COCKEYSVILLE,MD,210
COCOA,FL,329
COCOA BEACH,FL,329
COCOLALLA,ID,838
COCONUT CREEK,FL,330
CODEN,AL,365
CODORUS,PA,173
CODY,NE,692
CODY,WY,824
COEBURN,VA,242
COELLO,IL,628
COEUR D ALENE,ID,838
COEYMANS,NY,120
COEYMANS HOLLOW,NY,120
COFFEE CREEK,MT,594
COFFEE SPRINGS,AL,363
COFFEEN,IL,620
COFFEEVILLE,AL,365
COFFEEVILLE,MS,389
COFFEY,MO,646
COFFEYVILLE,KS,673
COFFMAN COVE,AK,999
COFIELD,NC,279
COGAN STATION,PA,177
COGGON,IA,522
COGSWELL,ND,580
COHAGEN,MT,593
COHASSET,MA,020
COHASSET,MN,557
COHOCTAH,MI,488
COHOCTON,NY,148
COHOES,NY,120
COHUTTA,GA,307
COILA,MS,389
COIN,IA,516
COINJOCK,NC,279
COKATO,MN,553
COKEBURG,PA,153
COKER,AL,354
COKEVILLE,WY,831
COLBERT,OK,747
COLBERT,WA,990
COLBY,KS,677
COLBY,WI,544
COLCHESTER,CT,064
COLCHESTER,IL,623
COLCHESTER,VT,054
COLCORD,OK,743
COLD BAY,AK,995
COLD BROOK,NY,133
COLD SPRING,MN,563
COLD SPRING,NY,105
COLD SPRING HARBOR,NY,117
COLDEN,NY,140
COLDIRON,KY,408
COLDSPRING,TX,773
COLDWATER,KS,670
COLDWATER,MI,490
COLDWATER,MS,386
COLDWATER,OH,458
COLE CAMP,MO,653
COLEBROOK,CT,060
COLEBROOK,NH,035
COLEHARBOR,ND,585
COLEMAN,FL,335
COLEMAN,GA,317
COLEMAN,MI,486
COLEMAN,OK,734
COLEMAN,TX,768
COLEMAN,WI,541
COLEMAN FALLS,VA,245
COLERAIN,NC,279
COLERAIN,OH,439
COLERAINE,MN,557
COLERIDGE,NE,687
COLESBURG,IA,520
COLEVILLE,CA,961
COLFAX,CA,957
COLFAX,IA,500
COLFAX,IL,617
COLFAX,IN,460
COLFAX,LA,714
COLFAX,NC,272
COLFAX,ND,580
COLFAX,WA,991
COLFAX,WI,547
COLFAX,WV,265
COLGATE,WI,530
COLLBRAN,CO,816
COLLEGE CORNER,OH,450
COLLEGE OF WILLI,VA,231
COLLEGE PARK,MD,207
COLLEGE PLACE,WA,993
COLLEGE POINT,NY,113
COLLEGE SPRINGS,IA,516
COLLEGE STATION,AR,720
COLLEGE STATION,TX,778
COLLEGEDALE,TN,373
COLLEGEPORT,TX,774
COLLEGEVILLE,MN,563
COLLEGEVILLE,PA,194
COLLETTSVILLE,NC,286
COLLEYVILLE,TX,760
COLLIERS,WV,260
COLLIERSVILLE,NY,137
COLLIERVILLE,TN,380
COLLINS,GA,304
COLLINS,IA,500
COLLINS,MO,647
COLLINS,MS,394
COLLINS,NY,140
COLLINS,OH,448
COLLINS,WI,542
COLLINS CENTER,NY,140
COLLINSVILLE,AL,359
COLLINSVILLE,CT,060
COLLINSVILLE,IL,622
COLLINSVILLE,MS,393
COLLINSVILLE,OK,740
COLLINSVILLE,TX,762
COLLINSVILLE,VA,240
COLLINWOOD,TN,384
COLLISON,IL,618
COLLYER,KS,676
COLMAN,SD,570
COLMAR,PA,189
COLMESNEIL,TX,759
COLO,IA,500
COLOGNE,MN,553
COLOGNE,NJ,082
COLOMA,CA,956
COLOMA,MI,490
COLOMA,WI,549
COLOME,SD,575
COLON,MI,490
COLON,NE,680
COLONA,IL,612
COLONIA,NJ,070
COLONIAL BEACH,VA,224
COLONIAL HEIGHTS,VA,238
COLONY,KS,660
COLONY,OK,730
COLORA,MD,219
COLORADO CITY,AZ,847
COLORADO CITY,CO,810
COLORADO CITY,TX,795
COLORADO SPRINGS,CO,809
COLP,IL,629
COLQUITT,GA,317
COLRAIN,MA,013
COLSTRIP,MT,593
COLT,AR,723
COLTON,CA,923
COLTON,NY,136
COLTON,OH,435
COLTON,OR,970
COLTON,SD,570
COLTON,WA,991
COLTONS POINT,MD,206
COLTS NECK,NJ,077
COLUMBIA,AL,363
COLUMBIA,CA,953
COLUMBIA,CT,062
COLUMBIA,IL,622
COLUMBIA,KY,427
COLUMBIA,LA,714
COLUMBIA,MD,210
COLUMBIA,MO,652
COLUMBIA,MS,394
COLUMBIA,NC,279
COLUMBIA,NJ,078
COLUMBIA,PA,175
COLUMBIA,SC,292
COLUMBIA,SD,574
COLUMBIA,TN,384
COLUMBIA,VA,230
COLUMBIA CITY,IN,467
COLUMBIA CITY,OR,970
COLUMBIA CROSS ROADS,PA,169
COLUMBIA FALLS,ME,046
COLUMBIA FALLS,MT,599
COLUMBIA STATION,OH,440
COLUMBIANA,AL,350
COLUMBIANA,OH,444
COLUMBIAVILLE,MI,484
COLUMBIAVILLE,NY,120
COLUMBUS,AR,718
COLUMBUS,GA,318
COLUMBUS,IN,472
COLUMBUS,KS,667
COLUMBUS,KY,420
COLUMBUS,MS,397
COLUMBUS,MT,590
COLUMBUS,NC,287
COLUMBUS,ND,587
COLUMBUS,NE,686
COLUMBUS,NM,880
COLUMBUS,OH,430
COLUMBUS,PA,164
COLUMBUS,TX,789
COLUMBUS,WI,539
COLUMBUS GROVE,OH,458
COLUMBUS JUNCTION,IA,527
COLUSA,CA,959
COLVER,PA,159
COLVILLE,WA,991
COLWICH,KS,670
COMANCHE,OK,735
COMANCHE,TX,764
COMBES,TX,785
COMBINED LOCKS,WI,541
COMBS,AR,727
COMERIO,PR,007
COMFORT,NC,285
COMFORT,TX,780
COMFORT,WV,250
COMFREY,MN,560
COMINS,MI,486
COMMACK,NY,117
COMMERCE,CA,900
COMMERCE,GA,305
COMMERCE,MO,637
COMMERCE,OK,743
COMMERCE,TX,754
COMMERCE CITY,CO,800
COMMISKEY,IN,472
COMMODORE,PA,157
COMO,CO,804
COMO,MS,386
COMO,NC,278
COMO,TN,382
COMO,TX,754
COMPTCHE,CA,954
COMPTON,AR,726
COMPTON,CA,902
COMPTON,IL,613
COMPTON,MD,206
COMSTOCK,MI,490
COMSTOCK,MN,565
COMSTOCK,NE,688
COMSTOCK,NY,128
COMSTOCK,TX,788
COMSTOCK PARK,MI,493
CONCAN,TX,788
CONCEPCION,TX,783
CONCEPTION,MO,644
CONCEPTION JUNCTION,MO,644
CONCHAS DAM,NM,884
CONCHO,AZ,859
CONCHO,OK,730
CONCONULLY,WA,988
CONCORD,AR,725
CONCORD,CA,945
CONCORD,GA,302
CONCORD,MA,017
CONCORD,NC,280
CONCORD,NE,687
CONCORD,NH,033
CONCORD,VA,245
CONCORD,VT,058
CONCORDIA,KS,669
CONCORDIA,MO,640
CONCRETE,WA,982
CONDE,SD,574
CONDON,MT,598
CONDON,OR,978
CONEHATTA,MS,390
CONEJOS,CO,811
CONESTEE,SC,296
CONESTOGA,PA,175
CONESUS,NY,144
CONESVILLE,IA,527
CONESVILLE,OH,438
CONETOE,NC,278
CONEWANGO VALLEY,NY,147
CONFLUENCE,KY,417
CONFLUENCE,PA,154
CONGER,MN,560
CONGERS,NY,109
CONGERVILLE,IL,617
CONGRESS,AZ,853
CONIFER,CO,804
CONKLIN,MI,494
CONLEY,GA,302
CONNEAUT,OH,440
CONNEAUT LAKE,PA,163
CONNEAUTVILLE,PA,164
CONNELL,WA,993
CONNELLSVILLE,PA,154
CONNELLY,NY,124
CONNELLY SPRINGS,NC,286
CONNER,MT,598
CONNERSVILLE,IN,473
CONNERVILLE,OK,748
CONNOQUENESSING,PA,160
CONOVER,NC,286
CONOVER,WI,545
CONOWINGO,MD,219
CONRAD,IA,506
CONRAD,MT,594
CONRATH,WI,547
CONROE,TX,773
CONROY,IA,522
CONSHOHOCKEN,PA,194
CONSTABLE,NY,129
CONSTABLEVILLE,NY,133
CONSTANTIA,NY,130
CONSTANTINE,MI,490
CONTINENTAL,OH,458
CONTINENTAL DIVIDE,NM,873
CONTOOCOOK,NH,032
CONVENT,LA,707
CONVENT STATION,NJ,079
CONVERSE,IN,469
CONVERSE,LA,714
CONVERSE,SC,293
CONVERSE,TX,781
CONVOY,OH,458
CONWAY,AR,720
CONWAY,MA,013
CONWAY,MI,497
CONWAY,MO,656
CONWAY,NC,278
CONWAY,NH,038
CONWAY,PA,150
CONWAY,SC,295
CONWAY,WA,982
CONWAY SPRINGS,KS,670
CONYERS,GA,300
CONYNGHAM,PA,182
COOK,MN,557
COOK,NE,683
COOK SPRINGS,AL,350
COOKE CITY,MT,590
COOKEVILLE,TN,385
COOKS,MI,498
COOKSBURG,PA,162
COOKSON,OK,744
COOKSTOWN,NJ,085
COOKSVILLE,IL,617
COOKVILLE,TX,755
COOL,CA,956
COOL RIDGE,WV,258
COOLEEMEE,NC,270
COOLIDGE,AZ,851
COOLIDGE,GA,317
COOLIDGE,KS,678
COOLIDGE,TX,766
COOLIN,ID,838
COOLVILLE,OH,457
COON RAPIDS,IA,500
COON VALLEY,WI,546
COOPER,TX,754
COOPER LANDING,AK,995
COOPERS MILLS,ME,043
COOPERS PLAINS,NY,148
COOPERSBURG,PA,180
COOPERSTOWN,ND,584
COOPERSTOWN,NY,133
COOPERSTOWN,PA,163
COOPERSVILLE,MI,494
COOS BAY,OR,974
COOSA,GA,301
COOSADA,AL,360
COOTER,MO,638
COPAKE,NY,125
COPAKE FALLS,NY,125
COPALIS BEACH,WA,985
COPALIS CROSSING,WA,985
COPAN,OK,740
COPE,CO,808
COPELAND,KS,678
COPEMISH,MI,496
COPENHAGEN,NY,136
COPEVILLE,TX,751
COPIAGUE,NY,117
COPLAY,PA,180
COPLEY,OH,443
COPPELL,TX,750
COPPER CENTER,AK,995
COPPER CITY,MI,499
COPPER HARBOR,MI,499
COPPER HILL,VA,240
COPPERAS COVE,TX,765
COPPERHILL,TN,373
COPPEROPOLIS,CA,952
COQUILLE,OR,974
CORA,WY,829
CORAL,MI,493
CORAL GABLES,FL,331
CORAL SPRINGS,FL,330
CORALVILLE,IA,522
CORAM,MT,599
CORAM,NY,117
CORAOPOLIS,PA,151
CORAPEAKE,NC,279
CORBETT,OR,970
CORBETTSVILLE,NY,137
CORBIN,KY,407
CORBIN,VA,224
CORCORAN,CA,932
CORD,AR,725
CORDELE,GA,310
CORDELL,OK,736
CORDESVILLE,SC,294
CORDOVA,AL,355
CORDOVA,IL,612
CORDOVA,MD,216
CORDOVA,NC,283
CORDOVA,NE,683
CORDOVA,NM,875
CORDOVA,SC,290
CORDOVA,TN,380
CORE,WV,265
COREA,ME,046
CORFU,NY,140
CORINNA,ME,049
CORINNE,UT,843
CORINNE,WV,258
CORINTH,KY,410
CORINTH,ME,044
CORINTH,MS,388
CORINTH,NY,128
CORINTH,VT,050
CORN,OK,730
CORNELIA,GA,305
CORNELIUS,NC,280
CORNELIUS,OR,971
CORNELL,IL,613
CORNELL,MI,498
CORNELL,WI,547
CORNERSVILLE,TN,370
CORNETTSVILLE,KY,417
CORNING,AR,724
CORNING,CA,960
CORNING,IA,508
CORNING,NY,148
CORNING,OH,437
CORNISH,ME,040
CORNISH FLAT,NH,037
CORNLAND,IL,625
CORNVILLE,AZ,863
CORNWALL,CT,067
CORNWALL,NY,125
CORNWALL,PA,170
CORNWALL BRIDGE,CT,067
CORNWALL ON HUDSON,NY,125
CORNWALLVILLE,NY,124
COROLLA,NC,279
CORONA,CA,917
CORONA,NM,883
CORONA,NY,113
CORONA,SD,572
CORONA DEL MAR,CA,926
CORONADO,CA,921
COROZAL,PR,007
CORPUS CHRISTI,TX,784
CORRALES,NM,870
CORRECTIONVILLE,IA,510
CORRIGAN,TX,759
CORRIGANVILLE,MD,215
CORRY,PA,164
CORRYTON,TN,377
CORSICA,PA,158
CORSICA,SD,573
CORSICANA,TX,751
CORTARO,AZ,856
CORTE MADERA,CA,949
CORTEZ,CO,813
CORTEZ,FL,342
CORTLAND,IL,601
CORTLAND,IN,472
CORTLAND,NE,683
CORTLAND,NY,130
CORTLAND,OH,444
CORUNNA,IN,467
CORUNNA,MI,488
CORVALLIS,MT,598
CORVALLIS,OR,973
CORWITH,IA,504
CORY,IN,478
CORYDON,IA,500
CORYDON,IN,471
CORYDON,KY,424
COS COB,CT,068
COSBY,TN,377
COSHOCTON,OH,438
COSMOPOLIS,WA,985
COSMOS,MN,562
COSSAYUNA,NY,128
COST,TX,786
COSTA,WV,250
COSTA MESA,CA,926
COSTIGAN,ME,044
COSTILLA,NM,875
COTATI,CA,949
COTO LAUREL,PR,007
COTOPAXI,CO,812
COTTAGE GROVE,MN,550
COTTAGE GROVE,OR,974
COTTAGE GROVE,TN,382
COTTAGE GROVE,WI,535
COTTAGE HILLS,IL,620
COTTAGEVILLE,SC,294
COTTAGEVILLE,WV,252
COTTEKILL,NY,124
COTTER,AR,726
COTTLEVILLE,MO,633
COTTON,MN,557
COTTON CENTER,TX,790
COTTON PLANT,AR,720
COTTON VALLEY,LA,710
COTTONDALE,AL,354
COTTONDALE,FL,324
COTTONPORT,LA,713
COTTONTON,AL,368
COTTONTOWN,TN,370
COTTONWOOD,AL,363
COTTONWOOD,AZ,863
COTTONWOOD,CA,960
COTTONWOOD,ID,835
COTTONWOOD,MN,562
COTTONWOOD FALLS,KS,668
COTUIT,MA,026
COTULLA,TX,780
COUDERAY,WI,548
COUDERSPORT,PA,169
COUGAR,WA,986
COULEE CITY,WA,991
COULEE DAM,WA,991
COULTER,IA,504
COULTERS,PA,150
COULTERVILLE,CA,953
COULTERVILLE,IL,622
COUNCE,TN,383
COUNCIL,ID,836
COUNCIL,NC,284
COUNCIL BLUFFS,IA,515
COUNCIL GROVE,KS,668
COUNTRY CLUB HILLS,IL,604
COUNTYLINE,OK,734
COUPEVILLE,WA,982
COUPLAND,TX,786
COURTLAND,AL,356
COURTLAND,CA,956
COURTLAND,KS,669
COURTLAND,MN,560
COURTLAND,MS,386
COURTLAND,VA,238
COUSHATTA,LA,710
COVE,AR,719
COVE,OR,978
COVE CITY,NC,285
COVEL,WV,247
COVELO,CA,954
COVENTRY,CT,062
COVENTRY,RI,028
COVENTRY,VT,058
COVENTRY TOWNSHIP,OH,443
COVERT,MI,490
COVINA,CA,917
COVINGTON,GA,300
COVINGTON,IN,479
COVINGTON,KY,410
COVINGTON,LA,704
COVINGTON,MI,499
COVINGTON,OH,453
COVINGTON,OK,737
COVINGTON,PA,169
COVINGTON,TN,380
COVINGTON,TX,766
COVINGTON,VA,244
COVINGTON,WA,980
COWAN,TN,373
COWANESQUE,PA,169
COWANSVILLE,PA,162
COWARD,SC,295
COWARTS,AL,363
COWDEN,IL,624
COWDREY,CO,804
COWEN,WV,262
COWETA,OK,744
COWICHE,WA,989
COWLEY,WY,824
COWPENS,SC,293
COXS CREEK,KY,400
COXSACKIE,NY,120
COY,AR,720
COYANOSA,TX,797
COYLE,OK,730
COYOTE,CA,950
COYOTE,NM,870
COZAD,NE,691
CRAB ORCHARD,KY,404
CRAB ORCHARD,TN,377
CRAB ORCHARD,WV,258
CRABTREE,OR,973
CRABTREE,PA,156
CRADDOCKVILLE,VA,233
CRAFTSBURY,VT,058
CRAGFORD,AL,362
CRAGSMOOR,NY,124
CRAIG,AK,999
CRAIG,CO,816
CRAIG,MO,644
CRAIG,NE,680
CRAIGMONT,ID,835
CRAIGSVILLE,VA,244
CRAIGSVILLE,WV,262
CRAIGVILLE,IN,467
CRALEY,PA,173
CRANBERRY ISLES,ME,046
CRANBERRY LAKE,NY,129
CRANBERRY TOWNSHIP,PA,160
CRANBURY,NJ,085
CRANDALL,GA,307
CRANDALL,IN,471
CRANDALL,TX,751
CRANDON,WI,545
CRANE,IN,475
CRANE,MO,656
CRANE,MT,592
CRANE,OR,977
CRANE,TX,797
CRANE HILL,AL,350
CRANE LAKE,MN,557
CRANFILLS GAP,TX,766
CRANFORD,NJ,070
CRANKS,KY,408
CRANSTON,RI,029
CRARYVILLE,NY,125
CRAWFORD,CO,814
CRAWFORD,MS,397
CRAWFORD,NE,693
CRAWFORD,TN,385
CRAWFORD,TX,766
CRAWFORDSVILLE,AR,723
CRAWFORDSVILLE,IA,526
CRAWFORDSVILLE,IN,479
CRAWFORDSVILLE,OR,973
CRAWFORDVILLE,FL,323
CRAWFORDVILLE,GA,306
CRAWLEY,WV,249
CRAYNE,KY,420
CREAL SPRINGS,IL,629
CREAM RIDGE,NJ,085
CREAMERY,PA,194
CREEDE,CO,811
CREEDMOOR,NC,275
CREEKSIDE,PA,157
CREIGHTON,MO,647
CREIGHTON,NE,687
CREIGHTON,PA,150
CREIGHTON,SD,577
CRENSHAW,MS,386
CREOLA,AL,365
CRESBARD,SD,574
CRESCENT,GA,313
CRESCENT,IA,515
CRESCENT,OK,730
CRESCENT,OR,977
CRESCENT CITY,CA,955
CRESCENT CITY,FL,321
CRESCENT CITY,IL,609
CRESCENT MILLS,CA,959
CRESCO,IA,521
CRESCO,PA,183
CRESSEY,CA,953
CRESSKILL,NJ,076
CRESSON,PA,166
CRESSON,TX,760
CRESSONA,PA,179
CRESTED BUTTE,CO,812
CRESTLINE,CA,923
CRESTLINE,KS,667
CRESTLINE,OH,448
CRESTON,CA,934
CRESTON,IA,508
CRESTON,IL,601
CRESTON,NC,286
CRESTON,NE,686
CRESTON,OH,442
CRESTON,WA,991
CRESTONE,CO,811
CRESTVIEW,FL,325
CRESTWOOD,KY,400
CRESWELL,NC,279
CRESWELL,OR,974
CRETE,IL,604
CRETE,NE,683
CREWE,VA,239
CRIDERSVILLE,OH,458
CRIMORA,VA,244
CRIPPLE CREEK,CO,808
CRISFIELD,MD,218
CRITTENDEN,KY,410
CRITZ,VA,240
CRIVITZ,WI,541
CROCKER,MO,654
CROCKETT,CA,945
CROCKETT,KY,414
CROCKETT,TX,758
CROCKETT,VA,243
CROCKETT MILLS,TN,380
CROCKETTS BLUFF,AR,720
CROFTON,KY,422
CROFTON,MD,211
CROFTON,NE,687
CROGHAN,NY,133
CROMONA,KY,418
CROMPOND,NY,105
CROMWELL,CT,064
CROMWELL,IN,467
CROMWELL,MN,557
CROMWELL,OK,748
CROOK,CO,807
CROOKED CREEK,AK,995
CROOKS,SD,570
CROOKSTON,MN,567
CROOKSTON,NE,692
CROOKSVILLE,OH,437
CROPSEYVILLE,NY,120
CROPWELL,AL,350
CROSBY,MN,564
CROSBY,MS,396
CROSBY,ND,587
CROSBY,PA,167
CROSBY,TX,775
CROSBYTON,TX,793
CROSS,SC,294
CROSS ANCHOR,SC,293
CROSS CITY,FL,326
CROSS FORK,PA,177
CROSS HILL,SC,293
CROSS JUNCTION,VA,226
CROSS PLAINS,IN,470
CROSS PLAINS,TN,370
CROSS PLAINS,TX,764
CROSS PLAINS,WI,535
CROSS RIVER,NY,105
CROSS TIMBERS,MO,656
CROSS VILLAGE,MI,497
CROSSETT,AR,716
CROSSLAKE,MN,564
CROSSNORE,NC,286
CROSSROADS,NM,881
CROSSVILLE,AL,359
CROSSVILLE,IL,628
CROSSVILLE,TN,385
CROSWELL,MI,484
CROTHERSVILLE,IN,472
CROTON FALLS,NY,105
CROTON ON HUDSON,NY,105
CROUSE,NC,280
CROW AGENCY,MT,590
CROWDER,MS,386
CROWDER,OK,744
CROWELL,TX,792
CROWHEART,WY,825
CROWLEY,CO,810
CROWLEY,LA,705
CROWLEY,TX,760
CROWN,PA,162
CROWN CITY,OH,456
CROWN KING,AZ,863
CROWN POINT,IN,463
CROWN POINT,NY,129
CROWNPOINT,NM,873
CROWS LANDING,CA,953
CROWVILLE,LA,712
CROZET,VA,229
CROZIER,VA,230
CRUCIBLE,PA,153
CRUGER,MS,389
CRUM,WV,256
CRUMPLER,NC,286
CRUMPLER,WV,248
CRUMPTON,MD,216
CRUMROD,AR,723
CRYSTAL,MI,488
CRYSTAL,ND,582
CRYSTAL BAY,MN,553
CRYSTAL BAY,NV,894
CRYSTAL BEACH,FL,346
CRYSTAL CITY,MO,630
CRYSTAL CITY,TX,788
CRYSTAL FALLS,MI,499
CRYSTAL HILL,VA,245
CRYSTAL LAKE,IA,504
CRYSTAL LAKE,IL,600
CRYSTAL RIVER,FL,344
CRYSTAL SPRING,PA,155
CRYSTAL SPRINGS,FL,335
CRYSTAL SPRINGS,MS,390
CUB RUN,KY,427
CUBA,AL,369
CUBA,IL,614
CUBA,KS,669
CUBA,MO,654
CUBA,NM,870
CUBA,NY,147
CUBA,OH,451
CUBA CITY,WI,538
CUBERO,NM,870
CUCUMBER,WV,248
CUDAHY,WI,531
CUDDEBACKVILLE,NY,127
CUDDY,PA,150
CUERO,TX,779
CULBERSON,NC,289
CULBERTSON,MT,592
CULBERTSON,NE,690
CULDESAC,ID,835
CULEBRA,PR,007
CULLEN,LA,710
CULLEOKA,TN,384
CULLMAN,AL,350
CULLODEN,GA,310
CULLODEN,WV,255
CULLOM,IL,609
CULLOWHEE,NC,287
CULP CREEK,OR,974
CULPEPER,VA,227
CULVER,IN,465
CULVER,OR,977
CULVER CITY,CA,902
CUMBERLAND,IA,508
CUMBERLAND,KY,408
CUMBERLAND,MD,215
CUMBERLAND,NC,283
CUMBERLAND,OH,437
CUMBERLAND,RI,028
CUMBERLAND,VA,230
CUMBERLAND,WI,548
CUMBERLAND CENTER,ME,040
CUMBERLAND CITY,TN,370
CUMBERLAND FURNACE,TN,370
CUMBERLAND GAP,TN,377
CUMBOLA,PA,179
CUMBY,TX,754
CUMMAQUID,MA,026
CUMMING,GA,300
CUMMING,IA,500
CUMMINGTON,MA,010
CUNEY,TX,757
CUNNINGHAM,KS,670
CUNNINGHAM,KY,420
CUNNINGHAM,TN,370
CUNNINGHAM,TX,754
CUPERTINO,CA,950
CURLEW,IA,505
CURLEW,WA,991
CURRAN,MI,487
CURRIE,MN,561
CURRIE,NC,284
CURRYVILLE,MO,633
CURRYVILLE,PA,166
CURTICE,OH,434
CURTIN,OR,974
CURTIS,AR,717
CURTIS,MI,498
CURTIS,NE,690
CURTIS,WA,985
CURTISS,WI,544
CURTISVILLE,PA,150
CURWENSVILLE,PA,168
CUSHING,IA,510
CUSHING,ME,045
CUSHING,MN,564
CUSHING,OK,740
CUSHING,TX,757
CUSHING,WI,540
CUSHMAN,AR,725
CUSICK,WA,991
CUSSETA,AL,368
CUSSETA,GA,318
CUSTAR,OH,435
CUSTER,KY,401
CUSTER,MI,494
CUSTER,MT,590
CUSTER,SD,577
CUSTER,WI,544
CUSTER CITY,OK,736
CUSTER CITY,PA,167
CUT BANK,MT,594
CUT OFF,LA,703
CUTCHOGUE,NY,119
CUTHBERT,GA,317
CUTLER,CA,936
CUTLER,IL,622
CUTLER,IN,469
CUTLER,ME,046
CUTLER,OH,457
CUTTINGSVILLE,VT,057
CUTTYHUNK,MA,027
CUYAHOGA FALLS,OH,442
CYCLONE,PA,167
CYCLONE,WV,248
CYGNET,OH,434
CYLINDER,IA,505
CYNTHIANA,IN,476
CYNTHIANA,KY,410
CYPRESS,CA,906
CYPRESS,FL,324
CYPRESS,IL,629
CYPRESS,TX,774
CYPRESS INN,TN,384
CYRUS,MN,563
D HANIS,TX,788
D LO,MS,390
DACONO,CO,805
DACULA,GA,300
DADE CITY,FL,335
DADEVILLE,AL,368
DAFTER,MI,497
DAGGETT,CA,923
DAGGETT,MI,498
DAGMAR,MT,592
DAGSBORO,DE,199
DAGUS MINES,PA,158
DAHINDA,IL,614
DAHLGREN,IL,628
DAHLGREN,VA,224
DAHLONEGA,GA,305
DAILEY,WV,262
DAINGERFIELD,TX,756
DAISETTA,TX,775
DAISY,GA,304
DAKOTA,IL,610
DAKOTA,MN,559
DAKOTA CITY,IA,505
DAKOTA CITY,NE,687
DALBO,MN,550
DALE,IL,628
DALE,IN,475
DALE,NY,140
DALE,TX,786
DALE,WI,549
DALEVILLE,AL,363
DALEVILLE,IN,473
DALEVILLE,MS,393
DALEVILLE,VA,240
DALHART,TX,790
DALLARDSVILLE,TX,773
DALLAS,GA,301
DALLAS,NC,280
DALLAS,OR,973
DALLAS,PA,186
DALLAS,TX,751
DALLAS,WI,547
DALLAS,WV,260
DALLAS CENTER,IA,500
DALLAS CITY,IL,623
DALLASTOWN,PA,173
DALLESPORT,WA,986
DALTON,GA,307
DALTON,MA,012
DALTON,MN,563
DALTON,NE,691
DALTON,NY,148
DALTON,OH,446
DALTON,PA,184
DALTON,WI,539
DALTON CITY,IL,619
DALY CITY,CA,940
DALZELL,IL,613
DALZELL,SC,290
DAMAR,KS,676
DAMARISCOTTA,ME,045
DAMASCUS,AR,720
DAMASCUS,GA,317
DAMASCUS,MD,208
DAMASCUS,OH,446
DAMASCUS,PA,184
DAMASCUS,VA,242
DAMERON,MD,206
DAMON,TX,774
DANA,IL,613
DANA,IN,478
DANA,NC,287
DANA POINT,CA,926
DANBURY,CT,068
DANBURY,IA,510
DANBURY,NC,270
DANBURY,NE,690
DANBURY,NH,032
DANBURY,TX,775
DANBURY,WI,548
DANBY,VT,057
DANDRIDGE,TN,377
DANE,WI,535
DANESE,WV,258
DANEVANG,TX,774
DANFORTH,ME,044
DANIA,FL,330
DANIEL,WY,831
DANIELS,WV,258
DANIELSON,CT,062
DANIELSVILLE,GA,306
DANIELSVILLE,PA,180
DANNEBROG,NE,688
DANNEMORA,NY,129
DANSVILLE,MI,488
DANSVILLE,NY,144
DANUBE,MN,562
DANVERS,IL,617
DANVERS,MA,019
DANVERS,MN,562
DANVILLE,AL,356
DANVILLE,AR,728
DANVILLE,CA,945
DANVILLE,IA,526
DANVILLE,IL,618
DANVILLE,IN,461
DANVILLE,KS,670
DANVILLE,KY,404
DANVILLE,ME,042
DANVILLE,NH,038
DANVILLE,OH,430
DANVILLE,PA,178
DANVILLE,VA,245
DANVILLE,VT,058
DANVILLE,WA,991
DANVILLE,WV,250
DAPHNE,AL,365
DARBY,MT,598
DARBY,PA,190
DARDANELLE,AR,728
DARIEN,GA,313
DARIEN,WI,531
DARLING,MS,386
DARLINGTON,IN,479
DARLINGTON,MD,210
DARLINGTON,PA,161
DARLINGTON,SC,295
DARLINGTON,WI,535
DARRAGH,PA,156
DARRINGTON,WA,982
DARROUZETT,TX,790
DARROW,LA,707
DARWIN,CA,935
DARWIN,MN,553
DASSEL,MN,553
DATIL,NM,878
DATTO,AR,724
DAUPHIN,PA,170
DAUPHIN ISLAND,AL,365
DAVENPORT,CA,950
DAVENPORT,FL,338
DAVENPORT,IA,528
DAVENPORT,ND,580
DAVENPORT,NE,683
DAVENPORT,NY,137
DAVENPORT,OK,740
DAVENPORT,VA,242
DAVENPORT,WA,991
DAVID,KY,416
DAVID CITY,NE,686
DAVIDSON,NC,280
DAVIDSON,OK,735
DAVIDSVILLE,PA,159
DAVIE,FL,333
DAVILLA,TX,765
DAVIN,WV,256
DAVIS,CA,956
DAVIS,IL,610
DAVIS,NC,285
DAVIS,OK,730
DAVIS,SD,570
DAVIS,WV,262
DAVIS CITY,IA,500
DAVIS CREEK,CA,961
DAVIS JUNCTION,IL,610
DAVIS STATION,SC,290
DAVISBORO,GA,310
DAVISBURG,MI,483
DAVISON,MI,484
DAVISTON,AL,362
DAVISVILLE,WV,261
DAVY,WV,248
DAWES,WV,250
DAWN,MO,646
DAWN,TX,790
DAWSON,AL,359
DAWSON,GA,398
DAWSON,IA,500
DAWSON,IL,625
DAWSON,MN,562
DAWSON,ND,584
DAWSON,NE,683
DAWSON,PA,154
DAWSON,TX,766
DAWSON SPRINGS,KY,424
DAWSONVILLE,GA,305
DAY,FL,320
DAYKIN,NE,683
DAYS CREEK,OR,974
DAYTON,IA,505
DAYTON,ID,832
DAYTON,IN,479
DAYTON,MT,599
DAYTON,NJ,088
DAYTON,NV,894
DAYTON,NY,140
DAYTON,OH,454
DAYTON,OR,971
DAYTON,PA,162
DAYTON,TN,373
DAYTON,TX,775
DAYTON,VA,228
DAYTON,WA,993
DAYTON,WY,828
DAYTONA BEACH,FL,321
DAYVILLE,OR,978
DE ARMANVILLE,AL,362
DE BEQUE,CO,816
DE BERRY,TX,756
DE BORGIA,MT,598
DE GRAFF,OH,433
DE KALB,MO,644
DE KALB,MS,393
DE KALB,TX,755
DE KALB JUNCTION,NY,136
DE LANCEY,PA,157
DE LAND,IL,618
DE LEON,TX,764
DE LEON SPRINGS,FL,321
DE MOSSVILLE,KY,410
DE PERE,WI,541
DE PEYSTER,NY,136
DE QUEEN,AR,718
DE RUYTER,NY,130
DE SMET,SD,572
DE SOTO,GA,317
DE SOTO,IA,500
DE SOTO,KS,660
DE SOTO,MO,630
DE SOTO,WI,546
DE TOUR VILLAGE,MI,497
DE VALLS BLUFF,AR,720
DE WITT,AR,720
DE WITT,IA,527
DE WITT,NE,683
DEADWOOD,OR,974
DEADWOOD,SD,577
DEAL ISLAND,MD,218
DEALE,MD,207
DEANE,KY,418
DEANSBORO,NY,133
DEANVILLE,TX,778
DEARBORN,MI,481
DEARBORN,MO,644
DEARBORN HEIGHTS,MI,481
DEARING,GA,308
DEARING,KS,673
DEARY,ID,838
DEATH VALLEY,CA,923
DEATSVILLE,AL,360
DEAVER,WY,824
DEBARY,FL,327
DECATUR,AL,356
DECATUR,AR,727
DECATUR,GA,300
DECATUR,IA,500
DECATUR,IL,625
DECATUR,IN,467
DECATUR,MI,490
DECATUR,MS,393
DECATUR,NE,680
DECATUR,OH,451
DECATUR,TN,373
DECATUR,TX,762
DECATURVILLE,TN,383
DECHERD,TN,373
DECKER,IN,475
DECKER,MI,484
DECKER,MT,590
DECKERVILLE,MI,484
DECORAH,IA,521
DEDEDO,GU,969
DEDHAM,IA,514
DEDHAM,MA,020
DEEP GAP,NC,286
DEEP RIVER,CT,064
DEEP RIVER,IA,522
DEEP RUN,NC,285
DEEPWATER,MO,647
DEEPWATER,NJ,080
DEER,AR,726
DEER CREEK,IL,617
DEER CREEK,MN,565
DEER GROVE,IL,612
DEER HARBOR,WA,982
DEER ISLE,ME,046
DEER LODGE,MT,597
DEER LODGE,TN,377
DEER PARK,AL,365
DEER PARK,NY,117
DEER PARK,TX,775
DEER PARK,WA,990
DEER PARK,WI,540
DEER RIVER,MN,566
DEER TRAIL,CO,801
DEERFIELD,IL,600
DEERFIELD,KS,678
DEERFIELD,MA,013
DEERFIELD,MI,492
DEERFIELD,MO,647
DEERFIELD,NH,030
DEERFIELD,OH,444
DEERFIELD BEACH,FL,334
DEERFIELD STREET,NJ,083
DEERING,AK,997
DEERING,MO,638
DEERSVILLE,OH,446
DEERTON,MI,498
DEERWOOD,MN,564
DEETH,NV,898
DEFIANCE,IA,515
DEFIANCE,MO,633
DEFIANCE,OH,435
DEFIANCE,PA,166
DEFORD,MI,487
DEFOREST,WI,535
DEFUNIAK SPRINGS,FL,324
DEKALB,IL,601
DEL CITY,OK,731
DEL MAR,CA,920
DEL NORTE,CO,811
DEL REY,CA,936
DEL RIO,TN,377
DEL RIO,TX,788
DEL VALLE,TX,786
DELAFIELD,WI,530
DELANCO,NJ,080
DELAND,FL,327
DELANO,CA,932
DELANO,MN,553
DELANO,PA,182
DELANO,TN,373
DELANSON,NY,120
DELAPLAINE,AR,724
DELAPLANE,VA,201
DELAVAN,IL,617
DELAVAN,MN,560
DELAVAN,WI,531
DELAWARE,AR,728
DELAWARE,NJ,078
DELAWARE,OH,430
DELAWARE,OK,740
DELAWARE CITY,DE,197
DELAWARE WATER GAP,PA,183
DELBARTON,WV,256
DELCAMBRE,LA,705
DELCO,NC,284
DELEVAN,NY,140
DELHI,CA,953
DELHI,IA,522
DELHI,LA,712
DELHI,NY,137
DELIGHT,AR,719
DELL,AR,724
DELL,MT,597
DELL CITY,TX,798
DELL RAPIDS,SD,570
DELLROY,OH,446
DELLSLOW,WV,265
DELMAR,DE,199
DELMAR,IA,520
DELMAR,NY,120
DELMITA,TX,785
DELMONT,NJ,083
DELMONT,PA,156
DELMONT,SD,573
DELOIT,IA,514
DELONG,IN,469
DELPHI,IN,469
DELPHI FALLS,NY,130
DELPHIA,KY,417
DELPHOS,KS,674
DELPHOS,OH,458
DELRAY BEACH,FL,334
DELTA,AL,362
DELTA,CO,814
DELTA,LA,712
DELTA,MO,637
DELTA,OH,435
DELTA,PA,173
DELTA,UT,846
DELTA CITY,MS,390
DELTA JUNCTION,AK,997
DELTAVILLE,VA,230
DELTON,MI,490
DELTONA,FL,327
DEMA,KY,418
DEMAREST,NJ,076
DEMING,NM,880
DEMING,WA,982
DEMOPOLIS,AL,367
DEMOTTE,IN,463
DENAIR,CA,953
DENALI NATIONAL PARK,AK,997
DENHAM SPRINGS,LA,707
DENIO,NV,894
DENISON,IA,514
DENISON,KS,664
DENISON,TX,750
DENMARK,IA,526
DENMARK,ME,040
DENMARK,SC,290
DENMARK,TN,383
DENMARK,WI,542
DENNARD,AR,726
DENNEHOTSO,AZ,865
DENNIS,KS,673
DENNIS,MA,026
DENNIS,MS,388
DENNIS,TX,764
DENNIS PORT,MA,026
DENNISON,MN,550
DENNISON,OH,446
DENNISTON,KY,403
DENNISVILLE,NJ,082
DENNYSVILLE,ME,046
DENT,MN,565
DENTON,GA,315
DENTON,KS,660
DENTON,MD,216
DENTON,MT,594
DENTON,NC,272
DENTON,NE,683
DENTON,TX,762
DENVER,CO,802
DENVER,IA,506
DENVER,IN,469
DENVER,MO,644
DENVER,NC,280
DENVER,NY,124
DENVER,PA,175
DENVER CITY,TX,793
DENVILLE,NJ,078
DEPAUVILLE,NY,136
DEPAUW,IN,471
DEPEW,NY,140
DEPEW,OK,740
DEPOE BAY,OR,973
DEPORT,TX,754
DEPOSIT,NY,137
DEPTFORD,NJ,080
DEPUE,IL,613
DEPUTY,IN,472
DEQUINCY,LA,706
DERBY,CT,064
DERBY,IA,500
DERBY,KS,670
DERBY,NY,140
DERBY,VT,058
DERBY LINE,VT,058
DERIDDER,LA,706
DERMA,MS,388
DERMOTT,AR,716
DERRICK CITY,PA,167
DERRY,NH,030
DERRY,NM,879
DERRY,PA,156
DERWENT,OH,437
DERWOOD,MD,208
DES ALLEMANDS,LA,700
DES ARC,AR,720
DES MOINES,IA,503
DES MOINES,NM,884
DES MOINES,WA,981
DES PLAINES,IL,600
DESCANSO,CA,919
DESDEMONA,TX,764
DESERT CENTER,CA,922
DESERT HOT SPRINGS,CA,922
DESHA,AR,725
DESHLER,NE,683
DESHLER,OH,435
DESLOGE,MO,636
DESMET,ID,838
DESOTO,TX,751
DESTIN,FL,325
DESTREHAN,LA,700
DETROIT,AL,355
DETROIT,ME,049
DETROIT,MI,482
DETROIT,OR,973
DETROIT,TX,754
DETROIT LAKES,MN,565
DEVAULT,PA,194
DEVERS,TX,775
DEVILLE,LA,713
DEVILS ELBOW,MO,654
DEVILS LAKE,ND,583
DEVILS TOWER,WY,827
DEVINE,TX,780
DEVOL,OK,735
DEVON,PA,193
DEWAR,IA,506
DEWAR,OK,744
DEWART,PA,177
DEWEESE,NE,689
DEWEY,AZ,863
DEWEY,IL,618
DEWEYVILLE,TX,776
DEWITT,IL,617
DEWITT,KY,409
DEWITT,MI,488
DEWITT,VA,238
DEWITTVILLE,NY,147
DEXTER,GA,310
DEXTER,IA,500
DEXTER,KY,420
DEXTER,ME,049
DEXTER,MI,481
DEXTER,MN,559
DEXTER,MO,638
DEXTER,NM,882
DEXTER,NY,136
DEXTER,OR,974
DEXTER CITY,OH,457
DFW AIRPORT,TX,752
DIABLO,CA,945
DIAGONAL,IA,508
DIAMOND,OH,444
DIAMOND BAR,CA,917
DIAMOND POINT,NY,128
DIAMOND SPRINGS,CA,956
DIAMONDVILLE,WY,831
DIANA,TX,756
DIANA,WV,262
DIAZ,AR,720
DIBBLE,OK,730
DIBERVILLE,MS,395
DIBOLL,TX,759
DICE,KY,417
DICKENS,IA,513
DICKENS,NE,691
DICKENS,TX,792
DICKERSON,MD,208
DICKERSON RUN,PA,154
DICKEYVILLE,WI,538
DICKINSON,ND,586
DICKINSON,TX,775
DICKINSON CENTER,NY,129
DICKSON,TN,370
DIERKS,AR,718
DIETERICH,IL,624
DIGGINS,MO,656
DIGHTON,KS,678
DIGHTON,MA,027
DIKE,IA,506
DIKE,TX,754
DILLARD,OR,974
DILLE,WV,266
DILLER,NE,683
DILLINGHAM,AK,995
DILLON,CO,804
DILLON,MT,597
DILLON,SC,295
DILLON BEACH,CA,949
DILLONVALE,OH,439
DILLSBORO,IN,470
DILLSBORO,NC,287
DILLSBURG,PA,170
DILLTOWN,PA,159
DILLWYN,VA,239
DILWORTH,MN,565
DIME BOX,TX,778
DIMMITT,TX,790
DIMOCK,PA,188
DIMOCK,SD,573
DIMONDALE,MI,488
DINGESS,WV,256
DINGMANS FERRY,PA,183
DINOSAUR,CO,816
DINUBA,CA,936
DINWIDDIE,VA,238
DISCOVERY BAY,CA,945
DISNEY,OK,743
DISPUTANTA,VA,238
DISTANT,PA,162
DISTRICT HEIGHTS,MD,207
DITTMER,MO,630
DIVERNON,IL,625
DIVIDE,CO,808
DIVIDE,MT,597
DIVIDING CREEK,NJ,083
DIX,IL,628
DIX,NE,691
DIXFIELD,ME,042
DIXIE,GA,316
DIXIE,WA,993
DIXIE,WV,250
DIXMONT,ME,049
DIXON,CA,956
DIXON,IA,527
DIXON,IL,610
DIXON,KY,424
DIXON,MO,654
DIXON,MT,598
DIXON,NE,687
DIXON,NM,875
DIXON,WY,823
DIXON SPRINGS,TN,370
DIXONS MILLS,AL,367
DIXONVILLE,PA,157
DOBBIN,TX,773
DOBBINS,CA,959
DOBBS FERRY,NY,105
DOBSON,NC,270
DOCENA,AL,350
DODD CITY,TX,754
DODDRIDGE,AR,718
DODDSVILLE,MS,387
DODGE,ND,586
DODGE,NE,686
DODGE,TX,773
DODGE,WI,546
DODGE CENTER,MN,559
DODGE CITY,KS,678
DODGEVILLE,WI,535
DODSON,LA,714
DODSON,MT,595
DOE HILL,VA,244
DOERUN,GA,317
DOGUE,VA,224
DOLA,OH,458
DOLAN SPRINGS,AZ,864
DOLAND,SD,574
DOLGEVILLE,NY,133
DOLLAR BAY,MI,499
DOLLIVER,IA,505
DOLOMITE,AL,350
DOLORES,CO,813
DOLPH,AR,725
DOLPHIN,VA,238
DOLTON,IL,604
DONA ANA,NM,880
DONAHUE,IA,527
DONALD,OR,970
DONALDS,SC,296
DONALDSON,AR,719
DONALDSON,IN,465
DONALDSON,MN,567
DONALDSONVILLE,LA,703
DONALSONVILLE,GA,317
DONEGAL,PA,156
DONGOLA,IL,629
DONIPHAN,MO,639
DONIPHAN,NE,688
DONNA,TX,785
DONNELLSON,IA,526
DONNELLSON,IL,620
DONNELLY,ID,836
DONNELLY,MN,562
DONNELSVILLE,OH,453
DONORA,PA,150
DONOVAN,IL,609
DOON,IA,512
DORA,AL,350
DORA,MO,656
DORA,NM,881
DORADO,PR,006
DORAL,FL,331
DORAN,VA,246
DORCHESTER,MA,021
DORCHESTER,NE,683
DORCHESTER,NJ,083
DORCHESTER,SC,294
DORCHESTER CENTER,MA,021
DORNSIFE,PA,178
DOROTHY,NJ,083
DOROTHY,WV,250
DORR,MI,493
DORRANCE,KS,676
DORRIS,CA,960
DORSET,OH,440
DORSET,VT,052
DORSEY,IL,620
DORTON,KY,415
DOS PALOS,CA,936
DOSS,TX,786
DOSWELL,VA,230
DOTHAN,AL,363
DOTY,WA,985
DOUBLE SPRINGS,AL,355
DOUCETTE,TX,759
DOUDS,IA,525
DOUGHERTY,OK,730
DOUGHERTY,TX,792
DOUGLAS,AK,998
DOUGLAS,AL,359
DOUGLAS,AZ,856
DOUGLAS,GA,315
DOUGLAS,MA,015
DOUGLAS,MI,494
DOUGLAS,NE,683
DOUGLAS,WY,826
DOUGLAS CITY,CA,960
DOUGLASS,KS,670
DOUGLASS,TX,759
DOUGLASSVILLE,PA,195
DOUGLASSVILLE,TX,755
DOUGLASVILLE,GA,301
DOUSMAN,WI,531
DOVE CREEK,CO,813
DOVER,AR,728
DOVER,DE,199
DOVER,FL,335
DOVER,GA,304
DOVER,ID,838
DOVER,IL,613
DOVER,KS,664
DOVER,MA,020
DOVER,MN,559
DOVER,NC,285
DOVER,NH,038
DOVER,NJ,078
DOVER,OH,446
DOVER,OK,737
DOVER,PA,173
DOVER,TN,370
DOVER AFB,DE,199
DOVER FOXCROFT,ME,044
DOVER PLAINS,NY,125
DOW,IL,620
DOW CITY,IA,515
DOWAGIAC,MI,490
DOWELL,IL,629
DOWELL,MD,206
DOWELLTOWN,TN,370
DOWLING,MI,490
DOWNERS GROVE,IL,605
DOWNEY,CA,902
DOWNEY,ID,832
DOWNIEVILLE,CA,959
DOWNING,MO,635
DOWNINGTOWN,PA,193
DOWNS,IL,617
DOWNS,KS,674
DOWNSVILLE,LA,712
DOWNSVILLE,NY,137
DOWNSVILLE,WI,547
DOWS,IA,500
DOYLE,CA,961
DOYLE,TN,385
DOYLESTOWN,OH,442
DOYLESTOWN,PA,189
DOYLESTOWN,WI,539
DOYLINE,LA,710
DOZIER,AL,360
DRACUT,MA,018
DRAGOON,AZ,856
DRAIN,OR,974
DRAKE,CO,805
DRAKE,ND,587
DRAKESBORO,KY,423
DRAKESVILLE,IA,525
DRAPER,SD,575
DRAPER,UT,840
DRAPER,VA,243
DRASCO,AR,725
DRAVOSBURG,PA,150
DRAYTON,ND,582
DRAYTON,SC,293
DRENNEN,WV,266
DRESDEN,ME,043
DRESDEN,NY,144
DRESDEN,OH,438
DRESDEN,TN,382
DRESSER,WI,540
DREW,MS,387
DREWSEY,OR,979
DREXEL,MO,647
DREXEL,NC,286
DREXEL HILL,PA,190
DRIFTING,PA,168
DRIFTON,PA,182
DRIFTWOOD,PA,158
DRIFTWOOD,TX,786
DRIGGS,ID,834
DRIPPING SPRINGS,TX,786
DRISCOLL,TX,783
DRIVER,AR,723
DRUMMOND,MT,598
DRUMMOND,OK,737
DRUMMOND,WI,548
DRUMMOND ISLAND,MI,497
DRUMMONDS,TN,380
DRUMRIGHT,OK,740
DRUMS,PA,182
DRY BRANCH,GA,310
DRY CREEK,LA,706
DRY FORK,VA,245
DRY RIDGE,KY,410
DRY RUN,PA,172
DRYBRANCH,WV,250
DRYDEN,ME,042
DRYDEN,MI,483
DRYDEN,NY,130
DRYDEN,VA,242
DRYDEN,WA,988
DRYFORK,WV,262
DU BOIS,IL,628
DU BOIS,NE,683
DU BOIS,PA,158
DU PONT,GA,316
DU QUOIN,IL,628
DUANESBURG,NY,120
DUARTE,CA,910
DUBACH,LA,712
DUBBERLY,LA,710
DUBLIN,CA,945
DUBLIN,GA,310
DUBLIN,IN,473
DUBLIN,MS,387
DUBLIN,NC,283
DUBLIN,NH,034
DUBLIN,OH,430
DUBLIN,PA,189
DUBLIN,TX,764
DUBLIN,VA,240
DUBOIS,ID,834
DUBOIS,IN,475
DUBOIS,WY,825
DUBRE,KY,427
DUBUQUE,IA,520
DUCHESNE,UT,840
DUCK,WV,250
DUCK HILL,MS,389
DUCK RIVER,TN,384
DUCKTOWN,TN,373
DUCOR,CA,932
DUDLEY,GA,310
DUDLEY,MA,015
DUDLEY,NC,283
DUDLEY,PA,166
DUE WEST,SC,296
DUENWEG,MO,648
DUFFIELD,VA,242
DUFUR,OR,970
DUGGER,IN,478
DUGSPUR,VA,243
DUGWAY,UT,840
DUKE,OK,735
DUKE CENTER,PA,167
DUKEDOM,TN,382
DULAC,LA,703
DULCE,NM,875
DULLES,VA,201
DULUTH,GA,300
DULUTH,MN,558
DULZURA,CA,919
DUMAS,AR,716
DUMAS,MS,386
DUMAS,TX,790
DUMFRIES,VA,220
DUMONT,CO,804
DUMONT,IA,506
DUMONT,MN,562
DUMONT,NJ,076
DUMONT,TX,792
DUNBAR,NE,683
DUNBAR,WV,250
DUNBRIDGE,OH,434
DUNCAN,AZ,855
DUNCAN,MS,387
DUNCAN,NE,686
DUNCAN,OK,735
DUNCAN,SC,293
DUNCAN FALLS,OH,437
DUNCANNON,PA,170
DUNCANS MILLS,CA,954
DUNCANSVILLE,PA,166
DUNCANVILLE,AL,354
DUNCANVILLE,TX,751
DUNCOMBE,IA,505
DUNDALK,MD,210
DUNDAS,IL,624
DUNDAS,MN,550
DUNDAS,VA,239
DUNDEE,FL,338
DUNDEE,IA,520
DUNDEE,KY,423
DUNDEE,MI,481
DUNDEE,MS,386
DUNDEE,NY,148
DUNDEE,OH,446
DUNDEE,OR,971
DUNEDIN,FL,346
DUNELLEN,NJ,088
DUNFERMLINE,IL,615
DUNGANNON,VA,242
DUNKERTON,IA,506
DUNKIRK,IN,473
DUNKIRK,MD,207
DUNKIRK,NY,140
DUNKIRK,OH,458
DUNLAP,CA,936
DUNLAP,IA,515
DUNLAP,IL,615
DUNLAP,TN,373
DUNLEVY,PA,154
DUNLO,PA,159
DUNLOW,WV,255
DUNMOR,KY,423
DUNMORE,PA,185
DUNMORE,WV,249
DUNN,NC,283
DUNN LORING,VA,220
DUNNEGAN,MO,656
DUNNELL,MN,561
DUNNELLON,FL,344
DUNNIGAN,CA,959
DUNNING,NE,688
DUNNSVILLE,VA,224
DUNNVILLE,KY,425
DUNREITH,IN,473
DUNSEITH,ND,583
DUNSMUIR,CA,960
DUNSTABLE,MA,018
DUPONT,IN,472
DUPONT,LA,713
DUPONT,OH,458
DUPONT,WA,983
DUPREE,SD,576
DUPUYER,MT,594
DUQUESNE,PA,151
DURAND,IL,610
DURAND,MI,484
DURAND,WI,547
DURANGO,CO,813
DURANT,FL,335
DURANT,IA,527
DURANT,MS,390
DURANT,OK,747
DURBIN,WV,262
DURHAM,CA,959
DURHAM,CT,064
DURHAM,NC,277
DURHAM,NH,038
DURHAM,PA,180
DURHAMVILLE,NY,130
DURKEE,OR,979
DURYEA,PA,186
DUSHORE,PA,186
DUSON,LA,705
DUSTIN,OK,748
DUTCH FLAT,CA,957
DUTCH HARBOR,AK,996
DUTCH JOHN,UT,840
DUTTON,AL,357
DUTTON,MT,594
DUTZOW,MO,633
DUVALL,WA,980
DUXBURY,MA,023
DWALE,KY,416
DWARF,KY,417
DWIGHT,IL,604
DWIGHT,KS,668
DWIGHT,NE,686
DYCUSBURG,KY,420
DYER,AR,729
DYER,IN,463
DYER,NV,890
DYER,TN,383
DYERSBURG,TN,380
DYERSVILLE,IA,520
DYESS,AR,723
DYESS AFB,TX,796
DYSART,IA,522
DYSART,PA,166
EADS,CO,810
EADS,TN,380
EAGAN,MN,551
EAGAN,TN,377
EAGAR,AZ,859
EAGARVILLE,IL,620
EAGLE,AK,997
EAGLE,CO,816
EAGLE,ID,836
EAGLE,MI,488
EAGLE,NE,683
EAGLE,WI,531
EAGLE BAY,NY,133
EAGLE BEND,MN,564
EAGLE BRIDGE,NY,120
EAGLE BUTTE,SD,576
EAGLE CREEK,OR,970
EAGLE GROVE,IA,505
EAGLE LAKE,FL,338
EAGLE LAKE,ME,047
EAGLE LAKE,MN,560
EAGLE LAKE,TX,774
EAGLE NEST,NM,877
EAGLE PASS,TX,788
EAGLE POINT,OR,975
EAGLE RIVER,AK,995
EAGLE RIVER,WI,545
EAGLE ROCK,VA,240
EAGLES MERE,PA,177
EAGLETOWN,OK,747
EAGLEVILLE,CA,961
EAGLEVILLE,TN,370
EAKLY,OK,730
EARL,NC,280
EARL PARK,IN,479
EARLE,AR,723
EARLETON,FL,326
EARLEVILLE,MD,219
EARLHAM,IA,500
EARLIMART,CA,932
EARLING,IA,515
EARLINGTON,KY,424
EARLINGTON,PA,189
EARLSBORO,OK,748
EARLTON,NY,120
EARLVILLE,IL,605
EARLVILLE,NY,133
EARLVILLE,PA,195
EARLY,IA,505
EARLY,TX,768
EARLY BRANCH,SC,299
EARP,CA,922
EARTH,TX,790
EASLEY,SC,296
EAST ALTON,IL,620
EAST AMHERST,NY,140
EAST ANDOVER,NH,032
EAST ARLINGTON,VT,052
EAST AURORA,NY,140
EAST BALDWIN,ME,040
EAST BANK,WV,250
EAST BARRE,VT,056
EAST BEND,NC,270
EAST BERLIN,CT,060
EAST BERLIN,PA,173
EAST BERNARD,TX,774
EAST BERNE,NY,120
EAST BERNSTADT,KY,407
EAST BRADY,PA,160
EAST BRANCH,NY,137
EAST BRIDGEWATER,MA,023
EAST BROOKFIELD,MA,015
EAST BRUNSWICK,NJ,088
EAST BURKE,VT,058
EAST BUTLER,PA,160
EAST CALAIS,VT,056
EAST CANAAN,CT,060
EAST CANTON,OH,447
EAST CARBON,UT,845
EAST CARONDELET,IL,622
EAST CHARLESTON,VT,058
EAST CHATHAM,NY,120
EAST CHICAGO,IN,463
EAST CLARIDON,OH,440
EAST CONCORD,NY,140
EAST CORINTH,VT,050
EAST DENNIS,MA,026
EAST DERRY,NH,030
EAST DIXFIELD,ME,042
EAST DORSET,VT,052
EAST DOVER,VT,053
EAST DUBLIN,GA,310
EAST DUBUQUE,IL,610
EAST DURHAM,NY,124
EAST EARL,PA,175
EAST ELLIJAY,GA,305
EAST ELMHURST,NY,113
EAST ENTERPRISE,IN,470
EAST FAIRFIELD,VT,054
EAST FALMOUTH,MA,025
EAST FLAT ROCK,NC,287
EAST FREEDOM,PA,166
EAST FREETOWN,MA,027
EAST FULTONHAM,OH,437
EAST GALESBURG,IL,614
EAST GLACIER PARK,MT,594
EAST GLASTONBURY,CT,060
EAST GRANBY,CT,060
EAST GRAND FORKS,MN,567
EAST GREENBUSH,NY,120
EAST GREENVILLE,PA,180
EAST GREENWICH,RI,028
EAST HADDAM,CT,064
EAST HAMPSTEAD,NH,038
EAST HAMPTON,CT,064
EAST HAMPTON,NY,119
EAST HANOVER,NJ,079
EAST HARDWICK,VT,058
EAST HARTFORD,CT,061
EAST HARTLAND,CT,060
EAST HAVEN,VT,058
EAST HELENA,MT,596
EAST ISLIP,NY,117
EAST JORDAN,MI,497
EAST KILLINGLY,CT,062
EAST KINGSTON,NH,038
EAST LANSING,MI,488
EAST LEROY,MI,490
EAST LIBERTY,OH,433
EAST LIVERPOOL,OH,439
EAST LONGMEADOW,MA,010
EAST LYME,CT,063
EAST LYNN,IL,609
EAST LYNN,WV,255
EAST LYNNE,MO,647
EAST MACHIAS,ME,046
EAST MARION,NY,119
EAST MC KEESPORT,PA,150
EAST MEADOW,NY,115
EAST MEREDITH,NY,137
EAST MIDDLEBURY,VT,057
EAST MILLINOCKET,ME,044
EAST MOLINE,IL,612
EAST MONTPELIER,VT,056
EAST MORICHES,NY,119
EAST NASSAU,NY,120
EAST NEW MARKET,MD,216
EAST NEWPORT,ME,049
EAST NORTHPORT,NY,117
EAST NORWICH,NY,117
EAST OLYMPIA,WA,985
EAST ORANGE,NJ,070
EAST ORLAND,ME,044
EAST ORLEANS,MA,026
EAST OTIS,MA,010
EAST PALATKA,FL,321
EAST PALESTINE,OH,444
EAST PALO ALTO,CA,940
EAST PEMBROKE,NY,140
EAST PEORIA,IL,616
EAST PETERSBURG,PA,175
EAST PRAIRIE,MO,638
EAST PROSPECT,PA,173
EAST PROVIDENCE,RI,029
EAST QUOGUE,NY,119
EAST RANDOLPH,VT,050
EAST ROCHESTER,NY,144
EAST ROCHESTER,OH,446
EAST ROCKAWAY,NY,115
EAST RUTHERFORD,NJ,070
EAST RYEGATE,VT,050
EAST SAINT JOHNSBURY,VT,058
EAST SAINT LOUIS,IL,620
EAST SANDWICH,MA,025
EAST SCHODACK,NY,120
EAST SETAUKET,NY,117
EAST SMETHPORT,PA,167
EAST SMITHFIELD,PA,188
EAST SPARTA,OH,446
EAST SPENCER,NC,280
EAST SPRINGFIELD,OH,439
EAST SPRINGFIELD,PA,164
EAST STONE GAP,VA,242
EAST STROUDSBURG,PA,183
EAST SYRACUSE,NY,130
EAST TAUNTON,MA,027
EAST TAWAS,MI,487
EAST TEMPLETON,MA,014
EAST TEXAS,PA,180
EAST THETFORD,VT,050
EAST TROY,WI,531
EAST VANDERGRIFT,PA,156
EAST VASSALBORO,ME,049
EAST WAKEFIELD,NH,038
EAST WALLINGFORD,VT,057
EAST WALPOLE,MA,020
EAST WAREHAM,MA,025
EAST WATERFORD,PA,170
EAST WILLIAMSON,NY,144
EAST WILTON,ME,042
EAST WINDSOR,CT,060
EAST WINDSOR HILL,CT,060
EAST WINTHROP,ME,043
EAST WOODSTOCK,CT,062
EAST WORCESTER,NY,120
EASTABOGA,AL,362
EASTABUCHIE,MS,394
EASTANOLLEE,GA,305
EASTCHESTER,NY,107
EASTHAM,MA,026
EASTHAMPTON,MA,010
EASTLAKE,CO,806
EASTLAKE,MI,496
EASTLAKE WEIR,FL,321
EASTLAND,TX,764
EASTMAN,GA,310
EASTMAN,WI,546
EASTON,CT,066
EASTON,IL,626
EASTON,KS,660
EASTON,MA,023
EASTON,MD,216
EASTON,ME,047
EASTON,MN,560
EASTON,MO,644
EASTON,PA,180
EASTON,TX,756
EASTON,WA,989
EASTOVER,SC,290
EASTPOINT,FL,323
EASTPOINTE,MI,480
EASTPORT,ID,838
EASTPORT,ME,046
EASTPORT,MI,496
EASTPORT,NY,119
EASTSOUND,WA,982
EASTVIEW,KY,427
EASTVILLE,VA,233
EASTWOOD,KY,400
EATON,CO,806
EATON,IN,473
EATON,NY,133
EATON,OH,453
EATON CENTER,NH,038
EATON PARK,FL,338
EATON RAPIDS,MI,488
EATONTON,GA,310
EATONTOWN,NJ,077
EATONVILLE,FL,327
EATONVILLE,WA,983
EAU CLAIRE,MI,491
EAU CLAIRE,PA,160
EAU CLAIRE,WI,547
EBEN JUNCTION,MI,498
EBENSBURG,PA,159
EBERVALE,PA,182
EBEYE,MH,969
EBONY,VA,238
EBRO,FL,324
ECCLES,WV,258
ECHO,LA,713
ECHO,MN,562
ECHO,OR,978
ECHO,UT,840
ECHOLA,AL,354
ECKERMAN,MI,497
ECKERT,CO,814
ECKERTY,IN,471
ECKHART MINES,MD,215
ECKLEY,CO,807
ECLECTIC,AL,360
ECONOMY,IN,473
ECRU,MS,388
ECTOR,TX,754
EDCOUCH,TX,785
EDDY,TX,765
EDDYVILLE,IA,525
EDDYVILLE,IL,629
EDDYVILLE,KY,420
EDDYVILLE,OR,973
EDELSTEIN,IL,615
EDEN,AZ,855
EDEN,GA,313
EDEN,ID,833
EDEN,MD,218
EDEN,NC,272
EDEN,NY,140
EDEN,SD,572
EDEN,TX,768
EDEN,UT,843
EDEN,VT,056
EDEN,WI,530
EDEN PRAIRIE,MN,553
EDEN VALLEY,MN,553
EDENTON,NC,279
EDENVILLE,MI,486
EDGAR,MT,590
EDGAR,NE,689
EDGAR,WI,544
EDGAR SPRINGS,MO,654
EDGARD,LA,700
EDGARTON,WV,256
EDGARTOWN,MA,025
EDGECOMB,ME,045
EDGEFIELD,SC,298
EDGELEY,ND,584
EDGEMONT,AR,720
EDGEMONT,PA,190
EDGEMONT,SD,577
EDGEMOOR,SC,297
EDGERTON,KS,660
EDGERTON,MN,561
EDGERTON,MO,644
EDGERTON,OH,435
EDGERTON,WI,535
EDGERTON,WY,826
EDGEWATER,FL,321
EDGEWATER,MD,210
EDGEWATER,NJ,070
EDGEWATER,WI,548
EDGEWOOD,IA,520
EDGEWOOD,IL,624
EDGEWOOD,MD,210
EDGEWOOD,NM,870
EDGEWOOD,TX,751
EDINA,MO,635
EDINBORO,PA,164
EDINBURG,IL,625
EDINBURG,ND,582
EDINBURG,PA,161
EDINBURG,TX,785
EDINBURG,VA,228
EDINBURGH,IN,461
EDISON,CA,932
EDISON,GA,317
EDISON,NE,689
EDISON,NJ,088
EDISON,OH,433
EDISTO ISLAND,SC,294
EDMESTON,NY,133
EDMOND,OK,730
EDMOND,WV,258
EDMONDS,WA,980
EDMONDSON,AR,723
EDMONSON,TX,790
EDMONTON,KY,421
EDMORE,MI,488
EDMORE,ND,583
EDMUND,WI,535
EDNA,TX,779
EDNEYVILLE,NC,287
EDROY,TX,783
EDSON,KS,677
EDWARDS,CA,935
EDWARDS,CO,816
EDWARDS,IL,615
EDWARDS,MO,653
EDWARDS,MS,390
EDWARDS,NY,136
EDWARDSBURG,MI,491
EDWARDSVILLE,IL,620
EDWARDSVILLE,KS,661
EEK,AK,995
EFFINGHAM,IL,624
EFFINGHAM,KS,660
EFFINGHAM,NH,038
EFFINGHAM,SC,295
EFFORT,PA,183
EFLAND,NC,272
EGAN,LA,705
EGEGIK,AK,995
EGG HARBOR,WI,542
EGG HARBOR CITY,NJ,082
EGG HARBOR TOWNSHIP,NJ,082
EGGLESTON,VA,240
EGLIN AFB,FL,325
EGLON,WV,267
EGYPT,AR,724
EGYPT,TX,774
EHRENBERG,AZ,853
EHRHARDT,SC,290
EIDSON,TN,377
EIELSON AFB,AK,997
EIGHTY FOUR,PA,153
EITZEN,MN,559
EKALAKA,MT,593
EKWOK,AK,995
EL CAJON,CA,920
EL CAMPO,TX,774
EL CENTRO,CA,922
EL CERRITO,CA,945
EL DORADO,AR,717
EL DORADO,CA,956
EL DORADO,KS,670
EL DORADO HILLS,CA,957
EL DORADO SPRINGS,MO,647
EL GRANADA,CA,940
EL INDIO,TX,788
EL MIRAGE,AZ,853
EL MONTE,CA,906
EL NIDO,CA,953
EL PASO,AR,720
EL PASO,IL,617
EL PASO,TX,799
EL PORTAL,CA,953
EL PRADO,NM,875
EL RENO,OK,730
EL RITO,NM,875
EL SEGUNDO,CA,902
EL SOBRANTE,CA,948
EL VERANO,CA,954
ELAINE,AR,723
ELAND,WI,544
ELBA,AL,363
ELBA,NE,688
ELBA,NY,140
ELBE,WA,983
ELBERFELD,IN,476
ELBERT,CO,801
ELBERT,WV,248
ELBERTA,AL,365
ELBERTA,MI,496
ELBERTA,UT,846
ELBERTON,GA,306
ELBING,KS,670
ELBOW LAKE,MN,565
ELBRIDGE,NY,130
ELBURN,IL,601
ELCHO,WI,544
ELDERON,WI,544
ELDERTON,PA,157
ELDON,IA,525
ELDON,MO,650
ELDORA,IA,506
ELDORADO,IL,629
ELDORADO,OK,735
ELDORADO,TX,769
ELDORADO,WI,549
ELDORADO SPRINGS,CO,800
ELDRED,IL,620
ELDRED,NY,127
ELDRED,PA,167
ELDRIDGE,IA,527
ELDRIDGE,MO,654
ELEANOR,WV,250
ELECTRA,TX,763
ELECTRIC CITY,WA,991
ELEELE,HI,967
ELEPHANT BUTTE,NM,879
ELEROY,IL,610
ELEVA,WI,547
ELEVEN MILE CORN,AZ,852
ELFERS,FL,346
ELFIN COVE,AK,998
ELFRIDA,AZ,856
ELGIN,IA,521
ELGIN,IL,601
ELGIN,MN,559
ELGIN,ND,585
ELGIN,NE,686
ELGIN,OH,458
ELGIN,OK,735
ELGIN,OR,978
ELGIN,PA,164
ELGIN,SC,290
ELGIN,TN,377
ELGIN,TX,786
ELIDA,NM,881
ELIDA,OH,458
ELIM,AK,997
ELIOT,ME,039
ELIZABETH,AR,725
ELIZABETH,CO,801
ELIZABETH,IL,610
ELIZABETH,IN,471
ELIZABETH,LA,706
ELIZABETH,NJ,072
ELIZABETH,PA,150
ELIZABETH,WV,261
ELIZABETH CITY,NC,279
ELIZABETHTON,TN,376
ELIZABETHTOWN,IL,629
ELIZABETHTOWN,IN,472
ELIZABETHTOWN,KY,427
ELIZABETHTOWN,NC,283
ELIZABETHTOWN,NY,129
ELIZABETHTOWN,PA,170
ELIZABETHVILLE,PA,170
ELIZAVILLE,NY,125
ELK,CA,954
ELK,WA,990
ELK CITY,ID,835
ELK CITY,KS,673
ELK CITY,OK,736
ELK CREEK,CA,959
ELK CREEK,MO,654
ELK CREEK,NE,683
ELK CREEK,VA,243
ELK FALLS,KS,673
ELK GARDEN,WV,267
ELK GROVE,CA,956
ELK GROVE VILLAGE,IL,600
ELK HORN,IA,515
ELK MILLS,MD,219
ELK MOUND,WI,547
ELK MOUNTAIN,WY,823
ELK PARK,NC,286
ELK POINT,SD,570
ELK RAPIDS,MI,496
ELK RIVER,ID,838
ELK RIVER,MN,553
ELKA PARK,NY,124
ELKADER,IA,520
ELKHART,IA,500
ELKHART,IL,626
ELKHART,IN,465
ELKHART,KS,679
ELKHART,TX,758
ELKHART LAKE,WI,530
ELKHORN,NE,680
ELKHORN,WI,531
ELKHORN CITY,KY,415
ELKIN,NC,286
ELKINS,AR,727
ELKINS,NH,032
ELKINS,WV,262
ELKINS PARK,PA,190
ELKLAND,MO,656
ELKLAND,PA,169
ELKMONT,AL,356
ELKO,GA,310
ELKO,NV,898
ELKO,SC,298
ELKO NEW MARKET,MN,550
ELKRIDGE,MD,210
ELKTON,FL,320
ELKTON,KY,422
ELKTON,MD,219
ELKTON,MI,487
ELKTON,OH,444
ELKTON,OR,974
ELKTON,SD,570
ELKTON,TN,384
ELKTON,VA,228
ELKVIEW,WV,250
ELKVILLE,IL,629
ELLABELL,GA,313
ELLAVILLE,GA,318
ELLENBORO,NC,280
ELLENBORO,WV,263
ELLENBURG,NY,129
ELLENBURG CENTER,NY,129
ELLENBURG DEPOT,NY,129
ELLENDALE,DE,199
ELLENDALE,MN,560
ELLENDALE,ND,584
ELLENDALE,TN,380
ELLENSBURG,WA,989
ELLENTON,FL,342
ELLENTON,GA,317
ELLENVILLE,NY,124
ELLENWOOD,GA,302
ELLERBE,NC,283
ELLERSLIE,MD,215
ELLETTSVILLE,IN,474
ELLICOTT CITY,MD,210
ELLICOTTVILLE,NY,147
ELLIJAY,GA,305
ELLINGER,TX,789
ELLINGTON,CT,060
ELLINGTON,MO,636
ELLINGTON,NY,147
ELLINWOOD,KS,675
ELLIOTT,IA,515
ELLIOTT,IL,609
ELLIOTT,SC,290
ELLIOTTSBURG,PA,170
ELLIOTTVILLE,KY,403
ELLIS,ID,832
ELLIS,KS,676
ELLIS GROVE,IL,622
ELLISBURG,NY,136
ELLISON BAY,WI,542
ELLISTON,MT,597
ELLISTON,VA,240
ELLISVILLE,IL,614
ELLISVILLE,MS,394
ELLOREE,SC,290
ELLSINORE,MO,639
ELLSTON,IA,500
ELLSWORTH,IA,500
ELLSWORTH,KS,674
ELLSWORTH,ME,046
ELLSWORTH,MI,497
ELLSWORTH,MN,561
ELLSWORTH,NE,693
ELLSWORTH,OH,444
ELLSWORTH,PA,153
ELLSWORTH,WI,540
ELLWOOD CITY,PA,161
ELM,PA,175
ELM CITY,NC,278
ELM CREEK,NE,688
ELM GROVE,LA,710
ELM HALL,MI,488
ELM MOTT,TX,766
ELM SPRINGS,AR,727
ELM SPRINGS,SD,577
ELMA,IA,506
ELMA,NY,140
ELMA,WA,985
ELMATON,TX,774
ELMDALE,KS,668
ELMENDORF,TX,781
ELMER,LA,714
ELMER,MO,635
ELMER,NJ,080
ELMER CITY,WA,991
ELMHURST,IL,601
ELMHURST,NY,113
ELMIRA,CA,956
ELMIRA,MI,497
ELMIRA,NY,148
ELMIRA,OR,974
ELMO,MO,644
ELMO,MT,599
ELMO,TX,751
ELMO,UT,845
ELMONT,NY,110
ELMORA,PA,157
ELMORE,AL,360
ELMORE,OH,434
ELMORE CITY,OK,734
ELMSFORD,NY,105
ELMWOOD,IL,615
ELMWOOD,MA,023
ELMWOOD,NE,683
ELMWOOD,WI,547
ELMWOOD PARK,IL,607
ELMWOOD PARK,NJ,074
ELNORA,IN,475
ELON,NC,272
ELORA,TN,373
ELOY,AZ,851
ELRAMA,PA,150
ELROD,AL,354
ELROSA,MN,563
ELROY,WI,539
ELSA,TX,785
ELSBERRY,MO,633
ELSIE,MI,488
ELSIE,NE,691
ELSINORE,UT,847
ELTON,LA,705
ELTON,PA,159
ELTOPIA,WA,993
ELVASTON,IL,623
ELVERSON,PA,195
ELVERTA,CA,956
ELWELL,MI,488
ELWIN,IL,625
ELWOOD,IA,522
ELWOOD,IL,604
ELWOOD,IN,460
ELWOOD,KS,660
ELWOOD,NE,689
ELY,IA,522
ELY,MN,557
ELY,NV,893
ELYRIA,OH,440
ELYSBURG,PA,178
ELYSIAN,MN,560
ELYSIAN FIELDS,TX,756
EMBARRASS,MN,557
EMBARRASS,WI,549
EMBLEM,WY,824
EMDEN,IL,626
EMDEN,MO,634
EMEIGH,PA,157
EMELLE,AL,354
EMERADO,ND,582
EMERALD,WI,540
EMERALD ISLE,NC,285
EMERSON,AR,717
EMERSON,IA,515
EMERSON,NE,687
EMERSON,NJ,076
EMERY,SD,573
EMERY,UT,845
EMERYVILLE,CA,946
EMIGRANT,MT,590
EMIGRANT GAP,CA,957
EMIGSVILLE,PA,173
EMILY,MN,564
EMINENCE,IN,461
EMINENCE,KY,400
EMINENCE,MO,654
EMINGTON,IL,609
EMLENTON,PA,163
EMLYN,KY,407
EMMA,MO,653
EMMALENA,KY,417
EMMAUS,PA,180
EMMET,AR,718
EMMETSBURG,IA,505
EMMETT,ID,836
EMMETT,KS,664
EMMITSBURG,MD,217
EMMONAK,AK,995
EMMONS,MN,560
EMORY,TX,754
EMORY,VA,243
EMPIRE,AL,350
EMPIRE,CA,953
EMPIRE,CO,804
EMPIRE,MI,496
EMPIRE,NV,894
EMPIRE,OH,439
EMPORIA,KS,668
EMPORIA,VA,238
EMPORIUM,PA,158
ENCAMPMENT,WY,823
ENCINAL,TX,780
ENCINITAS,CA,920
ENCINO,CA,913
ENCINO,NM,883
ENCINO,TX,783
ENDEAVOR,PA,163
ENDEAVOR,WI,539
ENDERLIN,ND,580
ENDERS,NE,690
ENDICOTT,NE,683
ENDICOTT,NY,137
ENDICOTT,WA,991
ENERGY,IL,629
ENERGY,TX,764
ENFIELD,CT,060
ENFIELD,IL,628
ENFIELD,NC,278
ENFIELD,NH,037
ENFIELD CENTER,NH,037
ENGADINE,MI,498
ENGELHARD,NC,278
ENGLAND,AR,720
ENGLEWOOD,CO,801
ENGLEWOOD,FL,342
ENGLEWOOD,KS,678
ENGLEWOOD,NJ,076
ENGLEWOOD,OH,453
ENGLISH,IN,471
ENID,MS,389
ENID,OK,737
ENIGMA,GA,317
ENKA,NC,287
ENLOE,TX,754
ENNICE,NC,286
ENNING,SD,577
ENNIS,MT,597
ENNIS,TX,751
ENOCHS,TX,793
ENOLA,AR,720
ENON,OH,453
ENON VALLEY,PA,161
ENOREE,SC,293
ENOSBURG FALLS,VT,054
ENSENADA,PR,006
ENTERPRISE,AL,363
ENTERPRISE,KS,674
ENTERPRISE,MS,393
ENTERPRISE,OR,978
ENTERPRISE,UT,847
ENTERPRISE,WV,265
ENTIAT,WA,988
ENTRIKEN,PA,166
ENUMCLAW,WA,980
ENVILLE,TN,383
EOLA,IL,605
EOLA,TX,769
EOLIA,MO,633
EPES,AL,354
EPHRAIM,UT,846
EPHRAIM,WI,542
EPHRATA,PA,175
EPHRATA,WA,988
EPPING,ND,588
EPPING,NH,030
EPPS,LA,712
EPSOM,NH,032
EPWORTH,IA,520
EQUALITY,AL,360
EQUALITY,IL,629
EQUINUNK,PA,184
ERA,TX,762
ERATH,LA,705
ERBACON,WV,262
ERHARD,MN,565
ERICK,OK,736
ERICSON,NE,686
ERIE,CO,805
ERIE,IL,612
ERIE,KS,667
ERIE,MI,481
ERIE,ND,580
ERIE,PA,164
ERIEVILLE,NY,130
ERIN,TN,370
ERLANGER,KY,410
ERNUL,NC,285
EROS,LA,712
ERROL,NH,035
ERSKINE,MN,565
ERVING,MA,013
ERWIN,TN,376
ERWINNA,PA,189
ERWINVILLE,LA,707
ESBON,KS,669
ESCALANTE,UT,847
ESCALON,CA,953
ESCANABA,MI,498
ESCATAWPA,MS,395
ESCONDIDO,CA,920
ESKDALE,WV,250
ESKO,MN,557
ESKRIDGE,KS,664
ESMOND,IL,601
ESMOND,ND,583
ESOM HILL,GA,301
ESOPUS,NY,124
ESPANOLA,NM,875
ESPARTO,CA,956
ESPERANCE,NY,120
ESSEX,CT,064
ESSEX,IA,516
ESSEX,IL,609
ESSEX,MA,019
ESSEX,MD,212
ESSEX,MO,638
ESSEX,NY,129
ESSEX FELLS,NJ,070
ESSEX JUNCTION,VT,054
ESSIE,KY,408
ESSINGTON,PA,190
ESTACADA,OR,970
ESTANCIA,NM,870
ESTELL MANOR,NJ,083
ESTELLINE,SD,572
ESTELLINE,TX,792
ESTER,AK,997
ESTERO,FL,339
ESTES PARK,CO,805
ESTHERVILLE,IA,513
ESTHERWOOD,LA,705
ESTILL,SC,299
ESTILL SPRINGS,TN,373
ETHAN,SD,573
ETHEL,LA,707
ETHEL,MO,635
ETHEL,MS,390
ETHEL,WA,985
ETHEL,WV,250
ETHELSVILLE,AL,354
ETHER,NC,272
ETHRIDGE,MT,594
ETHRIDGE,TN,384
ETNA,CA,960
ETNA,NH,037
ETNA,NY,130
ETNA,OH,430
ETOILE,TX,759
ETON,GA,307
ETOWAH,AR,724
ETOWAH,NC,287
ETOWAH,TN,373
ETTA,MS,386
ETTERS,PA,173
ETTRICK,WI,546
EUBANK,KY,425
EUCHA,OK,743
EUCLID,OH,441
EUDORA,AR,716
EUFAULA,AL,360
EUFAULA,OK,744
EUGENE,MO,650
EUGENE,OR,974
EULESS,TX,760
EUNICE,LA,705
EUNICE,NM,882
EUPORA,MS,397
EURE,NC,279
EUREKA,CA,955
EUREKA,IL,615
EUREKA,KS,670
EUREKA,MI,488
EUREKA,MO,630
EUREKA,MT,599
EUREKA,NV,893
EUREKA,SD,574
EUREKA,UT,846
EUREKA,WI,549
EUREKA SPRINGS,AR,726
EUSTACE,TX,751
EUSTIS,FL,327
EUSTIS,ME,049
EUSTIS,NE,690
EUTAW,AL,354
EUTAWVILLE,SC,290
EVA,AL,356
EVA,TN,383
EVADALE,TX,776
EVANGELINE,LA,705
EVANS,CO,806
EVANS,GA,308
EVANS,LA,706
EVANS,WV,252
EVANS CITY,PA,160
EVANS MILLS,NY,136
EVANSPORT,OH,435
EVANSTON,IL,602
EVANSTON,WY,829
EVANSVILLE,AR,727
EVANSVILLE,IL,622
EVANSVILLE,IN,477
EVANSVILLE,MN,563
EVANSVILLE,WI,535
EVANT,TX,765
EVART,MI,496
EVARTS,KY,408
EVELETH,MN,557
EVENING SHADE,AR,725
EVENSVILLE,TN,373
EVEREST,KS,664
EVERETT,PA,155
EVERETT,WA,980
EVERETTS,NC,278
EVERGLADES CITY,FL,341
EVERGREEN,AL,364
EVERGREEN,CO,804
EVERGREEN,LA,713
EVERGREEN,NC,284
EVERGREEN,VA,239
EVERGREEN PARK,IL,608
EVERLY,IA,513
EVERSON,PA,156
EVERSON,WA,982
EVERTON,AR,726
EVINGTON,VA,245
EVINSTON,FL,326
EWA BEACH,HI,967
EWELL,MD,218
EWEN,MI,499
EWING,KY,410
EWING,MO,634
EWING,NE,687
EWING,VA,242
EXCEL,AL,364
EXCELLO,MO,652
EXCELSIOR,PA,178
EXCELSIOR SPRINGS,MO,640
EXELAND,WI,548
EXETER,CA,932
EXETER,ME,044
EXETER,NE,683
EXETER,NH,038
EXETER,RI,028
EXIRA,IA,500
EXMORE,VA,233
EXPERIMENT,GA,302
EXTON,PA,193
EYOTA,MN,559
EZEL,KY,414
FABENS,TX,798
FABER,VA,229
FABIUS,NY,130
FAGUS,MO,639
FAIR BLUFF,NC,284
FAIR GROVE,MO,656
FAIR HAVEN,MI,480
FAIR HAVEN,NJ,077
FAIR HAVEN,NY,130
FAIR HAVEN,VT,057
FAIR LAWN,NJ,074
FAIR OAKS,CA,956
FAIR OAKS,IN,479
FAIR PLAY,MO,656
FAIR PLAY,SC,296
FAIRACRES,NM,880
FAIRBANK,IA,506
FAIRBANK,PA,154
FAIRBANKS,AK,997
FAIRBANKS,IN,478
FAIRBANKS,LA,712
FAIRBORN,OH,453
FAIRBURN,GA,302
FAIRBURN,SD,577
FAIRBURY,IL,617
FAIRBURY,NE,683
FAIRCHANCE,PA,154
FAIRCHILD,WI,547
FAIRCHILD AIR FORCE BASE,WA,990
FAIRDALE,KY,401
FAIRDALE,ND,582
FAIRDALE,WV,258
FAIRFAX,CA,949
FAIRFAX,IA,522
FAIRFAX,MN,553
FAIRFAX,MO,644
FAIRFAX,OK,746
FAIRFAX,SC,298
FAIRFAX,SD,573
FAIRFAX,VA,220
FAIRFAX,VT,054
FAIRFIELD,AL,350
FAIRFIELD,CA,945
FAIRFIELD,CT,064
FAIRFIELD,FL,326
FAIRFIELD,IA,525
FAIRFIELD,ID,833
FAIRFIELD,IL,628
FAIRFIELD,KY,400
FAIRFIELD,ME,049
FAIRFIELD,MT,594
FAIRFIELD,NE,689
FAIRFIELD,NJ,070
FAIRFIELD,OH,450
FAIRFIELD,PA,173
FAIRFIELD,TX,758
FAIRFIELD,VA,244
FAIRFIELD,VT,054
FAIRFIELD,WA,990
FAIRFIELD BAY,AR,720
FAIRFOREST,SC,293
FAIRHAVEN,MA,027
FAIRHOPE,AL,365
FAIRHOPE,PA,155
FAIRLAND,IN,461
FAIRLAND,OK,743
FAIRLAWN,OH,443
FAIRLEE,VT,050
FAIRLESS HILLS,PA,190
FAIRMONT,MN,560
FAIRMONT,NC,283
FAIRMONT,NE,683
FAIRMONT,OK,737
FAIRMONT,WV,265
FAIRMOUNT,GA,301
FAIRMOUNT,IL,618
FAIRMOUNT,IN,469
FAIRMOUNT,ND,580
FAIRMOUNT CITY,PA,162
FAIRPLAY,CO,804
FAIRPLAY,MD,217
FAIRPORT,NY,144
FAIRPORT HARBOR,OH,440
FAIRTON,NJ,083
FAIRVIEW,IL,614
FAIRVIEW,KS,664
FAIRVIEW,KY,422
FAIRVIEW,MI,486
FAIRVIEW,MO,648
FAIRVIEW,MT,592
FAIRVIEW,NC,287
FAIRVIEW,OK,737
FAIRVIEW,OR,970
FAIRVIEW,PA,164
FAIRVIEW,TN,370
FAIRVIEW,UT,846
FAIRVIEW,WV,265
FAIRVIEW,WY,831
FAIRVIEW VILLAGE,PA,194
FAIRWATER,WI,539
FAISON,NC,283
FAITH,NC,280
FAITH,SD,576
FAJARDO,PR,007
FALCON,KY,414
FALCON,MO,654
FALCON,NC,283
FALCON HEIGHTS,TX,785
FALCONER,NY,147
FALFURRIAS,TX,783
FALKLAND,NC,278
FALKNER,MS,386
FALKVILLE,AL,356
FALL BRANCH,TN,376
FALL CITY,WA,980
FALL CREEK,WI,547
FALL RIVER,KS,670
FALL RIVER,MA,027
FALL RIVER,WI,539
FALL RIVER MILLS,CA,960
FALL ROCK,KY,409
FALLBROOK,CA,920
FALLENTIMBER,PA,166
FALLING ROCK,WV,250
FALLING WATERS,WV,254
FALLON,MT,593
FALLON,NV,894
FALLS,PA,186
FALLS CHURCH,VA,220
FALLS CITY,NE,683
FALLS CITY,OR,973
FALLS CITY,TX,781
FALLS CREEK,PA,158
FALLS MILLS,VA,246
FALLS OF ROUGH,KY,401
FALLS VILLAGE,CT,060
FALLSBURG,NY,127
FALLSTON,MD,210
FALLSTON,NC,280
FALMOUTH,IN,461
FALMOUTH,KY,410
FALMOUTH,MA,025
FALMOUTH,ME,041
FALMOUTH,MI,496
FALSE PASS,AK,995
FALUN,KS,674
FANCHER,NY,144
FANCY FARM,KY,420
FANCY GAP,VA,243
FANNETTSBURG,PA,172
FANNIN,TX,779
FANSHAWE,OK,749
FANWOOD,NJ,070
FAR ROCKAWAY,NY,110
FARBER,MO,633
FARGO,GA,316
FARGO,ND,581
FARGO,OK,738
FARIBAULT,MN,550
FARINA,IL,628
FARLEY,IA,520
FARLEY,MO,640
FARMER,OH,435
FARMER CITY,IL,618
FARMERS,KY,403
FARMERSBURG,IN,478
FARMERSVILLE,CA,932
FARMERSVILLE,IL,625
FARMERSVILLE,TX,754
FARMERVILLE,LA,712
FARMINGDALE,NJ,077
FARMINGDALE,NY,117
FARMINGTON,AR,727
FARMINGTON,CA,952
FARMINGTON,CT,060
FARMINGTON,DE,199
FARMINGTON,GA,306
FARMINGTON,IA,526
FARMINGTON,IL,615
FARMINGTON,KY,420
FARMINGTON,ME,049
FARMINGTON,MI,483
FARMINGTON,MN,550
FARMINGTON,MO,636
FARMINGTON,NH,038
FARMINGTON,NM,874
FARMINGTON,NY,144
FARMINGTON,PA,154
FARMINGTON,UT,840
FARMINGTON,WA,991
FARMINGTON,WV,265
FARMINGTON HILLS,MI,481
FARMINGVILLE,NY,117
FARMLAND,IN,473
FARMVILLE,NC,278
FARMVILLE,VA,239
FARNAM,NE,690
FARNER,TN,373
FARNHAM,VA,224
FARNHAMVILLE,IA,505
FARNSWORTH,TX,790
FARRAGUT,IA,516
FARRELL,MS,386
FARRELL,PA,161
FARSON,WY,829
FARWELL,MI,486
FARWELL,NE,688
FARWELL,TX,793
FATE,TX,751
FAUCETT,MO,644
FAULKNER,MD,206
FAULKTON,SD,574
FAUNSDALE,AL,367
FAWNSKIN,CA,923
FAY,OK,736
FAYETTE,AL,355
FAYETTE,IA,521
FAYETTE,MO,652
FAYETTE,MS,390
FAYETTE,NY,130
FAYETTE,OH,435
FAYETTE CITY,PA,154
FAYETTEVILLE,AR,727
FAYETTEVILLE,GA,302
FAYETTEVILLE,NC,283
FAYETTEVILLE,NY,130
FAYETTEVILLE,OH,451
FAYETTEVILLE,PA,172
FAYETTEVILLE,TN,373
FAYETTEVILLE,TX,789
FAYETTEVILLE,WV,258
FAYVILLE,MA,017
FAYWOOD,NM,880
FEASTERVILLE TREVOSE,PA,190
FEDERAL WAY,WA,980
FEDERALSBURG,MD,216
FEDSCREEK,KY,415
FEESBURG,OH,451
FELCH,MI,498
FELDA,FL,339
FELICITY,OH,451
FELLOWS,CA,932
FELLSMERE,FL,329
FELT,OK,739
FELTON,CA,950
FELTON,DE,199
FELTON,GA,301
FELTON,MN,565
FELTON,PA,173
FELTS MILLS,NY,136
FENCE,WI,541
FENCE LAKE,NM,873
FENNIMORE,WI,538
FENNVILLE,MI,494
FENTON,IA,505
FENTON,LA,706
FENTON,MI,484
FENTON,MO,630
FENTRESS,TX,786
FENWICK,MI,488
FENWICK,WV,262
FERDINAND,ID,835
FERDINAND,IN,475
FERGUS FALLS,MN,565
FERGUSON,IA,500
FERGUSON,KY,425
FERGUSON,NC,286
FERNANDINA BEACH,FL,320
FERNDALE,CA,955
FERNDALE,NY,127
FERNDALE,PA,189
FERNDALE,WA,982
FERNEY,SD,574
FERNLEY,NV,894
FERNWOOD,ID,838
FERNWOOD,MS,396
FERRIDAY,LA,713
FERRIS,IL,623
FERRIS,TX,751
FERRISBURGH,VT,054
FERRON,UT,845
FERRUM,VA,240
FERRYSBURG,MI,494
FERRYVILLE,WI,546
FERTILE,IA,504
FERTILE,MN,565
FESSENDEN,ND,584
FESTUS,MO,630
FEURA BUSH,NY,120
FIATT,IL,614
FIDDLETOWN,CA,956
FIDELITY,IL,620
FIELDING,UT,843
FIELDON,IL,620
FIELDS LANDING,CA,955
FIFE,WA,984
FIFE LAKE,MI,496
FIFIELD,WI,545
FILER,ID,833
FILLMORE,CA,930
FILLMORE,IL,620
FILLMORE,IN,461
FILLMORE,MO,644
FILLMORE,NY,147
FILLMORE,UT,846
FINCASTLE,VA,240
FINCHVILLE,KY,400
FINDLAY,IL,625
FINDLAY,OH,458
FINDLEY LAKE,NY,147
FINE,NY,136
FINGAL,ND,580
FINGER,TN,383
FINGERVILLE,SC,293
FINKSBURG,MD,210
FINLAND,MN,556
FINLAYSON,MN,557
FINLEY,CA,954
FINLEY,ND,582
FINLEY,OK,745
FINLEY,TN,380
FINLEYVILLE,PA,153
FIREBAUGH,CA,936
FIREBRICK,KY,411
FIRESTEEL,SD,576
FIRESTONE,CO,805
FIRTH,ID,832
FIRTH,NE,683
FISCHER,TX,786
FISH CAMP,CA,936
FISH CREEK,WI,542
FISHER,AR,724
FISHER,IL,618
FISHER,LA,714
FISHER,MN,567
FISHERS,IN,460
FISHERS,NY,144
FISHERS HILL,VA,226
FISHERS ISLAND,NY,063
FISHERS LANDING,NY,136
FISHERSVILLE,VA,229
FISHERTOWN,PA,155
FISHERVILLE,KY,400
FISHING CREEK,MD,216
FISHKILL,NY,125
FISHS EDDY,NY,137
FISHTAIL,MT,590
FISK,MO,639
FISKDALE,MA,015
FISKEVILLE,RI,028
FISTY,KY,417
FITCHBURG,MA,014
FITHIAN,IL,618
FITTSTOWN,OK,748
FITZGERALD,GA,317
FITZHUGH,OK,748
FITZPATRICK,AL,360
FITZWILLIAM,NH,034
FIVE POINTS,AL,368
FIVE POINTS,CA,936
FLAG POND,TN,376
FLAGLER,CO,808
FLAGLER BEACH,FL,321
FLAGSTAFF,AZ,860
FLAGTOWN,NJ,088
FLANAGAN,IL,617
FLANDERS,NJ,078
FLANDREAU,SD,570
FLASHER,ND,585
FLAT,TX,765
FLAT ROCK,AL,359
FLAT ROCK,IL,624
FLAT ROCK,IN,472
FLAT ROCK,MI,481
FLAT ROCK,OH,448
FLATGAP,KY,412
FLATONIA,TX,789
FLATWOODS,KY,411
FLATWOODS,WV,266
FLAXVILLE,MT,592
FLEETVILLE,PA,184
FLEETWOOD,PA,195
FLEISCHMANNS,NY,124
FLEMING,CO,807
FLEMING,PA,168
FLEMING ISLAND,FL,320
FLEMINGSBURG,KY,410
FLEMINGTON,MO,656
FLEMINGTON,NJ,088
FLEMINGTON,WV,263
FLENSBURG,MN,563
FLETCHER,NC,287
FLETCHER,OK,735
FLINT,MI,485
FLINT,TX,757
FLINT HILL,VA,226
FLINTHILL,MO,633
FLINTON,PA,166
FLINTSTONE,GA,307
FLINTSTONE,MD,215
FLINTVILLE,TN,373
FLIPPIN,AR,726
FLOM,MN,565
FLOMATON,AL,364
FLOODWOOD,MN,557
FLORA,IL,628
FLORA,IN,469
FLORA,LA,714
FLORA,MS,390
FLORA VISTA,NM,874
FLORAHOME,FL,321
FLORAL,AR,725
FLORAL CITY,FL,344
FLORAL PARK,NY,110
FLORALA,AL,364
FLORENCE,AL,356
FLORENCE,AZ,851
FLORENCE,CO,812
FLORENCE,IN,470
FLORENCE,KS,668
FLORENCE,KY,410
FLORENCE,MO,653
FLORENCE,MS,390
FLORENCE,MT,598
FLORENCE,OR,974
FLORENCE,SC,295
FLORENCE,SD,572
FLORENCE,TX,765
FLORENCE,VT,057
FLORENCE,WI,541
FLORESVILLE,TX,781
FLORHAM PARK,NJ,079
FLORIDA,NY,109
FLORIDA,PR,006
FLORIEN,LA,714
FLORISSANT,CO,808
FLORISSANT,MO,630
FLOSSMOOR,IL,604
FLOURTOWN,PA,190
FLOVILLA,GA,302
FLOWER MOUND,TX,750
FLOWERY BRANCH,GA,305
FLOWOOD,MS,392
FLOYD,IA,504
FLOYD,NM,881
FLOYD,VA,240
FLOYDADA,TX,792
FLOYDS KNOBS,IN,471
FLUKER,LA,704
FLUSHING,MI,484
FLUSHING,NY,113
FLUVANNA,TX,795
FLYNN,TX,778
FOGELSVILLE,PA,180
FOLCROFT,PA,190
FOLEY,AL,365
FOLEY,MN,563
FOLKSTON,GA,315
FOLLANSBEE,WV,260
FOLLETT,TX,790
FOLLY BEACH,SC,294
FOLSOM,CA,956
FOLSOM,LA,704
FOLSOM,NM,884
FOLSOM,PA,190
FOLSOM,WV,263
FOND DU LAC,WI,549
FONDA,IA,505
FONDA,NY,120
FONTANA,CA,923
FONTANA,KS,660
FONTANA,WI,531
FONTANA DAM,NC,287
FONTANELLE,IA,508
FONTANET,IN,478
FOOSLAND,IL,618
FOOTVILLE,WI,535
FORBES ROAD,PA,156
FORBESTOWN,CA,959
FORCE,PA,158
FORD,WA,990
FORD CITY,PA,162
FORDLAND,MO,656
FORDOCHE,LA,707
FORDS,NJ,088
FORDSVILLE,KY,423
FORDVILLE,ND,582
FORDYCE,AR,717
FORDYCE,NE,687
FOREMAN,AR,718
FOREST,IN,460
FOREST,LA,712
FOREST,MS,390
FOREST,OH,458
FOREST,VA,245
FOREST CITY,IA,504
FOREST CITY,IL,615
FOREST CITY,MO,644
FOREST CITY,NC,280
FOREST CITY,PA,184
FOREST DALE,VT,057
FOREST FALLS,CA,923
FOREST GROVE,OR,971
FOREST GROVE,PA,189
FOREST HILL,LA,714
FOREST HILL,MD,210
FOREST HILL,WV,249
FOREST HILLS,NY,113
FOREST HOME,AL,360
FOREST JUNCTION,WI,541
FOREST KNOLLS,CA,949
FOREST LAKE,MN,550
FOREST LAKES,AZ,859
FOREST PARK,GA,302
FOREST PARK,IL,601
FOREST RANCH,CA,959
FOREST RIVER,ND,582
FORESTBURG,TX,762
FORESTDALE,MA,026
FORESTDALE,RI,028
FORESTHILL,CA,956
FORESTON,MN,563
FORESTPORT,NY,133
FORESTVILLE,CA,954
FORESTVILLE,MI,484
FORESTVILLE,NY,140
FORESTVILLE,PA,160
FORESTVILLE,WI,542
FORISTELL,MO,633
FORK,MD,210
FORK,SC,295
FORK UNION,VA,230
FORKED RIVER,NJ,087
FORKLAND,AL,367
FORKS,WA,983
FORKS OF SALMON,CA,960
FORMAN,ND,580
FORMOSO,KS,669
FORNEY,TX,751
FORREST,IL,617
FORREST CITY,AR,723
FORRESTON,IL,610
FORRESTON,TX,760
FORSAN,TX,797
FORSYTH,GA,310
FORSYTH,IL,625
FORSYTH,MO,656
FORSYTH,MT,593
FORT ANN,NY,128
FORT APACHE,AZ,859
FORT ASHBY,WV,267
FORT ATKINSON,IA,521
FORT ATKINSON,WI,535
FORT BAYARD,NM,880
FORT BELVOIR,VA,220
FORT BENNING,GA,319
FORT BENTON,MT,594
FORT BIDWELL,CA,961
FORT BRAGG,CA,954
FORT BRAGG,NC,283
FORT BRANCH,IN,476
FORT BRIDGER,WY,829
FORT CALHOUN,NE,680
FORT CAMPBELL,KY,422
FORT CARSON,CO,809
FORT COBB,OK,730
FORT COLLINS,CO,805
FORT COVINGTON,NY,129
FORT DAVIS,AL,360
FORT DAVIS,TX,797
FORT DEFIANCE,AZ,865
FORT DEPOSIT,AL,360
FORT DODGE,IA,505
FORT DRUM,NY,136
FORT DUCHESNE,UT,840
FORT EDWARD,NY,128
FORT EUSTIS,VA,236
FORT FAIRFIELD,ME,047
FORT GAINES,GA,317
FORT GARLAND,CO,811
FORT GAY,WV,255
FORT GEORGE G MEADE,MD,207
FORT GIBSON,OK,744
FORT GRATIOT,MI,480
FORT GREELY,AK,997
FORT HALL,ID,832
FORT HANCOCK,TX,798
FORT HARRISON,MT,596
FORT HILL,PA,155
FORT HOOD,TX,765
FORT HUACHUCA,AZ,856
FORT IRWIN,CA,923
FORT JOHNSON,NY,120
FORT JONES,CA,960
FORT KENT,ME,047
FORT KENT MILLS,ME,047
FORT KLAMATH,OR,976
FORT KNOX,KY,401
FORT LARAMIE,WY,822
FORT LAUDERDALE,FL,333
FORT LAWN,SC,297
FORT LEAVENWORTH,KS,660
FORT LEE,NJ,070
FORT LEE,VA,238
FORT LEONARD WOOD,MO,654
FORT LORAMIE,OH,458
FORT LOUDON,PA,172
FORT LUPTON,CO,806
FORT MADISON,IA,526
FORT MC COY,FL,321
FORT MC KAVETT,TX,768
FORT MCNAIR,DC,203
FORT MEADE,FL,338
FORT MEADE,SD,577
FORT MILL,SC,297
FORT MITCHELL,AL,368
FORT MOHAVE,AZ,864
FORT MONMOUTH,NJ,077
FORT MONTGOMERY,NY,109
FORT MORGAN,CO,807
FORT MYERS,FL,339
FORT MYERS BEACH,FL,339
FORT NECESSITY,LA,712
FORT OGDEN,FL,342
FORT OGLETHORPE,GA,307
FORT PAYNE,AL,359
FORT PECK,MT,592
FORT PIERCE,FL,349
FORT PIERRE,SD,575
FORT PLAIN,NY,133
FORT POLK,LA,714
FORT RANSOM,ND,580
FORT RECOVERY,OH,458
FORT RILEY,KS,664
FORT RITNER,IN,474
FORT ROCK,OR,977
FORT SCOTT,KS,667
FORT SHAW,MT,594
FORT SHERIDAN,IL,600
FORT SILL,OK,735
FORT SMITH,AR,729
FORT SMITH,MT,590
FORT SPRING,WV,249
FORT STANTON,NM,883
FORT STEWART,GA,313
FORT STOCKTON,TX,797
FORT SUMNER,NM,881
FORT SUPPLY,OK,738
FORT THOMAS,AZ,855
FORT THOMAS,KY,410
FORT THOMPSON,SD,573
FORT TOTTEN,ND,583
FORT TOWSON,OK,747
FORT VALLEY,GA,310
FORT VALLEY,VA,226
FORT WALTON BEACH,FL,325
FORT WASHAKIE,WY,825
FORT WASHINGTON,MD,207
FORT WASHINGTON,PA,190
FORT WAYNE,IN,468
FORT WHITE,FL,320
FORT WINGATE,NM,873
FORT WORTH,TX,761
FORT YATES,ND,585
FORT YUKON,AK,997
FORTESCUE,NJ,083
FORTINE,MT,599
FORTUNA,CA,955
FORTUNA,MO,650
FORTVILLE,IN,460
FOSSIL,OR,978
FOSSTON,MN,565
FOSTER,MO,647
FOSTER,NE,687
FOSTER,OK,734
FOSTER,OR,973
FOSTER,RI,028
FOSTER,VA,230
FOSTER,WV,250
FOSTER CITY,CA,944
FOSTERS,AL,354
FOSTORIA,IA,513
FOSTORIA,MI,484
FOSTORIA,OH,448
FOUKE,AR,718
FOUNTAIN,CO,808
FOUNTAIN,FL,324
FOUNTAIN,MI,494
FOUNTAIN,MN,559
FOUNTAIN CITY,IN,473
FOUNTAIN CITY,WI,546
FOUNTAIN GREEN,UT,846
FOUNTAIN HILL,AR,716
FOUNTAIN HILLS,AZ,852
FOUNTAIN INN,SC,296
FOUNTAIN RUN,KY,421
FOUNTAIN VALLEY,CA,927
FOUNTAINTOWN,IN,461
FOUNTAINVILLE,PA,189
FOUR LAKES,WA,990
FOUR OAKS,NC,275
FOUR STATES,WV,265
FOURMILE,KY,409
FOWLER,CA,936
FOWLER,CO,810
FOWLER,IL,623
FOWLER,IN,479
FOWLER,KS,678
FOWLER,MI,488
FOWLERVILLE,MI,488
FOWLSTOWN,GA,317
FOX,AR,720
FOX,OK,734
FOX ISLAND,WA,983
FOX LAKE,IL,600
FOX RIVER GROVE,IL,600
FOX VALLEY,IL,605
FOXBORO,MA,020
FOXBURG,PA,160
FOXHOME,MN,565
FOXWORTH,MS,394
FOYIL,OK,740
FRACKVILLE,PA,179
FRAKES,KY,409
FRAMETOWN,WV,266
FRAMINGHAM,MA,017
FRANCESTOWN,NH,030
FRANCESVILLE,IN,479
FRANCIS,OK,748
FRANCIS CREEK,WI,542
FRANCISCO,IN,476
FRANCITAS,TX,779
FRANCONIA,NH,035
FRANKENMUTH,MI,487
FRANKEWING,TN,384
FRANKFORD,DE,199
FRANKFORD,MO,634
FRANKFORD,WV,249
FRANKFORT,IL,604
FRANKFORT,IN,460
FRANKFORT,KS,664
FRANKFORT,KY,406
FRANKFORT,ME,044
FRANKFORT,MI,496
FRANKFORT,NY,133
FRANKFORT,OH,456
FRANKFORT,SD,574
FRANKLIN,AL,364
FRANKLIN,AR,725
FRANKLIN,GA,302
FRANKLIN,ID,832
FRANKLIN,IL,626
FRANKLIN,IN,461
FRANKLIN,KY,421
FRANKLIN,LA,705
FRANKLIN,MA,020
FRANKLIN,ME,046
FRANKLIN,MI,480
FRANKLIN,MN,553
FRANKLIN,MO,652
FRANKLIN,NC,287
FRANKLIN,NE,689
FRANKLIN,NH,032
FRANKLIN,NJ,074
FRANKLIN,NY,137
FRANKLIN,OH,450
FRANKLIN,PA,163
FRANKLIN,TN,370
FRANKLIN,TX,778
FRANKLIN,VA,238
FRANKLIN,VT,054
FRANKLIN,WI,531
FRANKLIN,WV,268
FRANKLIN FURNACE,OH,456
FRANKLIN LAKES,NJ,074
FRANKLIN PARK,IL,601
FRANKLIN SPRINGS,GA,306
FRANKLIN SQUARE,NY,110
FRANKLINTON,LA,704
FRANKLINTON,NC,275
FRANKLINTOWN,PA,173
FRANKLINVILLE,NC,272
FRANKLINVILLE,NJ,083
FRANKLINVILLE,NY,147
FRANKSTON,TX,757
FRANKTOWN,CO,801
FRANKTOWN,VA,233
FRANKVILLE,AL,365
FRANNIE,WY,824
FRASER,CO,804
FRASER,MI,480
FRAZEE,MN,565
FRAZER,MT,592
FRAZEYSBURG,OH,438
FRAZIER PARK,CA,932
FRAZIERS BOTTOM,WV,250
FRED,TX,776
FREDERIC,MI,497
FREDERIC,WI,548
FREDERICK,CO,805
FREDERICK,MD,217
FREDERICK,OK,735
FREDERICK,PA,194
FREDERICK,SD,574
FREDERICKSBURG,IA,506
FREDERICKSBURG,IN,471
FREDERICKSBURG,OH,446
FREDERICKSBURG,PA,170
FREDERICKSBURG,TX,786
FREDERICKSBURG,VA,224
FREDERICKTOWN,MO,636
FREDERICKTOWN,OH,430
FREDERIKA,IA,506
FREDERIKSTED,VI,008
FREDONIA,AZ,860
FREDONIA,KS,667
FREDONIA,KY,424
FREDONIA,NY,140
FREDONIA,PA,161
FREDONIA,WI,530
FREEBORN,MN,560
FREEBURG,MO,650
FREEBURG,PA,178
FREEBURN,KY,415
FREEDOM,CA,950
FREEDOM,IN,474
FREEDOM,ME,049
FREEDOM,NH,038
FREEDOM,NY,140
FREEDOM,OK,738
FREEDOM,PA,150
FREEDOM,WI,541
FREEDOM,WY,831
FREEHOLD,NJ,077
FREEHOLD,NY,124
FREELAND,MD,210
FREELAND,MI,486
FREELAND,PA,182
FREELAND,WA,982
FREELANDVILLE,IN,475
FREEMAN,MO,647
FREEMAN,SD,570
FREEMAN,VA,238
FREEMAN SPUR,IL,628
FREEPORT,FL,324
FREEPORT,IL,610
FREEPORT,ME,040
FREEPORT,MI,493
FREEPORT,MN,563
FREEPORT,NY,115
FREEPORT,OH,439
FREEPORT,PA,162
FREEPORT,TX,775
FREER,TX,783
FREETOWN,IN,472
FREEVILLE,NY,130
FREMONT,CA,945
FREMONT,IN,467
FREMONT,MI,494
FREMONT,NC,278
FREMONT,NE,680
FREMONT,NH,030
FREMONT,OH,434
FREMONT,WI,549
FRENCH CAMP,CA,952
FRENCH CAMP,MS,397
FRENCH CREEK,WV,262
FRENCH GULCH,CA,960
FRENCH LICK,IN,474
FRENCH SETTLEMENT,LA,707
FRENCHBORO,ME,046
FRENCHBURG,KY,403
FRENCHMANS BAYOU,AR,723
FRENCHTOWN,MT,598
FRENCHTOWN,NJ,088
FRENCHVILLE,ME,047
FRENCHVILLE,PA,168
FRESH MEADOWS,NY,113
FRESNO,CA,936
FRESNO,OH,438
FRESNO,TX,775
FREWSBURG,NY,147
FRIANT,CA,936
FRIARS POINT,MS,386
FRIDAY HARBOR,WA,982
FRIEDENS,PA,155
FRIEDENSBURG,PA,179
FRIEND,NE,683
FRIENDLY,WV,261
FRIENDSHIP,AR,719
FRIENDSHIP,IN,470
FRIENDSHIP,MD,207
FRIENDSHIP,ME,045
FRIENDSHIP,NY,147
FRIENDSHIP,OH,456
FRIENDSHIP,TN,380
FRIENDSVILLE,PA,188
FRIENDSVILLE,TN,377
FRIENDSWOOD,TX,775
FRIERSON,LA,710
FRIES,VA,243
FRIESLAND,WI,539
FRIONA,TX,790
FRISCO,CO,804
FRISCO,NC,279
FRISCO,TX,750
FRISCO CITY,AL,364
FRITCH,TX,790
FROHNA,MO,637
FROID,MT,592
FROMBERG,MT,590
FRONT ROYAL,VA,226
FRONTENAC,KS,667
FRONTENAC,MN,550
FRONTIER,WY,831
FROST,MN,560
FROST,TX,766
FROSTBURG,MD,215
FROSTPROOF,FL,338
FRUITA,CO,815
FRUITDALE,AL,365
FRUITDALE,SD,577
FRUITHURST,AL,362
FRUITLAND,IA,527
FRUITLAND,ID,836
FRUITLAND,MD,218
FRUITLAND,NM,874
FRUITLAND PARK,FL,347
FRUITPORT,MI,494
FRUITVALE,ID,836
FRUITVALE,TX,751
FRYBURG,PA,163
FRYEBURG,ME,040
FULDA,MN,561
FULLERTON,CA,928
FULLERTON,ND,584
FULLERTON,NE,686
FULSHEAR,TX,774
FULTON,AL,364
FULTON,AR,718
FULTON,CA,954
FULTON,IN,469
FULTON,KY,382
FULTON,MD,207
FULTON,MI,490
FULTON,MO,652
FULTON,MS,388
FULTON,NY,130
FULTON,TX,783
FULTONDALE,AL,350
FULTONHAM,NY,120
FULTONHAM,OH,437
FULTONVILLE,NY,120
FUNK,NE,689
FUNKSTOWN,MD,217
FUNSTON,GA,317
FUQUAY VARINA,NC,275
FURLONG,PA,189
FURMAN,AL,367
FURMAN,SC,299
FYFFE,AL,359
GABBS,NV,894
GABLE,SC,290
GABRIELS,NY,129
GACKLE,ND,584
GADSDEN,AL,359
GADSDEN,TN,383
GAFFNEY,SC,293
GAGE,OK,738
GAIL,TX,797
GAINES,MI,484
GAINES,PA,169
GAINESBORO,TN,385
GAINESTOWN,AL,365
GAINESVILLE,AL,354
GAINESVILLE,FL,326
GAINESVILLE,GA,305
GAINESVILLE,MO,656
GAINESVILLE,NY,140
GAINESVILLE,TX,762
GAINESVILLE,VA,201
GAITHERSBURG,MD,208
GAKONA,AK,995
GALATA,MT,594
GALATIA,IL,629
GALAX,VA,243
GALENA,AK,997
GALENA,IL,610
GALENA,MD,216
GALENA,MO,656
GALENA,OH,430
GALENA PARK,TX,775
GALES FERRY,CT,063
GALESBURG,IL,614
GALESBURG,KS,667
GALESBURG,MI,490
GALESBURG,ND,580
GALESVILLE,MD,207
GALESVILLE,WI,546
GALETON,CO,806
GALETON,PA,169
GALIEN,MI,491
GALION,OH,448
GALLAGHER,WV,250
GALLANT,AL,359
GALLATIN,MO,646
GALLATIN,TN,370
GALLATIN,TX,757
GALLATIN GATEWAY,MT,597
GALLAWAY,TN,380
GALLIANO,LA,703
GALLINA,NM,870
GALLION,AL,367
GALLIPOLIS,OH,456
GALLIPOLIS FERRY,WV,255
GALLMAN,MS,390
GALLOWAY,WV,263
GALLUP,NM,873
GALLUPVILLE,NY,120
GALT,CA,956
GALT,IL,610
GALT,MO,646
GALVA,IA,510
GALVA,IL,614
GALVA,KS,674
GALVESTON,IN,469
GALVESTON,TX,775
GALVIN,WA,985
GALWAY,NY,120
GAMALIEL,AR,725
GAMALIEL,KY,421
GAMBELL,AK,997
GAMBIER,OH,430
GAMBRILLS,MD,210
GANADO,AZ,865
GANADO,TX,779
GANDEEVILLE,WV,252
GANN VALLEY,SD,573
GANS,OK,749
GANS,PA,154
GANSEVOORT,NY,128
GANTT,AL,360
GAP,PA,175
GAP MILLS,WV,241
GARARDS FORT,PA,153
GARBER,OK,737
GARBERVILLE,CA,955
GARCIASVILLE,TX,785
GARDEN,MI,498
GARDEN CITY,AL,350
GARDEN CITY,IA,501
GARDEN CITY,ID,837
GARDEN CITY,KS,678
GARDEN CITY,MI,481
GARDEN CITY,MN,560
GARDEN CITY,MO,647
GARDEN CITY,NY,115
GARDEN CITY,TX,797
GARDEN CITY,UT,840
GARDEN GROVE,CA,928
GARDEN GROVE,IA,501
GARDEN VALLEY,CA,956
GARDEN VALLEY,ID,836
GARDENA,CA,902
GARDENDALE,AL,350
GARDENDALE,TX,797
GARDINER,ME,043
GARDINER,MT,590
GARDINER,NY,125
GARDINER,OR,974
GARDNER,CO,810
GARDNER,IL,604
GARDNER,KS,660
GARDNER,MA,014
GARDNERVILLE,NV,894
GARFIELD,AR,727
GARFIELD,GA,304
GARFIELD,KS,675
GARFIELD,KY,401
GARFIELD,MN,563
GARFIELD,NJ,070
GARFIELD,NM,879
GARFIELD,WA,991
GARIBALDI,OR,971
GARITA,NM,884
GARLAND,ME,049
GARLAND,NC,284
GARLAND,PA,164
GARLAND,TX,750
GARLAND,UT,843
GARLAND CITY,AR,718
GARNAVILLO,IA,520
GARNER,AR,720
GARNER,IA,504
GARNER,NC,275
GARNERVILLE,NY,109
GARNETT,KS,660
GARRARD,KY,409
GARRETSON,SD,570
GARRETT,IN,467
GARRETT,KY,416
GARRETT,PA,155
GARRETT PARK,MD,208
GARRETTSVILLE,OH,442
GARRISON,IA,522
GARRISON,KY,411
GARRISON,MN,564
GARRISON,ND,585
GARRISON,NY,105
GARRISON,TX,759
GARRISON,UT,847
GARRISONVILLE,VA,224
GARROCHALES,PR,006
GARRYOWEN,MT,590
GARVIN,OK,747
GARWOOD,TX,774
GARY,IN,464
GARY,MN,565
GARY,SD,572
GARY,TX,756
GARY,WV,248
GARYSBURG,NC,278
GARYVILLE,LA,700
GAS,KS,667
GAS CITY,IN,469
GASBURG,VA,238
GASCONADE,MO,650
GASPORT,NY,140
GASQUET,CA,955
GASSAWAY,WV,266
GASSVILLE,AR,726
GASTON,IN,473
GASTON,NC,278
GASTON,OR,971
GASTON,SC,290
GASTONIA,NC,280
GASTONVILLE,PA,153
GATE,OK,738
GATE CITY,VA,242
GATES,NC,279
GATES,TN,380
GATES MILLS,OH,440
GATESVILLE,NC,279
GATESVILLE,TX,765
GATEWAY,AR,727
GATEWAY,CO,815
GATLINBURG,TN,377
GATTMAN,MS,388
GAULEY BRIDGE,WV,250
GAUSE,TX,778
GAUTIER,MS,395
GAY,GA,302
GAY,WV,252
GAYLORD,KS,676
GAYLORD,MI,497
GAYLORD,MN,553
GAYLORDSVILLE,CT,067
GAYS MILLS,WI,546
GAYSVILLE,VT,057
GAYVILLE,SD,570
GAZELLE,CA,960
GEARY,OK,730
GEDDES,SD,573
GEFF,IL,628
GEIGERTOWN,PA,195
GEISMAR,LA,707
GENE AUTRY,OK,734
GENESEE,ID,838
GENESEE,MI,484
GENESEE DEPOT,WI,531
GENESEO,IL,612
GENESEO,KS,674
GENESEO,NY,144
GENEVA,AL,363
GENEVA,FL,327
GENEVA,GA,318
GENEVA,ID,832
GENEVA,IL,601
GENEVA,MN,560
GENEVA,NE,683
GENEVA,NY,144
GENEVA,OH,440
GENOA,AR,718
GENOA,CO,808
GENOA,IL,601
GENOA,NE,686
GENOA,NV,894
GENOA,NY,130
GENOA,OH,434
GENOA,WI,546
GENOA,WV,255
GENOA CITY,WI,531
GENTRY,AR,727
GENTRY,MO,644
GENTRYVILLE,IN,475
GEORGE,IA,512
GEORGE,WA,988
GEORGE WEST,TX,780
GEORGES MILLS,NH,037
GEORGETOWN,CA,956
GEORGETOWN,CO,804
GEORGETOWN,CT,068
GEORGETOWN,DE,199
GEORGETOWN,FL,321
GEORGETOWN,GA,317
GEORGETOWN,ID,832
GEORGETOWN,IL,618
GEORGETOWN,IN,471
GEORGETOWN,KY,403
GEORGETOWN,LA,714
GEORGETOWN,MA,018
GEORGETOWN,MD,219
GEORGETOWN,MN,565
GEORGETOWN,MS,390
GEORGETOWN,NY,130
GEORGETOWN,OH,451
GEORGETOWN,PA,150
GEORGETOWN,SC,294
GEORGETOWN,TN,373
GEORGETOWN,TX,786
GEORGIANA,AL,360
GEPP,AR,725
GERALD,MO,630
GERALDINE,AL,359
GERALDINE,MT,594
GERBER,CA,960
GERING,NE,693
GERLACH,NV,894
GERMAN VALLEY,IL,610
GERMANSVILLE,PA,180
GERMANTON,NC,270
GERMANTOWN,IL,622
GERMANTOWN,MD,208
GERMANTOWN,NY,125
GERMANTOWN,OH,453
GERMANTOWN,TN,381
GERMANTOWN,WI,530
GERMFASK,MI,498
GERONIMO,OK,735
GERRARDSTOWN,WV,254
GERRY,NY,147
GERVAIS,OR,970
GETTYSBURG,OH,453
GETTYSBURG,PA,173
GETTYSBURG,SD,574
GETZVILLE,NY,140
GEUDA SPRINGS,KS,670
GEYSER,MT,594
GEYSERVILLE,CA,954
GHEENS,LA,703
GHENT,MN,562
GHENT,NY,120
GIBBON,MN,553
GIBBON,NE,688
GIBBON GLADE,PA,154
GIBBSBORO,NJ,080
GIBBSTOWN,NJ,080
GIBSON,GA,308
GIBSON,IA,501
GIBSON,LA,703
GIBSON,MO,638
GIBSON,NC,283
GIBSON,PA,188
GIBSON,TN,383
GIBSON CITY,IL,609
GIBSON ISLAND,MD,210
GIBSONBURG,OH,434
GIBSONIA,PA,150
GIBSONTON,FL,335
GIBSONVILLE,NC,272
GIDDINGS,TX,789
GIDEON,MO,638
GIFFORD,IL,618
GIFFORD,PA,167
GIFFORD,SC,299
GIFFORD,WA,991
GIG HARBOR,WA,983
GILA,NM,880
GILA BEND,AZ,853
GILBERT,AR,726
GILBERT,AZ,852
GILBERT,IA,501
GILBERT,LA,713
GILBERT,MN,557
GILBERT,SC,290
GILBERT,WV,256
GILBERTOWN,AL,369
GILBERTS,IL,601
GILBERTSVILLE,KY,420
GILBERTSVILLE,NY,137
GILBERTSVILLE,PA,195
GILBERTVILLE,IA,506
GILBERTVILLE,MA,010
GILBOA,NY,120
GILBOA,WV,266
GILBY,ND,582
GILCHRIST,OR,977
GILCREST,CO,806
GILDFORD,MT,595
GILE,WI,545
GILEAD,NE,683
GILFORD,NH,032
GILL,CO,806
GILLESPIE,IL,620
GILLETT,AR,720
GILLETT,PA,169
GILLETT,TX,781
GILLETT,WI,541
GILLETT GROVE,IA,513
GILLETTE,NJ,079
GILLETTE,WY,827
GILLHAM,AR,718
GILLIAM,LA,710
GILLIAM,MO,653
GILLIAM,WV,248
GILLSVILLE,GA,305
GILMAN,CT,063
GILMAN,IA,501
GILMAN,IL,609
GILMAN,MN,563
GILMAN,VT,059
GILMAN,WI,544
GILMANTON,WI,547
GILMER,TX,756
GILMORE,AR,723
GILMORE CITY,IA,505
GILROY,CA,950
GILSON,IL,614
GILSUM,NH,034
GILTNER,NE,688
GIPSY,MO,637
GIPSY,PA,157
GIRARD,GA,304
GIRARD,IL,626
GIRARD,KS,667
GIRARD,OH,444
GIRARD,PA,164
GIRARD,TX,795
GIRDLER,KY,409
GIRDLETREE,MD,218
GIRDWOOD,AK,995
GIVEN,WV,252
GLADBROOK,IA,506
GLADE HILL,VA,240
GLADE SPRING,VA,243
GLADE VALLEY,NC,286
GLADEVILLE,TN,370
GLADEWATER,TX,756
GLADSTONE,IL,614
GLADSTONE,ND,586
GLADSTONE,VA,245
GLADWIN,MI,486
GLADWYNE,PA,190
GLADYS,VA,245
GLANDORF,OH,458
GLASCO,KS,674
GLASCO,NY,124
GLASFORD,IL,615
GLASGOW,KY,421
GLASGOW,MO,652
GLASGOW,MT,592
GLASGOW,PA,166
GLASGOW,VA,245
GLASGOW,WV,250
GLASSBORO,NJ,080
GLASSER,NJ,078
GLASSPORT,PA,150
GLASTONBURY,CT,060
GLEASON,WI,544
GLEN,MS,388
GLEN,NH,038
GLEN ALLAN,MS,387
GLEN ALLEN,AL,355
GLEN ALLEN,VA,230
GLEN ALPINE,NC,286
GLEN ARBOR,MI,496
GLEN BURNIE,MD,210
GLEN CAMPBELL,PA,157
GLEN CARBON,IL,620
GLEN COVE,NY,115
GLEN DALE,WV,260
GLEN DANIEL,WV,258
GLEN ECHO,MD,208
GLEN ELDER,KS,674
GLEN ELLEN,CA,954
GLEN ELLYN,IL,601
GLEN FERRIS,WV,250
GLEN FLORA,TX,774
GLEN FLORA,WI,545
GLEN FORK,WV,258
GLEN GARDNER,NJ,088
GLEN HAVEN,CO,805
GLEN HEAD,NY,115
GLEN JEAN,WV,258
GLEN LYN,VA,240
GLEN LYON,PA,186
GLEN MILLS,PA,193
GLEN RIDGE,NJ,070
GLEN ROCK,NJ,074
GLEN ROCK,PA,173
GLEN ROGERS,WV,258
GLEN ROSE,TX,760
GLEN SAINT MARY,FL,320
GLEN SPEY,NY,127
GLEN ULLIN,ND,586
GLEN WILD,NY,127
GLEN WILTON,VA,244
GLENALLEN,MO,637
GLENBEULAH,WI,530
GLENBROOK,NV,894
GLENBURN,ND,587
GLENCLIFF,NH,032
GLENCOE,AR,725
GLENCOE,CA,952
GLENCOE,IL,600
GLENCOE,KY,410
GLENCOE,MN,553
GLENCOE,NM,883
GLENCOE,OH,439
GLENCOE,OK,740
GLENDALE,AZ,853
GLENDALE,CA,912
GLENDALE,OR,974
GLENDALE,RI,028
GLENDALE,SC,293
GLENDALE,UT,847
GLENDALE SPRINGS,NC,286
GLENDIVE,MT,593
GLENDO,WY,822
GLENDORA,CA,917
GLENDORA,MS,389
GLENEDEN BEACH,OR,973
GLENELG,MD,217
GLENFIELD,ND,584
GLENFIELD,NY,133
GLENFORD,OH,437
GLENHAM,NY,125
GLENHAM,SD,576
GLENHAVEN,CA,954
GLENMONT,NY,120
GLENMONT,OH,446
GLENMOORE,PA,193
GLENMORA,LA,714
GLENN,CA,959
GLENN DALE,MD,207
GLENNALLEN,AK,995
GLENNIE,MI,487
GLENNS FERRY,ID,836
GLENNVILLE,CA,932
GLENNVILLE,GA,304
GLENOLDEN,PA,190
GLENOMA,WA,983
GLENPOOL,OK,740
GLENROCK,WY,826
GLENS FALLS,NY,128
GLENS FORK,KY,427
GLENSHAW,PA,151
GLENSIDE,PA,190
GLENVIEW,IL,600
GLENVIEW,KY,400
GLENVIL,NE,689
GLENVILLE,MN,560
GLENVILLE,NC,287
GLENVILLE,WV,263
GLENWOOD,AL,360
GLENWOOD,AR,719
GLENWOOD,GA,304
GLENWOOD,IA,515
GLENWOOD,IL,604
GLENWOOD,IN,461
GLENWOOD,MD,217
GLENWOOD,MN,563
GLENWOOD,NJ,074
GLENWOOD,NM,880
GLENWOOD,UT,847
GLENWOOD,WA,986
GLENWOOD CITY,WI,540
GLENWOOD LANDING,NY,115
GLENWOOD SPRINGS,CO,816
GLIDDEN,IA,514
GLIDDEN,WI,545
GLIDE,OR,974
GLOBE,AZ,855
GLORIETA,NM,875
GLOSTER,LA,710
GLOSTER,MS,396
GLOUCESTER,MA,019
GLOUCESTER,NC,285
GLOUCESTER,VA,230
GLOUCESTER POINT,VA,230
GLOUSTER,OH,457
GLOVERSVILLE,NY,120
GLOVERVILLE,SC,298
GLYNDON,MD,210
GNADENHUTTEN,OH,446
GOBER,TX,754
GOBLES,MI,490
GODDARD,KS,670
GODEFFROY,NY,127
GODFREY,IL,620
GODLEY,TX,760
GOEHNER,NE,683
GOESSEL,KS,670
GOETZVILLE,MI,497
GOFF,KS,664
GOFFSTOWN,NH,030
GOLCONDA,IL,629
GOLCONDA,NV,894
GOLD BAR,WA,982
GOLD BEACH,OR,974
GOLD CANYON,AZ,852
GOLD HILL,NC,280
GOLD HILL,OR,975
GOLD RUN,CA,957
GOLDBOND,VA,240
GOLDEN,CO,804
GOLDEN,IL,623
GOLDEN,MO,656
GOLDEN,OK,747
GOLDEN,TX,754
GOLDEN CITY,MO,647
GOLDEN MEADOW,LA,703
GOLDENDALE,WA,986
GOLDENROD,FL,327
GOLDENS BRIDGE,NY,105
GOLDFIELD,IA,505
GOLDFIELD,NV,890
GOLDONNA,LA,710
GOLDSBORO,MD,216
GOLDSBORO,NC,275
GOLDSMITH,TX,797
GOLDSTON,NC,272
GOLDTHWAITE,TX,768
GOLETA,CA,931
GOLF,IL,600
GOLIAD,TX,779
GOLOVIN,AK,997
GOLTRY,OK,737
GONVICK,MN,566
GONZALES,CA,939
GONZALES,LA,707
GONZALES,TX,786
GONZALEZ,FL,325
GOOCHLAND,VA,230
GOOD HOPE,GA,306
GOOD THUNDER,MN,560
GOODE,VA,245
GOODFELLOW AFB,TX,769
GOODFIELD,IL,617
GOODHUE,MN,550
GOODING,ID,833
GOODLAND,FL,341
GOODLAND,IN,479
GOODLAND,KS,677
GOODLETTSVILLE,TN,370
GOODMAN,MO,648
GOODMAN,MS,390
GOODMAN,WI,541
GOODNEWS BAY,AK,995
GOODRICH,MI,484
GOODRICH,ND,584
GOODRICH,TX,773
GOODRIDGE,MN,567
GOODSON,MO,656
GOODSPRING,TN,384
GOODSPRINGS,AL,355
GOODVIEW,VA,240
GOODVILLE,PA,175
GOODWATER,AL,350
GOODWELL,OK,739
GOODWIN,AR,723
GOODWIN,SD,572
GOODWINE,IL,609
GOODYEAR,AZ,853
GOODYEARS BAR,CA,959
GOOSE CREEK,SC,294
GOOSE ROCK,KY,409
GORDO,AL,354
GORDON,AL,363
GORDON,GA,310
GORDON,NE,693
GORDON,PA,179
GORDON,TX,764
GORDON,WI,548
GORDON,WV,250
GORDONSVILLE,TN,385
GORDONSVILLE,VA,229
GORDONVILLE,MO,637
GORDONVILLE,PA,175
GORDONVILLE,TX,762
GORE,OK,744
GORE SPRINGS,MS,389
GOREE,TX,763
GOREVILLE,IL,629
GORHAM,IL,629
GORHAM,KS,676
GORHAM,ME,040
GORHAM,NH,035
GORHAM,NY,144
GORMAN,TX,764
GORMANIA,WV,267
GORUM,LA,714
GOSHEN,AL,360
GOSHEN,AR,727
GOSHEN,CA,932
GOSHEN,CT,067
GOSHEN,IN,465
GOSHEN,KY,400
GOSHEN,MA,010
GOSHEN,NH,037
GOSHEN,NY,109
GOSHEN,OH,451
GOSHEN,UT,846
GOSHEN,VA,244
GOSPORT,IN,474
GOTEBO,OK,730
GOTHA,FL,347
GOTHAM,WI,535
GOTHENBURG,NE,691
GOULD,AR,716
GOULD,OK,735
GOULD CITY,MI,498
GOULDBUSK,TX,768
GOULDSBORO,ME,046
GOULDSBORO,PA,184
GOUVERNEUR,NY,136
GOVE,KS,677
GOVERNMENT CAMP,OR,970
GOWANDA,NY,140
GOWEN,MI,493
GOWEN,OK,745
GOWER,MO,644
GOWRIE,IA,505
GRABILL,IN,467
GRACE,ID,832
GRACE,MS,387
GRACEMONT,OK,730
GRACEVILLE,FL,324
GRACEVILLE,MN,562
GRACEWOOD,GA,308
GRACEY,KY,422
GRADY,AL,360
GRADY,AR,716
GRADY,NM,881
GRADYVILLE,KY,427
GRADYVILLE,PA,190
GRAETTINGER,IA,513
GRAFF,MO,656
GRAFORD,TX,764
GRAFTON,IA,504
GRAFTON,IL,620
GRAFTON,MA,015
GRAFTON,ND,582
GRAFTON,NE,683
GRAFTON,NH,032
GRAFTON,NY,120
GRAFTON,OH,440
GRAFTON,VT,051
GRAFTON,WI,530
GRAFTON,WV,263
GRAHAM,AL,362
GRAHAM,FL,320
GRAHAM,KY,423
GRAHAM,MO,644
GRAHAM,NC,272
GRAHAM,OK,734
GRAHAM,TX,764
GRAHAM,WA,983
GRAHAMSVILLE,NY,127
GRAHN,KY,411
GRAINFIELD,KS,677
GRAMBLING,LA,712
GRAMERCY,LA,700
GRAMLING,SC,293
GRANADA,CO,810
GRANADA HILLS,CA,913
GRANBURY,TX,760
GRANBY,CO,804
GRANBY,CT,060
GRANBY,MA,010
GRANBY,MO,648
GRAND BAY,AL,365
GRAND BLANC,MI,484
GRAND CANE,LA,710
GRAND CANYON,AZ,860
GRAND CHAIN,IL,629
GRAND COTEAU,LA,705
GRAND COULEE,WA,991
GRAND FORKS,ND,582
GRAND FORKS AFB,ND,582
GRAND GORGE,NY,124
GRAND HAVEN,MI,494
GRAND ISLAND,FL,327
GRAND ISLAND,NE,688
GRAND ISLAND,NY,140
GRAND ISLE,LA,703
GRAND ISLE,ME,047
GRAND ISLE,VT,054
GRAND JUNCTION,CO,815
GRAND JUNCTION,IA,501
GRAND JUNCTION,MI,490
GRAND JUNCTION,TN,380
GRAND LAKE,CO,804
GRAND LEDGE,MI,488
GRAND MARAIS,MI,498
GRAND MARAIS,MN,556
GRAND MEADOW,MN,559
GRAND MOUND,IA,527
GRAND PORTAGE,MN,556
GRAND PRAIRIE,TX,750
GRAND RAPIDS,MI,495
GRAND RAPIDS,MN,557
GRAND RAPIDS,OH,435
GRAND RIDGE,FL,324
GRAND RIDGE,IL,613
GRAND RIVER,OH,440
GRAND RONDE,OR,973
GRAND SALINE,TX,751
GRAND TOWER,IL,629
GRAND VALLEY,PA,164
GRAND VIEW,ID,836
GRAND VIEW,WI,548
GRANDFALLS,TX,797
GRANDFIELD,OK,735
GRANDIN,FL,321
GRANDIN,MO,639
GRANDIN,ND,580
GRANDVIEW,MO,640
GRANDVIEW,TX,760
GRANDVIEW,WA,989
GRANDVILLE,MI,494
GRANDY,MN,550
GRANDY,NC,279
GRANGER,IA,501
GRANGER,IN,465
GRANGER,WA,989
GRANGER,WY,829
GRANGEVILLE,ID,835
GRANITE,OK,735
GRANITE BAY,CA,957
GRANITE CITY,IL,620
GRANITE FALLS,MN,562
GRANITE FALLS,NC,286
GRANITE FALLS,WA,982
GRANITE QUARRY,NC,280
GRANITEVILLE,SC,298
GRANITEVILLE,VT,056
GRANNIS,AR,719
GRANT,AL,357
GRANT,FL,329
GRANT,IA,508
GRANT,LA,706
GRANT,MI,493
GRANT,NE,691
GRANT,OK,747
GRANT CITY,MO,644
GRANT PARK,IL,609
GRANT TOWN,WV,265
GRANTHAM,NH,037
GRANTHAM,PA,170
GRANTON,WI,544
GRANTS,NM,870
GRANTS PASS,OR,975
GRANTSBORO,NC,285
GRANTSBURG,WI,548
GRANTSVILLE,MD,215
GRANTSVILLE,UT,840
GRANTSVILLE,WV,261
GRANTVILLE,GA,302
GRANTVILLE,KS,664
GRANTVILLE,PA,170
GRANVILLE,IA,510
GRANVILLE,IL,613
GRANVILLE,MA,010
GRANVILLE,ND,587
GRANVILLE,NY,128
GRANVILLE,OH,430
GRANVILLE,PA,170
GRANVILLE,VT,057
GRANVILLE,WV,265
GRANVILLE SUMMIT,PA,169
GRAPELAND,TX,758
GRAPEVIEW,WA,985
GRAPEVILLE,PA,156
GRAPEVINE,AR,720
GRAPEVINE,TX,760
GRASONVILLE,MD,216
GRASS LAKE,MI,492
GRASS RANGE,MT,590
GRASS VALLEY,CA,959
GRASS VALLEY,OR,970
GRASSTON,MN,550
GRASSY,MO,637
GRASSY BUTTE,ND,586
GRASSY CREEK,NC,286
GRATIOT,OH,437
GRATIOT,WI,535
GRATIS,OH,453
GRATON,CA,954
GRATZ,PA,170
GRAVEL SWITCH,KY,403
GRAVELLY,AR,728
GRAVES,GA,317
GRAVETTE,AR,727
GRAVOIS MILLS,MO,650
GRAWN,MI,496
GRAY,GA,310
GRAY,KY,407
GRAY,LA,703
GRAY,ME,040
GRAY,PA,155
GRAY COURT,SC,296
GRAY HAWK,KY,404
GRAY SUMMIT,MO,630
GRAYLAND,WA,985
GRAYLING,AK,995
GRAYLING,MI,497
GRAYRIDGE,MO,638
GRAYS KNOB,KY,408
GRAYSLAKE,IL,600
GRAYSON,GA,300
GRAYSON,KY,411
GRAYSON,LA,714
GRAYSVILLE,AL,351
GRAYSVILLE,GA,307
GRAYSVILLE,IN,478
GRAYSVILLE,PA,153
GRAYSVILLE,TN,373
GRAYVILLE,IL,628
GREAT BARRINGTON,MA,012
GREAT BEND,KS,675
GREAT BEND,ND,580
GREAT BEND,NY,136
GREAT BEND,PA,188
GREAT CACAPON,WV,254
GREAT FALLS,MT,594
GREAT FALLS,SC,290
GREAT FALLS,VA,220
GREAT LAKES,IL,600
GREAT MEADOWS,NJ,078
GREAT MILLS,MD,206
GREAT NECK,NY,110
GREAT RIVER,NY,117
GREAT VALLEY,NY,147
GREELEY,CO,806
GREELEY,IA,520
GREELEY,NE,688
GREELEY,PA,184
GREELEYVILLE,SC,290
GREEN,OH,442
GREEN BANK,WV,249
GREEN BAY,WI,543
GREEN CAMP,OH,433
GREEN CASTLE,MO,635
GREEN COVE SPRINGS,FL,320
GREEN CREEK,NJ,082
GREEN FOREST,AR,726
GREEN HARBOR,MA,020
GREEN ISLE,MN,553
GREEN LAKE,WI,549
GREEN LANE,PA,180
GREEN MOUNTAIN FALLS,CO,808
GREEN POND,AL,350
GREEN POND,SC,294
GREEN RIDGE,MO,653
GREEN RIVER,UT,845
GREEN RIVER,WY,829
GREEN ROAD,KY,409
GREEN SEA,SC,295
GREEN SPRING,WV,267
GREEN SPRINGS,OH,448
GREEN VALLEY,AZ,856
GREEN VALLEY,IL,615
GREEN VALLEY LAKE,CA,923
GREEN VILLAGE,NJ,079
GREENACRES,FL,334
GREENBACK,TN,377
GREENBANK,WA,982
GREENBELT,MD,207
GREENBRIER,AR,720
GREENBUSH,ME,044
GREENBUSH,MI,487
GREENBUSH,MN,567
GREENCASTLE,IN,461
GREENCASTLE,PA,172
GREENDELL,NJ,078
GREENE,IA,506
GREENE,ME,042
GREENE,NY,137
GREENEVILLE,TN,377
GREENFIELD,CA,939
GREENFIELD,IA,508
GREENFIELD,IL,620
GREENFIELD,IN,461
GREENFIELD,MA,013
GREENFIELD,MO,656
GREENFIELD,NH,030
GREENFIELD,OH,451
GREENFIELD,TN,382
GREENFIELD CENTER,NY,128
GREENFIELD PARK,NY,124
GREENFORD,OH,444
GREENHURST,NY,147
GREENLAND,AR,727
GREENLAND,MI,499
GREENLAND,NH,038
GREENLAWN,NY,117
GREENLEAF,ID,836
GREENLEAF,KS,669
GREENOCK,PA,150
GREENOUGH,MT,598
GREENPORT,NY,119
GREENS FARMS,CT,068
GREENS FORK,IN,473
GREENSBORO,AL,367
GREENSBORO,FL,323
GREENSBORO,GA,306
GREENSBORO,IN,473
GREENSBORO,MD,216
GREENSBORO,NC,274
GREENSBORO,VT,058
GREENSBORO BEND,VT,058
GREENSBURG,IN,472
GREENSBURG,KS,670
GREENSBURG,KY,427
GREENSBURG,LA,704
GREENSBURG,PA,156
GREENTOP,MO,635
GREENTOWN,IN,469
GREENTOWN,OH,446
GREENTOWN,PA,184
GREENUP,IL,624
GREENUP,KY,411
GREENVALE,NY,115
GREENVIEW,CA,960
GREENVIEW,IL,626
GREENVILLE,AL,360
GREENVILLE,CA,959
GREENVILLE,FL,323
GREENVILLE,GA,302
GREENVILLE,IL,622
GREENVILLE,IN,471
GREENVILLE,KY,423
GREENVILLE,ME,044
GREENVILLE,MI,488
GREENVILLE,MO,639
GREENVILLE,MS,387
GREENVILLE,NC,278
GREENVILLE,NH,030
GREENVILLE,NY,120
GREENVILLE,OH,453
GREENVILLE,PA,161
GREENVILLE,RI,028
GREENVILLE,SC,296
GREENVILLE,TX,754
GREENVILLE,VA,244
GREENVILLE,WI,549
GREENVILLE,WV,249
GREENVILLE JUNCTION,ME,044
GREENWALD,MN,563
GREENWAY,AR,724
GREENWELL SPRINGS,LA,707
GREENWICH,CT,068
GREENWICH,NJ,083
GREENWICH,NY,128
GREENWICH,OH,448
GREENWOOD,AR,729
GREENWOOD,CA,956
GREENWOOD,DE,199
GREENWOOD,FL,324
GREENWOOD,IN,461
GREENWOOD,LA,710
GREENWOOD,ME,042
GREENWOOD,MO,640
GREENWOOD,MS,389
GREENWOOD,NE,683
GREENWOOD,NY,148
GREENWOOD,SC,296
GREENWOOD,VA,229
GREENWOOD,WI,544
GREENWOOD LAKE,NY,109
GREENWOOD VILLAGE,CO,801
GREER,AZ,859
GREER,SC,296
GREGORY,AR,720
GREGORY,MI,481
GREGORY,SD,575
GREGORY,TX,783
GRENADA,CA,960
GRENADA,MS,389
GRENLOCH,NJ,080
GRENORA,ND,588
GRENVILLE,NM,884
GRENVILLE,SD,572
GRESHAM,NE,683
GRESHAM,OR,970
GRESHAM,SC,295
GRESHAM,WI,541
GRETHEL,KY,416
GRETNA,FL,323
GRETNA,LA,700
GRETNA,NE,680
GRETNA,VA,245
GREY EAGLE,MN,563
GREYBULL,WY,824
GREYCLIFF,MT,590
GRIDLEY,CA,959
GRIDLEY,IL,617
GRIDLEY,KS,668
GRIFFIN,GA,302
GRIFFIN,IN,476
GRIFFITH,IN,463
GRIFFITHSVILLE,WV,255
GRIFFITHVILLE,AR,720
GRIFTON,NC,285
GRIGGSVILLE,IL,623
GRIMES,CA,959
GRIMES,IA,501
GRIMESLAND,NC,278
GRIMSTEAD,VA,230
GRINNELL,IA,501
GRINNELL,KS,677
GRISWOLD,IA,515
GRIZZLY FLATS,CA,956
GROESBECK,TX,766
GROOM,TX,790
GROSSE ILE,MI,481
GROSSE POINTE FARMS,MI,482
GROSSE TETE,LA,707
GROTON,CT,063
GROTON,MA,014
GROTON,NY,130
GROTON,SD,574
GROTON,VT,050
GROTTOES,VA,244
GROUSE CREEK,UT,843
GROVE,OK,743
GROVE CITY,MN,562
GROVE CITY,OH,431
GROVE CITY,PA,161
GROVE HILL,AL,364
GROVELAND,CA,953
GROVELAND,FL,347
GROVELAND,IL,615
GROVELAND,NY,144
GROVEPORT,OH,431
GROVER,CO,807
GROVER,NC,280
GROVER,PA,177
GROVER,WY,831
GROVER BEACH,CA,934
GROVER HILL,OH,458
GROVERTOWN,IN,465
GROVES,TX,776
GROVESPRING,MO,656
GROVETON,NH,035
GROVETON,TX,758
GROVETOWN,GA,308
GRUBBS,AR,724
GRUBVILLE,MO,630
GRUETLI LAAGER,TN,373
GRULLA,TX,785
GRUNDY,VA,246
GRUNDY CENTER,IA,506
GRUVER,IA,513
GRUVER,TX,790
GRYGLA,MN,567
GUADALUPE,CA,934
GUADALUPITA,NM,877
GUALALA,CA,954
GUANICA,PR,006
GUASTI,CA,917
GUATAY,CA,919
GUAYAMA,PR,007
GUAYANILLA,PR,006
GUAYNABO,PR,009
GUERNEVILLE,CA,954
GUERNSEY,WY,822
GUEYDAN,LA,705
GUFFEY,CO,808
GUIDE ROCK,NE,689
GUILD,NH,037
GUILD,TN,373
GUILDERLAND,NY,120
GUILDERLAND CENTER,NY,120
GUILDHALL,VT,059
GUILFORD,CT,064
GUILFORD,IN,470
GUILFORD,NY,137
GUIN,AL,355
GUINDA,CA,956
GUION,AR,725
GULF,NC,272
GULF BREEZE,FL,325
GULF HAMMOCK,FL,326
GULF SHORES,AL,365
GULFPORT,MS,395
GULLIVER,MI,498
GULSTON,KY,408
GUNNISON,CO,812
GUNNISON,MS,387
GUNNISON,UT,846
GUNTER,TX,750
GUNTERSVILLE,AL,359
GUNTOWN,MS,388
GURABO,PR,007
GURDON,AR,717
GURLEY,AL,357
GURLEY,NE,691
GURNEE,IL,600
GUSTAVUS,AK,998
GUSTINE,CA,953
GUSTON,KY,401
GUTHRIE,KY,422
GUTHRIE,OK,730
GUTHRIE,TX,792
GUTHRIE CENTER,IA,501
GUTTENBERG,IA,520
GUY,AR,720
GUY,TX,774
GUYMON,OK,739
GUYS,TN,383
GUYTON,GA,313
GWINN,MI,498
GWINNER,ND,580
GWYNEDD VALLEY,PA,194
GWYNN,VA,230
GWYNN OAK,MD,212
GWYNNEVILLE,IN,461
GYPSUM,CO,816
GYPSUM,KS,674
GYPSUM,OH,434
GYPSY,WV,263
HACHITA,NM,880
HACIENDA HEIGHTS,CA,917
HACKBERRY,LA,706
HACKENSACK,MN,564
HACKENSACK,NJ,076
HACKER VALLEY,WV,262
HACKETT,AR,729
HACKETTSTOWN,NJ,078
HACKLEBURG,AL,355
HADAR,NE,687
HADDAM,CT,064
HADDAM,KS,669
HADENSVILLE,VA,230
HADLEY,MI,484
HADLEY,NY,128
HADLYME,CT,064
HAGAMAN,NY,120
HAGAN,GA,304
HAGATNA,GU,969
HAGER CITY,WI,540
HAGERHILL,KY,412
HAGERMAN,ID,833
HAGERMAN,NM,882
HAGERSTOWN,IN,473
HAGERSTOWN,MD,217
HAGUE,ND,585
HAGUE,NY,128
HAGUE,VA,224
HAHIRA,GA,316
HAHNVILLE,LA,700
HAIGLER,NE,690
HAIKU,HI,967
HAILESBORO,NY,136
HAILEY,ID,833
HAILEYVILLE,OK,745
HAINES,AK,998
HAINES,OR,978
HAINES CITY,FL,338
HAINES FALLS,NY,124
HAINESPORT,NJ,080
HALBUR,IA,514
HALCOTTSVILLE,NY,124
HALE,MI,487
HALE,MO,646
HALE CENTER,TX,790
HALEDON,NJ,075
HALEIWA,HI,967
HALETHORPE,MD,212
HALEYVILLE,AL,355
HALF MOON BAY,CA,940
HALFMOON,NY,120
HALFWAY,OR,978
HALIFAX,MA,023
HALIFAX,NC,278
HALIFAX,PA,170
HALIFAX,VA,245
HALL,MT,598
HALL,NY,144
HALL SUMMIT,LA,710
HALLAM,NE,683
HALLANDALE BEACH,FL,330
HALLECK,NV,898
HALLETT,OK,740
HALLETTSVILLE,TX,779
HALLIDAY,ND,586
HALLIEFORD,VA,230
HALLOCK,MN,567
HALLS,TN,380
HALLSBORO,NC,284
HALLSTEAD,PA,188
HALLSVILLE,MO,652
HALLSVILLE,TX,756
HALLTOWN,MO,656
HALLTOWN,WV,254
HALSEY,NE,691
HALSEY,OR,973
HALSTAD,MN,565
HALSTEAD,KS,670
HALTOM CITY,TX,761
HAMBLETON,WV,262
HAMBURG,AR,716
HAMBURG,IA,516
HAMBURG,IL,620
HAMBURG,LA,713
HAMBURG,MI,481
HAMBURG,MN,553
HAMBURG,NJ,074
HAMBURG,NY,140
HAMBURG,PA,195
HAMDEN,CT,065
HAMDEN,NY,137
HAMDEN,OH,456
HAMEL,IL,620
HAMEL,MN,553
HAMER,ID,834
HAMERSVILLE,OH,451
HAMILL,SD,575
HAMILTON,AL,355
HAMILTON,CO,816
HAMILTON,GA,318
HAMILTON,IL,623
HAMILTON,KS,668
HAMILTON,MA,019
HAMILTON,MI,494
HAMILTON,MO,646
HAMILTON,MS,397
HAMILTON,MT,598
HAMILTON,NC,278
HAMILTON,NY,133
HAMILTON,OH,450
HAMILTON,PA,157
HAMILTON,TX,765
HAMILTON,VA,201
HAMILTON,WA,982
HAMLET,IN,465
HAMLET,NC,283
HAMLET,NE,690
HAMLIN,NY,144
HAMLIN,PA,184
HAMLIN,TX,795
HAMLIN,WV,255
HAMMETT,ID,836
HAMMOND,IL,619
HAMMOND,IN,463
HAMMOND,LA,704
HAMMOND,MT,593
HAMMOND,NY,136
HAMMOND,OR,971
HAMMOND,WI,540
HAMMONDSPORT,NY,148
HAMMONDSVILLE,OH,439
HAMMONTON,NJ,080
HAMPDEN,MA,010
HAMPDEN,ME,044
HAMPDEN SYDNEY,VA,239
HAMPSHIRE,IL,601
HAMPSHIRE,TN,384
HAMPSTEAD,MD,210
HAMPSTEAD,NC,284
HAMPSTEAD,NH,038
HAMPTON,AR,717
HAMPTON,FL,320
HAMPTON,GA,302
HAMPTON,IA,504
HAMPTON,IL,612
HAMPTON,KY,420
HAMPTON,NE,688
HAMPTON,NH,038
HAMPTON,NJ,088
HAMPTON,NY,128
HAMPTON,SC,299
HAMPTON,TN,376
HAMPTON,VA,236
HAMPTON BAYS,NY,119
HAMPTON FALLS,NH,038
HAMPTONVILLE,NC,270
HAMSHIRE,TX,776
HAMTRAMCK,MI,482
HANA,HI,967
HANALEI,HI,967
HANAPEPE,HI,967
HANCEVILLE,AL,350
HANCOCK,MA,012
HANCOCK,MD,217
HANCOCK,MI,499
HANCOCK,MN,562
HANCOCK,NY,137
HANCOCK,VT,057
HANCOCK,WI,549
HANCOCKS BRIDGE,NJ,080
HANDLEY,WV,251
HANFORD,CA,932
HANKAMER,TX,775
HANKINS,NY,127
HANKINSON,ND,580
HANKSVILLE,UT,847
HANLEY FALLS,MN,562
HANLONTOWN,IA,504
HANNA,IN,463
HANNA,OK,748
HANNA,WY,823
HANNA CITY,IL,615
HANNACROIX,NY,120
HANNASTOWN,PA,156
HANNAWA FALLS,NY,136
HANNIBAL,MO,634
HANNIBAL,NY,130
HANNIBAL,OH,439
HANOVER,CT,063
HANOVER,IL,610
HANOVER,IN,472
HANOVER,KS,669
HANOVER,MA,023
HANOVER,ME,042
HANOVER,MI,492
HANOVER,MN,553
HANOVER,NH,037
HANOVER,NM,880
HANOVER,PA,173
HANOVER,VA,230
HANOVER,WV,248
HANOVER PARK,IL,601
HANOVERTON,OH,444
HANSEN,ID,833
HANSFORD,WV,251
HANSKA,MN,560
HANSON,KY,424
HANSON,MA,023
HANSTON,KS,678
HANSVILLE,WA,983
HAPPY,KY,417
HAPPY,TX,790
HAPPY CAMP,CA,960
HARALSON,GA,302
HARBERT,MI,491
HARBINGER,NC,279
HARBOR BEACH,MI,484
HARBOR CITY,CA,907
HARBOR SPRINGS,MI,497
HARBOR VIEW,OH,434
HARBORSIDE,ME,046
HARBORTON,VA,233
HARDAWAY,AL,360
HARDEEVILLE,SC,299
HARDESTY,OK,739
HARDIN,IL,620
HARDIN,MO,640
HARDIN,MT,590
HARDIN,TX,775
HARDINSBURG,IN,471
HARDINSBURG,KY,401
HARDTNER,KS,670
HARDWICK,GA,310
HARDWICK,MA,010
HARDWICK,MN,561
HARDWICK,VT,058
HARDY,AR,725
HARDY,NE,689
HARDY,VA,241
HARDYVILLE,KY,427
HARFORD,NY,137
HARGILL,TX,785
HARKER HEIGHTS,TX,765
HARKERS ISLAND,NC,285
HARLAN,IA,515
HARLAN,IN,467
HARLAN,KY,408
HARLEIGH,PA,182
HARLEM,GA,308
HARLEM,MT,595
HARLETON,TX,756
HARLEYSVILLE,PA,194
HARLEYVILLE,SC,294
HARLINGEN,TX,785
HARLOWTON,MT,590
HARMAN,WV,262
HARMON,IL,610
HARMONSBURG,PA,164
HARMONY,CA,934
HARMONY,IN,478
HARMONY,ME,049
HARMONY,MN,559
HARMONY,NC,286
HARMONY,RI,028
HARNED,KY,401
HAROLD,KY,416
HARPER,KS,670
HARPER,OR,979
HARPER,TX,786
HARPER,WV,258
HARPERS FERRY,IA,521
HARPERS FERRY,WV,254
HARPERSFIELD,NY,137
HARPERSVILLE,AL,350
HARPERVILLE,MS,390
HARPSTER,OH,433
HARPSWELL,ME,040
HARPURSVILLE,NY,137
HARRAH,OK,730
HARRAH,WA,989
HARRELL,AR,717
HARRELLS,NC,284
HARRELLSVILLE,NC,279
HARRIET,AR,726
HARRIETTA,MI,496
HARRIMAN,NY,109
HARRIMAN,TN,377
HARRINGTON,DE,199
HARRINGTON,ME,046
HARRINGTON,WA,991
HARRINGTON PARK,NJ,076
HARRIS,IA,513
HARRIS,MI,498
HARRIS,MN,550
HARRIS,NC,280
HARRIS,NY,127
HARRISBURG,AR,724
HARRISBURG,IL,629
HARRISBURG,MO,652
HARRISBURG,NC,280
HARRISBURG,NE,693
HARRISBURG,OH,431
HARRISBURG,OR,974
HARRISBURG,PA,171
HARRISBURG,SD,570
HARRISON,AR,726
HARRISON,ID,838
HARRISON,ME,040
HARRISON,MI,486
HARRISON,MT,597
HARRISON,NE,693
HARRISON,NJ,070
HARRISON,NY,105
HARRISON,OH,450
HARRISON,TN,373
HARRISON CITY,PA,156
HARRISONBURG,LA,713
HARRISONBURG,VA,228
HARRISONVILLE,MO,647
HARRISONVILLE,NJ,080
HARRISTOWN,IL,625
HARRISVILLE,MI,487
HARRISVILLE,MS,390
HARRISVILLE,NH,034
HARRISVILLE,NY,136
HARRISVILLE,OH,439
HARRISVILLE,PA,160
HARRISVILLE,RI,028
HARRISVILLE,WV,263
HARROD,OH,458
HARRODS CREEK,KY,400
HARRODSBURG,IN,474
HARRODSBURG,KY,403
HARROGATE,TN,377
HARROLD,SD,575
HARSHAW,WI,545
HART,MI,494
HART,TX,790
HARTFIELD,VA,230
HARTFORD,AL,363
HARTFORD,AR,729
HARTFORD,CT,061
HARTFORD,IL,620
HARTFORD,KS,668
HARTFORD,KY,423
HARTFORD,MI,490
HARTFORD,NY,128
HARTFORD,OH,444
HARTFORD,SD,570
HARTFORD,VT,050
HARTFORD,WI,530
HARTFORD,WV,252
HARTFORD CITY,IN,473
HARTINGTON,NE,687
HARTLAND,ME,049
HARTLAND,MI,483
HARTLAND,MN,560
HARTLAND,VT,050
HARTLAND,WI,530
HARTLETON,PA,178
HARTLEY,IA,513
HARTLINE,WA,991
HARTLY,DE,199
HARTMAN,AR,728
HARTMAN,CO,810
HARTS,WV,255
HARTSBURG,IL,626
HARTSBURG,MO,650
HARTSEL,CO,804
HARTSELLE,AL,356
HARTSFIELD,GA,317
HARTSHORN,MO,654
HARTSHORNE,OK,745
HARTSTOWN,PA,161
HARTSVILLE,IN,472
HARTSVILLE,SC,295
HARTSVILLE,TN,370
HARTVILLE,MO,656
HARTVILLE,OH,446
HARTVILLE,WY,822
HARTWELL,GA,306
HARTWICK,NY,133
HARTWOOD,VA,224
HARVARD,ID,838
HARVARD,IL,600
HARVARD,MA,014
HARVARD,NE,689
HARVEL,IL,625
HARVEST,AL,357
HARVEY,AR,728
HARVEY,IA,501
HARVEY,IL,604
HARVEY,LA,700
HARVEY,ND,583
HARVEYS LAKE,PA,186
HARVEYSBURG,OH,450
HARVEYVILLE,KS,664
HARVIELL,MO,639
HARWICH,MA,026
HARWICH PORT,MA,026
HARWICK,PA,150
HARWINTON,CT,067
HARWOOD,MD,207
HARWOOD,MO,647
HARWOOD,ND,580
HARWOOD,TX,786
HARWOOD HEIGHTS,IL,606
HASBROUCK HEIGHTS,NJ,076
HASKELL,NJ,074
HASKELL,OK,744
HASKELL,TX,795
HASLET,TX,760
HASLETT,MI,488
HASSELL,NC,278
HASTINGS,FL,321
HASTINGS,IA,515
HASTINGS,MI,490
HASTINGS,MN,550
HASTINGS,NE,689
HASTINGS,NY,130
HASTINGS,OK,735
HASTINGS,PA,166
HASTINGS ON HUDSON,NY,107
HASTY,AR,726
HASTY,CO,810
HASWELL,CO,810
HAT CREEK,CA,960
HATBORO,PA,190
HATCH,NM,879
HATCH,UT,847
HATCHECHUBBEE,AL,368
HATFIELD,AR,719
HATFIELD,IN,476
HATFIELD,MA,010
HATFIELD,PA,194
HATHAWAY PINES,CA,952
HATHORNE,MA,019
HATILLO,PR,006
HATLEY,WI,544
HATTERAS,NC,279
HATTIESBURG,MS,394
HATTIEVILLE,AR,720
HATTON,ND,582
HATTON,WA,993
HAUBSTADT,IN,476
HAUGEN,WI,548
HAUGHTON,LA,710
HAUPPAUGE,NY,117
HAUULA,HI,967
HAVANA,AR,728
HAVANA,FL,323
HAVANA,IL,626
HAVELOCK,IA,505
HAVELOCK,NC,285
HAVEN,KS,675
HAVERHILL,IA,501
HAVERHILL,MA,018
HAVERHILL,NH,037
HAVERHILL,OH,456
HAVERSTRAW,NY,109
HAVERTOWN,PA,190
HAVILAND,KS,670
HAVILAND,OH,458
HAVRE,MT,595
HAVRE DE GRACE,MD,210
HAW RIVER,NC,272
HAWAII NATIONAL PARK,HI,967
HAWARDEN,IA,510
HAWESVILLE,KY,423
HAWI,HI,967
HAWICK,MN,562
HAWK POINT,MO,633
HAWK RUN,PA,168
HAWK SPRINGS,WY,822
HAWKEYE,IA,521
HAWKINS,TX,757
HAWKINS,WI,545
HAWKINSVILLE,GA,310
HAWKS,MI,497
HAWLEY,MN,565
HAWLEY,PA,184
HAWLEY,TX,795
HAWLEYVILLE,CT,064
HAWORTH,OK,747
HAWTHORN,PA,162
HAWTHORNE,CA,902
HAWTHORNE,FL,326
HAWTHORNE,NJ,075
HAWTHORNE,NV,894
HAWTHORNE,NY,105
HAWTHORNE,WI,548
HAXTUN,CO,807
HAY SPRINGS,NE,693
HAYDEN,AL,350
HAYDEN,AZ,851
HAYDEN,CO,816
HAYDEN,ID,838
HAYDEN,IN,472
HAYDENVILLE,MA,010
HAYES,LA,706
HAYES,VA,230
HAYES CENTER,NE,690
HAYESVILLE,NC,289
HAYESVILLE,OH,448
HAYFIELD,MN,559
HAYFORK,CA,960
HAYMARKET,VA,201
HAYNES,AR,723
HAYNESVILLE,LA,710
HAYNESVILLE,VA,224
HAYNEVILLE,AL,360
HAYS,KS,676
HAYS,MT,595
HAYS,NC,286
HAYSI,VA,242
HAYSVILLE,KS,670
HAYTI,SD,572
HAYWARD,CA,945
HAYWARD,MN,560
HAYWARD,WI,548
HAZARD,KY,417
HAZEL,KY,420
HAZEL,SD,572
HAZEL CREST,IL,604
HAZEL GREEN,AL,357
HAZEL GREEN,KY,413
HAZEL GREEN,WI,538
HAZEL PARK,MI,480
HAZELHURST,WI,545
HAZELTON,ID,833
HAZELTON,ND,585
HAZELWOOD,MO,630
HAZEN,AR,720
HAZEN,ND,585
HAZLEHURST,GA,315
HAZLEHURST,MS,390
HAZLET,NJ,077
HAZLETON,IA,506
HAZLETON,PA,182
HEADLAND,AL,363
HEADRICK,OK,735
HEAFFORD JUNCTION,WI,545
HEALDSBURG,CA,954
HEALDTON,OK,734
HEALY,AK,997
HEARNE,TX,778
HEART BUTTE,MT,594
HEARTWELL,NE,689
HEATH,MA,013
HEATH,OH,430
HEATH SPRINGS,SC,290
HEATHSVILLE,VA,224
HEAVENER,OK,749
HEBBRONVILLE,TX,783
HEBER,AZ,859
HEBER,CA,922
HEBER CITY,UT,840
HEBER SPRINGS,AR,725
HEBRON,CT,062
HEBRON,IL,600
HEBRON,IN,463
HEBRON,KY,410
HEBRON,MD,218
HEBRON,ME,042
HEBRON,ND,586
HEBRON,NE,683
HEBRON,NH,032
HEBRON,OH,430
HECKER,IL,622
HECLA,SD,574
HECTOR,AR,728
HECTOR,MN,553
HECTOR,NY,148
HEDGESVILLE,WV,254
HEDLEY,TX,792
HEDRICK,IA,525
HEFLIN,AL,362
HEFLIN,LA,710
HEGINS,PA,179
HEIDELBERG,MS,394
HEIDENHEIMER,TX,765
HEIDRICK,KY,409
HEILWOOD,PA,157
HEISKELL,TN,377
HEISLERVILLE,NJ,083
HELEN,WV,258
HELENA,AL,350
HELENA,AR,723
HELENA,MO,644
HELENA,MT,596
HELENA,NY,136
HELENA,OK,737
HELENDALE,CA,923
HELENVILLE,WI,531
HELENWOOD,TN,377
HELIX,OR,978
HELLERTOWN,PA,180
HELLIER,KY,415
HELM,CA,936
HELMETTA,NJ,088
HELMSBURG,IN,474
HELMVILLE,MT,598
HELOTES,TX,780
HELPER,UT,845
HELTONVILLE,IN,474
HELVETIA,WV,262
HEMATITE,MO,630
HEMET,CA,925
HEMINGFORD,NE,693
HEMINGWAY,SC,295
HEMLOCK,IN,469
HEMLOCK,MI,486
HEMLOCK,NY,144
HEMPHILL,TX,759
HEMPHILL,WV,248
HEMPSTEAD,NY,115
HEMPSTEAD,TX,774
HENAGAR,AL,359
HENDERSON,AR,725
HENDERSON,CO,806
HENDERSON,IL,614
HENDERSON,KY,424
HENDERSON,MI,488
HENDERSON,MN,560
HENDERSON,NC,275
HENDERSON,NE,683
HENDERSON,NV,890
HENDERSON,NY,136
HENDERSON,TN,383
HENDERSON,TX,756
HENDERSON,WV,251
HENDERSON HARBOR,NY,136
HENDERSONVILLE,NC,287
HENDERSONVILLE,TN,370
HENDRICKS,MN,561
HENDRICKS,WV,262
HENDRIX,OK,747
HENEFER,UT,840
HENLAWSON,WV,256
HENLEY,MO,650
HENNEPIN,OK,734
HENNESSEY,OK,737
HENNIKER,NH,032
HENNING,IL,618
HENNING,MN,565
HENNING,TN,380
HENRICO,NC,278
HENRICO,VA,230
HENRIETTA,MO,640
HENRIETTA,NC,280
HENRIETTA,NY,144
HENRIETTA,TX,763
HENRIEVILLE,UT,847
HENRY,IL,615
HENRY,NE,693
HENRY,SD,572
HENRY,TN,382
HENRY,VA,241
HENRYETTA,OK,744
HENRYVILLE,IN,471
HENRYVILLE,PA,183
HENSLEY,AR,720
HENSONVILLE,NY,124
HEPHZIBAH,GA,308
HEPLER,KS,667
HEPPNER,OR,978
HEPZIBAH,WV,263
HERALD,CA,956
HERBSTER,WI,548
HERCULANEUM,MO,630
HERCULES,CA,945
HEREFORD,AZ,856
HEREFORD,CO,807
HEREFORD,PA,180
HEREFORD,TX,790
HERINGTON,KS,674
HERKIMER,NY,133
HERLONG,CA,961
HERMAN,MN,562
HERMAN,NE,680
HERMANN,MO,650
HERMANSVILLE,MI,498
HERMANVILLE,MS,390
HERMINIE,PA,156
HERMISTON,OR,978
HERMITAGE,AR,716
HERMITAGE,MO,656
HERMITAGE,PA,161
HERMITAGE,TN,370
HERMLEIGH,TX,795
HERMON,NY,136
HERMOSA,SD,577
HERMOSA BEACH,CA,902
HERNANDO,FL,344
HERNANDO,MS,386
HERNDON,KS,677
HERNDON,KY,422
HERNDON,PA,178
HERNDON,VA,201
HERNSHAW,WV,251
HEROD,IL,629
HERON,MT,598
HERON LAKE,MN,561
HERREID,SD,576
HERRICK,IL,624
HERRIN,IL,629
HERSCHER,IL,609
HERSEY,MI,496
HERSHEY,NE,691
HERSHEY,PA,170
HERTFORD,NC,279
HESPERIA,CA,923
HESPERIA,MI,494
HESPERUS,CO,813
HESSEL,MI,497
HESSMER,LA,713
HESSTON,KS,670
HESSTON,PA,166
HESTAND,KY,421
HESTER,LA,707
HETH,AR,723
HETLAND,SD,572
HETTICK,IL,626
HETTINGER,ND,576
HEUVELTON,NY,136
HEWETT,WV,251
HEWITT,MN,564
HEWITT,NJ,074
HEWITT,TX,766
HEWLETT,NY,115
HEXT,TX,768
HEYBURN,ID,833
HEYWORTH,IL,617
HI HAT,KY,416
HIALEAH,FL,330
HIAWASSEE,GA,305
HIAWATHA,IA,522
HIAWATHA,KS,664
HIBBING,MN,557
HIBBS,PA,154
HIBERNIA,NJ,078
HICKMAN,CA,953
HICKMAN,KY,420
HICKMAN,NE,683
HICKMAN,TN,385
HICKORY,KY,420
HICKORY,MS,393
HICKORY,NC,286
HICKORY FLAT,MS,386
HICKORY GROVE,SC,297
HICKORY PLAINS,AR,720
HICKORY RIDGE,AR,723
HICKSVILLE,NY,117
HICKSVILLE,OH,435
HICO,TX,764
HICO,WV,258
HIDALGO,IL,624
HIDALGO,TX,785
HIDDENITE,NC,286
HIGBEE,MO,652
HIGDEN,AR,720
HIGDON,AL,359
HIGGANUM,CT,064
HIGGINS,TX,790
HIGGINS LAKE,MI,486
HIGGINSON,AR,720
HIGGINSPORT,OH,451
HIGGINSVILLE,MO,640
HIGH BRIDGE,NJ,088
HIGH FALLS,NY,124
HIGH HILL,MO,633
HIGH ISLAND,TX,776
HIGH POINT,MO,650
HIGH POINT,NC,272
HIGH ROLLS MOUNTAIN PARK,NM,883
HIGH SHOALS,GA,306
HIGH SHOALS,NC,280
HIGH SPRINGS,FL,326
HIGH VIEW,WV,268
HIGHFALLS,NC,272
HIGHGATE CENTER,VT,054
HIGHGATE SPRINGS,VT,054
HIGHLAND,CA,923
HIGHLAND,IL,622
HIGHLAND,IN,463
HIGHLAND,KS,660
HIGHLAND,MD,207
HIGHLAND,MI,483
HIGHLAND,NY,125
HIGHLAND,OH,451
HIGHLAND,WI,535
HIGHLAND CITY,FL,338
HIGHLAND FALLS,NY,109
HIGHLAND HEIGHTS,KY,410
HIGHLAND HOME,AL,360
HIGHLAND LAKES,NJ,074
HIGHLAND MILLS,NY,109
HIGHLAND PARK,IL,600
HIGHLAND PARK,NJ,089
HIGHLANDS,NC,287
HIGHLANDS,NJ,077
HIGHLANDS,TX,775
HIGHLANDS RANCH,CO,801
HIGHLANDVILLE,IA,521
HIGHLANDVILLE,MO,656
HIGHMORE,SD,573
HIGHSPIRE,PA,170
HIGHTSTOWN,NJ,085
HIGHWOOD,IL,600
HIGHWOOD,MT,594
HIGLEY,AZ,852
HILDEBRAN,NC,286
HILGER,MT,594
HILHAM,TN,385
HILL,NH,032
HILL CITY,KS,676
HILL CITY,MN,557
HILL CITY,SD,577
HILLBURN,NY,109
HILLER,PA,154
HILLIARD,FL,320
HILLIARD,OH,430
HILLISTER,TX,776
HILLMAN,MI,497
HILLMAN,MN,563
HILLPOINT,WI,539
HILLROSE,CO,807
HILLS,IA,522
HILLS,MN,561
HILLSBORO,AL,356
HILLSBORO,GA,310
HILLSBORO,IL,620
HILLSBORO,IN,479
HILLSBORO,KS,670
HILLSBORO,KY,410
HILLSBORO,MD,216
HILLSBORO,MO,630
HILLSBORO,MS,390
HILLSBORO,ND,580
HILLSBORO,NM,880
HILLSBORO,OH,451
HILLSBORO,OR,971
HILLSBORO,TN,373
HILLSBORO,TX,766
HILLSBORO,WI,546
HILLSBORO,WV,249
HILLSBOROUGH,NC,272
HILLSBOROUGH,NH,032
HILLSBOROUGH,NJ,088
HILLSDALE,IL,612
HILLSDALE,IN,478
HILLSDALE,MI,492
HILLSDALE,NJ,076
HILLSDALE,NY,125
HILLSDALE,OK,737
HILLSDALE,PA,157
HILLSDALE,WY,820
HILLSIDE,IL,601
HILLSVILLE,PA,161
HILLSVILLE,VA,243
HILLTOP,WV,258
HILLTOP LAKES,TX,778
HILLTOWN,PA,189
HILLVIEW,IL,620
HILLVIEW,KY,401
HILMAR,CA,953
HILO,HI,967
HILTON,NY,144
HILTON HEAD ISLAND,SC,299
HIMROD,NY,148
HINCKLEY,IL,605
HINCKLEY,ME,049
HINCKLEY,MN,550
HINCKLEY,NY,133
HINCKLEY,OH,442
HINCKLEY,UT,846
HINDMAN,KY,418
HINDSBORO,IL,619
HINDSVILLE,AR,727
HINES,IL,601
HINES,OR,977
HINESBURG,VT,054
HINESVILLE,GA,313
HINGHAM,MA,020
HINGHAM,MT,595
HINKLE,KY,409
HINSDALE,IL,605
HINSDALE,MA,012
HINSDALE,MT,592
HINSDALE,NH,034
HINSDALE,NY,147
HINTON,IA,510
HINTON,OK,730
HINTON,WV,259
HIRAM,MO,639
HIRAM,OH,442
HISEVILLE,KY,421
HISTORIC NEW CASTLE,DE,197
HITCHCOCK,OK,737
HITCHCOCK,SD,573
HITCHCOCK,TX,775
HITCHITA,OK,744
HITTERDAL,MN,565
HIWASSE,AR,727
HIWASSEE,VA,243
HIXSON,TN,373
HIXTON,WI,546
HO HO KUS,NJ,074
HOAGLAND,IN,467
HOBART,IN,463
HOBART,NY,137
HOBART,OK,736
HOBART,WA,980
HOBBS,IN,460
HOBBS,NM,882
HOBE SOUND,FL,334
HOBGOOD,NC,278
HOBOKEN,GA,315
HOBOKEN,NJ,070
HOBSON,MT,594
HOBUCKEN,NC,285
HOCKESSIN,DE,197
HOCKINGPORT,OH,457
HOCKLEY,TX,774
HODGE,LA,712
HODGEN,OK,749
HODGENVILLE,KY,427
HODGES,SC,296
HOEHNE,CO,810
HOFFMAN,IL,622
HOFFMAN,MN,563
HOFFMAN ESTATES,IL,601
HOFFMEISTER,NY,133
HOGANSBURG,NY,136
HOGANSVILLE,GA,302
HOGELAND,MT,595
HOHENWALD,TN,384
HOISINGTON,KS,675
HOKAH,MN,559
HOLBROOK,AZ,860
HOLBROOK,MA,023
HOLBROOK,NY,117
HOLBROOK,PA,153
HOLCOMB,IL,610
HOLCOMB,KS,678
HOLCOMB,MO,638
HOLCOMB,MS,389
HOLCOMBE,WI,547
HOLDEN,LA,707
HOLDEN,MA,015
HOLDEN,MO,640
HOLDEN,UT,846
HOLDEN,WV,256
HOLDENVILLE,OK,748
HOLDER,FL,344
HOLDERNESS,NH,032
HOLDINGFORD,MN,563
HOLDREGE,NE,689
HOLGATE,OH,435
HOLICONG,PA,189
HOLIDAY,FL,346
HOLIDAY ISLAND,AR,726
HOLLADAY,TN,383
HOLLAND,IA,506
HOLLAND,IN,475
HOLLAND,MI,494
HOLLAND,MO,638
HOLLAND,NY,140
HOLLAND,OH,435
HOLLAND PATENT,NY,133
HOLLANDALE,MN,560
HOLLANDALE,MS,387
HOLLANDALE,WI,535
HOLLANSBURG,OH,453
HOLLEY,NY,144
HOLLIDAY,MO,652
HOLLIDAY,TX,763
HOLLIDAYSBURG,PA,166
HOLLIS,NH,030
HOLLIS,NY,114
HOLLIS,OK,735
HOLLIS CENTER,ME,040
HOLLISTER,CA,950
HOLLISTER,FL,321
HOLLISTER,MO,656
HOLLISTER,NC,278
HOLLISTON,MA,017
HOLLOMAN AIR FORCE BASE,NM,883
HOLLOWAY,OH,439
HOLLOWVILLE,NY,125
HOLLSOPPLE,PA,159
HOLLY,CO,810
HOLLY,MI,484
HOLLY BLUFF,MS,390
HOLLY GROVE,AR,720
HOLLY HILL,SC,290
HOLLY POND,AL,350
HOLLY RIDGE,NC,284
HOLLY SPRINGS,GA,301
HOLLY SPRINGS,MS,386
HOLLY SPRINGS,NC,275
HOLLYTREE,AL,357
HOLLYWOOD,AL,357
HOLLYWOOD,FL,330
HOLLYWOOD,MD,206
HOLLYWOOD,SC,294
HOLMAN,NM,877
HOLMDEL,NJ,077
HOLMEN,WI,546
HOLMES,NY,125
HOLMES,PA,190
HOLMES CITY,MN,563
HOLMESVILLE,NE,683
HOLMESVILLE,OH,446
HOLSTEIN,IA,510
HOLSTEIN,NE,689
HOLT,CA,952
HOLT,MI,488
HOLT,MO,640
HOLTON,IN,470
HOLTON,KS,664
HOLTON,MI,494
HOLTS SUMMIT,MO,650
HOLTVILLE,CA,922
HOLTWOOD,PA,175
HOLUALOA,HI,967
HOLY CROSS,AK,996
HOLY CROSS,IA,520
HOLYOKE,CO,807
HOLYOKE,MA,010
HOLYROOD,KS,674
HOME,PA,157
HOMEDALE,ID,836
HOMELAND,CA,925
HOMELAND,FL,338
HOMER,AK,996
HOMER,GA,305
HOMER,IL,618
HOMER,LA,710
HOMER,MI,492
HOMER,NE,680
HOMER,NY,130
HOMER,OH,430
HOMER CITY,PA,157
HOMERVILLE,GA,316
HOMERVILLE,OH,442
HOMESTEAD,FL,330
HOMESTEAD,PA,151
HOMETOWN,WV,251
HOMEWOOD,AL,352
HOMEWOOD,CA,961
HOMEWOOD,IL,604
HOMINY,OK,740
HOMOSASSA,FL,344
HONAKER,VA,242
HONAUNAU,HI,967
HONDO,NM,883
HONDO,TX,788
HONEA PATH,SC,296
HONEOYE,NY,144
HONEOYE FALLS,NY,144
HONESDALE,PA,184
HONEY BROOK,PA,193
HONEY CREEK,WI,531
HONEY GROVE,TX,754
HONEYDEW,CA,955
HONEYVILLE,UT,843
HONOKAA,HI,967
HONOLULU,HI,968
HONOMU,HI,967
HONOR,MI,496
HOOD,CA,956
HOOD,VA,227
HOOD RIVER,OR,970
HOODSPORT,WA,985
HOOKER,OK,739
HOOKERTON,NC,285
HOOKS,TX,755
HOOKSETT,NH,031
HOOKSTOWN,PA,150
HOOLEHUA,HI,967
HOONAH,AK,998
HOOPA,CA,955
HOOPER,NE,680
HOOPER,UT,843
HOOPER,WA,993
HOOPER BAY,AK,996
HOOPESTON,IL,609
HOOPLE,ND,582
HOOSICK,NY,120
HOOSICK FALLS,NY,120
HOOVER,AL,352
HOOVERSVILLE,PA,159
HOP BOTTOM,PA,188
HOPATCONG,NJ,078
HOPE,AK,996
HOPE,AR,718
HOPE,ID,838
HOPE,IN,472
HOPE,KS,674
HOPE,MI,486
HOPE,MN,560
HOPE,ND,580
HOPE,NJ,078
HOPE,NM,882
HOPE,RI,028
HOPE HULL,AL,360
HOPE MILLS,NC,283
HOPE VALLEY,RI,028
HOPEDALE,IL,617
HOPEDALE,MA,017
HOPEDALE,OH,439
HOPELAND,PA,175
HOPETON,OK,737
HOPEWELL,NJ,085
HOPEWELL,PA,166
HOPEWELL,VA,238
HOPKINS,MI,493
HOPKINS,MN,553
HOPKINS,MO,644
HOPKINS,SC,290
HOPKINS PARK,IL,609
HOPKINSVILLE,KY,422
HOPKINTON,IA,522
HOPKINTON,MA,017
HOPKINTON,RI,028
HOPLAND,CA,954
HOPWOOD,PA,154
HORACE,ND,580
HORATIO,AR,718
HORATIO,SC,290
HORICON,WI,530
HORMIGUEROS,PR,006
HORN LAKE,MS,386
HORNBEAK,TN,382
HORNBECK,LA,714
HORNBROOK,CA,960
HORNELL,NY,148
HORNER,WV,263
HORNERSVILLE,MO,638
HORNICK,IA,510
HORNITOS,CA,953
HORNTOWN,VA,233
HORSE CAVE,KY,427
HORSE CREEK,WY,820
HORSE SHOE,NC,287
HORSEPEN,VA,246
HORSESHOE BAY,TX,786
HORSESHOE BEACH,FL,326
HORSESHOE BEND,ID,836
HORTON,AL,359
HORTON,KS,664
HORTON,MI,492
HORTON,MO,647
HORTONVILLE,NY,127
HOSFORD,FL,323
HOSKINS,NE,687
HOSKINSTON,KY,408
HOSMER,SD,574
HOSPERS,IA,512
HOSSTON,LA,710
HOSTETTER,PA,156
HOT SPRINGS,MT,598
HOT SPRINGS,NC,287
HOT SPRINGS,SD,577
HOT SPRINGS,VA,244
HOT SPRINGS NATIONAL PARK,AR,719
HOT SPRINGS VILLAGE,AR,719
HOT SULPHUR SPRINGS,CO,804
HOTCHKISS,CO,814
HOTEVILLA,AZ,860
HOUGHTON,IA,526
HOUGHTON,MI,499
HOUGHTON,NY,147
HOUGHTON LAKE,MI,486
HOUGHTON LAKE HEIGHTS,MI,486
HOULKA,MS,388
HOULTON,ME,047
HOUMA,LA,703
HOUSATONIC,MA,012
HOUSE,NM,881
HOUSE SPRINGS,MO,630
HOUSTON,AK,996
HOUSTON,AL,355
HOUSTON,AR,720
HOUSTON,DE,199
HOUSTON,MN,559
HOUSTON,MO,654
HOUSTON,MS,388
HOUSTON,OH,453
HOUSTON,TX,770
HOUSTONIA,MO,653
HOUTZDALE,PA,166
HOVEN,SD,574
HOVLAND,MN,556
HOWARD,CO,812
HOWARD,GA,310
HOWARD,KS,673
HOWARD,OH,430
HOWARD,PA,168
HOWARD,SD,573
HOWARD BEACH,NY,114
HOWARD CITY,MI,493
HOWARD LAKE,MN,553
HOWE,ID,832
HOWE,IN,467
HOWE,TX,754
HOWELL,MI,488
HOWELL,NJ,077
HOWELL,UT,843
HOWELLS,NE,686
HOWELLS,NY,109
HOWES,SD,577
HOWES CAVE,NY,120
HOWEY IN THE HILLS,FL,347
HOWLAND,ME,044
HOXIE,AR,724
HOXIE,KS,677
HOYLETON,IL,628
HOYT,KS,664
HOYT,OK,744
HOYTVILLE,OH,435
HUACHUCA CITY,AZ,856
HUALAPAI,AZ,864
HUBBARD,IA,501
HUBBARD,NE,687
HUBBARD,OH,444
HUBBARD,TX,766
HUBBARD LAKE,MI,497
HUBBARDSTON,MA,014
HUBBARDSTON,MI,488
HUBBARDSVILLE,NY,133
HUBBELL,MI,499
HUBERT,NC,285
HUDDLESTON,VA,241
HUDGINS,VA,230
HUDSON,CO,806
HUDSON,FL,346
HUDSON,IA,506
HUDSON,IL,617
HUDSON,IN,467
HUDSON,MA,017
HUDSON,ME,044
HUDSON,MI,492
HUDSON,NC,286
HUDSON,NH,030
HUDSON,NY,125
HUDSON,OH,442
HUDSON,WI,540
HUDSON,WY,825
HUDSONVILLE,MI,494
HUEY,IL,622
HUEYTOWN,AL,350
HUFFMAN,TX,773
HUGER,SC,294
HUGHES,AK,997
HUGHES,AR,723
HUGHES SPRINGS,TX,756
HUGHESTON,WV,251
HUGHESVILLE,MD,206
HUGHESVILLE,MO,653
HUGHESVILLE,PA,177
HUGHSON,CA,953
HUGHSONVILLE,NY,125
HUGO,CO,808
HUGO,MN,550
HUGO,OK,747
HUGOTON,KS,679
HUGUENOT,NY,127
HULBERT,MI,497
HULBERT,OK,744
HULEN,KY,408
HULETT,WY,827
HULETTS LANDING,NY,128
HULL,IA,512
HULL,IL,623
HULL,MA,020
HULL,TX,775
HULLS COVE,ME,046
HUMACAO,PR,007
HUMANSVILLE,MO,656
HUMAROCK,MA,020
HUMBIRD,WI,547
HUMBLE,TX,772
HUMBOLDT,AZ,863
HUMBOLDT,IA,505
HUMBOLDT,IL,619
HUMBOLDT,MN,567
HUMBOLDT,NE,683
HUMBOLDT,SD,570
HUMBOLDT,TN,383
HUME,IL,619
HUME,MO,647
HUME,NY,147
HUME,VA,226
HUMESTON,IA,501
HUMMELS WHARF,PA,178
HUMMELSTOWN,PA,170
HUMNOKE,AR,720
HUMPHREY,AR,720
HUMPHREY,NE,686
HUMPTULIPS,WA,985
HUNDRED,WV,265
HUNGERFORD,TX,774
HUNGRY HORSE,MT,599
HUNKER,PA,156
HUNLOCK CREEK,PA,186
HUNNEWELL,MO,634
HUNT,NY,148
HUNTER,AR,720
HUNTER,KS,674
HUNTER,ND,580
HUNTER,NY,124
HUNTERS,WA,991
HUNTERSVILLE,NC,280
HUNTERTOWN,IN,467
HUNTINGBURG,IN,475
HUNTINGDON,PA,166
HUNTINGDON,TN,383
HUNTINGDON VALLEY,PA,190
HUNTINGTON,AR,729
HUNTINGTON,IN,467
HUNTINGTON,MA,010
HUNTINGTON,NY,117
HUNTINGTON,OR,979
HUNTINGTON,TX,759
HUNTINGTON,UT,845
HUNTINGTON,VT,054
HUNTINGTON,WV,257
HUNTINGTON BEACH,CA,926
HUNTINGTON MILLS,PA,186
HUNTINGTON PARK,CA,902
HUNTINGTON STATION,NY,117
HUNTINGTON WOODS,MI,480
HUNTINGTOWN,MD,206
HUNTLAND,TN,373
HUNTLEY,IL,601
HUNTLEY,MT,590
HUNTLEY,WY,822
HUNTSBURG,OH,440
HUNTSVILLE,AL,358
HUNTSVILLE,AR,727
HUNTSVILLE,MO,652
HUNTSVILLE,OH,433
HUNTSVILLE,TN,377
HUNTSVILLE,TX,773
HUNTSVILLE,UT,843
HURDLAND,MO,635
HURDLE MILLS,NC,275
HURLEY,MO,656
HURLEY,MS,395
HURLEY,NM,880
HURLEY,NY,124
HURLEY,SD,570
HURLEY,WI,545
HURLEYVILLE,NY,127
HURLOCK,MD,216
HURON,CA,932
HURON,IN,474
HURON,OH,448
HURON,SD,573
HURRICANE,UT,847
HURRICANE,WV,255
HURRICANE MILLS,TN,370
HURST,IL,629
HURST,TX,760
HURT,VA,245
HURTSBORO,AL,368
HUSLIA,AK,997
HUSSER,LA,704
HUSTISFORD,WI,530
HUSTON,ID,836
HUSTONTOWN,PA,172
HUSTONVILLE,KY,404
HUTCHINS,TX,751
HUTCHINSON,KS,675
HUTCHINSON,MN,553
HUTCHINSON,PA,156
HUTSONVILLE,IL,624
HUTTIG,AR,717
HUTTO,TX,786
HUTTONSVILLE,WV,262
HUXLEY,IA,501
HYAMPOM,CA,960
HYANNIS,MA,026
HYANNIS,NE,693
HYANNIS PORT,MA,026
HYATTSVILLE,MD,207
HYATTVILLE,WY,824
HYDABURG,AK,999
HYDE,PA,168
HYDE PARK,MA,021
HYDE PARK,NY,125
HYDE PARK,PA,156
HYDE PARK,UT,843
HYDE PARK,VT,056
HYDEN,KY,417
HYDER,AK,999
HYDESVILLE,CA,955
HYDEVILLE,VT,057
HYDRO,OK,730
HYE,TX,786
HYGIENE,CO,805
HYMERA,IN,478
HYNDMAN,PA,155
HYNER,PA,177
HYRUM,UT,843
HYSHAM,MT,590
IAEGER,WV,248
IBERIA,MO,654
IBERIA,OH,433
ICARD,NC,286
ICKESBURG,PA,170
IDA,LA,710
IDA,MI,481
IDA GROVE,IA,514
IDABEL,OK,747
IDAHO CITY,ID,836
IDAHO FALLS,ID,834
IDAHO SPRINGS,CO,804
IDALIA,CO,807
IDALOU,TX,793
IDAMAY,WV,265
IDANHA,OR,973
IDAVILLE,IN,479
IDEAL,GA,310
IDEAL,SD,575
IDER,AL,359
IDLEDALE,CO,804
IDLEWILD,TN,383
IDLEYLD PARK,OR,974
IDYLLWILD,CA,925
IGIUGIG,AK,996
IGNACIO,CO,811
IGO,CA,960
IHLEN,MN,561
IKES FORK,WV,248
ILA,GA,306
ILIAMNA,AK,996
ILIFF,CO,807
ILION,NY,133
ILLINOIS CITY,IL,612
ILLIOPOLIS,IL,625
ILWACO,WA,986
IMBLER,OR,978
IMLAY,NV,894
IMLAY CITY,MI,484
IMLER,PA,166
IMMACULATA,PA,193
IMMOKALEE,FL,341
IMNAHA,OR,978
IMPERIAL,CA,922
IMPERIAL,MO,630
IMPERIAL,NE,690
IMPERIAL,PA,151
IMPERIAL,TX,797
IMPERIAL BEACH,CA,919
INA,IL,628
INCHELIUM,WA,991
INCLINE VILLAGE,NV,894
INDEPENDENCE,CA,935
INDEPENDENCE,IA,506
INDEPENDENCE,KS,673
INDEPENDENCE,KY,410
INDEPENDENCE,LA,704
INDEPENDENCE,MO,640
INDEPENDENCE,MS,386
INDEPENDENCE,OH,441
INDEPENDENCE,OR,973
INDEPENDENCE,VA,243
INDEPENDENCE,WI,547
INDEX,WA,982
INDIAN HEAD,MD,206
INDIAN HEAD,PA,154
INDIAN HILLS,CO,804
INDIAN LAKE,NY,128
INDIAN LAKE ESTATES,FL,338
INDIAN MOUND,TN,370
INDIAN ORCHARD,MA,011
INDIAN RIVER,MI,497
INDIAN ROCKS BEACH,FL,337
INDIAN SPRINGS,NV,890
INDIAN TRAIL,NC,280
INDIAN VALLEY,VA,241
INDIAN WELLS,AZ,860
INDIANA,PA,157
INDIANAPOLIS,IN,462
INDIANOLA,IA,501
INDIANOLA,IL,618
INDIANOLA,MS,387
INDIANOLA,NE,690
INDIANOLA,OK,744
INDIANOLA,PA,150
INDIANOLA,WA,983
INDIANTOWN,FL,349
INDIO,CA,922
INDORE,WV,251
INDUSTRY,IL,614
INDUSTRY,PA,150
INDUSTRY,TX,789
INEZ,KY,412
INGALLS,IN,460
INGALLS,MI,498
INGLEFIELD,IN,476
INGLESIDE,IL,600
INGLESIDE,TX,783
INGLEWOOD,CA,903
INGLIS,FL,344
INGOMAR,MT,590
INGOMAR,PA,151
INGRAHAM,IL,624
INGRAM,KY,409
INGRAM,TX,780
INKOM,ID,832
INKSTER,MI,481
INLET,NY,133
INMAN,KS,675
INMAN,NE,687
INMAN,SC,293
INNIS,LA,707
INOLA,OK,740
INSTITUTE,WV,251
INTERCESSION CITY,FL,338
INTERCOURSE,PA,175
INTERIOR,SD,577
INTERLACHEN,FL,321
INTERLAKEN,NY,148
INTERLOCHEN,MI,496
INTERNATIONAL FALLS,MN,566
INTERVALE,NH,038
INVER GROVE HEIGHTS,MN,550
INVERNESS,CA,949
INVERNESS,FL,344
INVERNESS,MS,387
INVERNESS,MT,595
INWOOD,IA,512
INWOOD,WV,254
INYOKERN,CA,935
IOLA,KS,667
IOLA,TX,778
IOLA,WI,549
IONA,ID,834
IONA,MN,561
IONA,SD,575
IONE,CA,956
IONE,OR,978
IONE,WA,991
IONIA,MI,488
IONIA,NY,144
IOTA,LA,705
IOWA,LA,706
IOWA CITY,IA,522
IOWA FALLS,IA,501
IOWA PARK,TX,763
IPAVA,IL,614
IPSWICH,MA,019
IPSWICH,SD,574
IRAAN,TX,797
IRASBURG,VT,058
IREDELL,TX,766
IRELAND,IN,475
IRELAND,WV,263
IRENE,SD,570
IRENE,TX,766
IRETON,IA,510
IRMA,WI,544
IRMO,SC,290
IRON BELT,WI,545
IRON CITY,GA,317
IRON CITY,TN,384
IRON GATE,VA,244
IRON MOUNTAIN,MI,498
IRON RIDGE,WI,530
IRON RIVER,MI,499
IRON RIVER,WI,548
IRON STATION,NC,280
IRONDALE,AL,352
IRONDALE,MO,636
IRONDALE,OH,439
IRONIA,NJ,078
IRONS,MI,496
IRONTON,MN,564
IRONTON,MO,636
IRONTON,OH,456
IRONWOOD,MI,499
IROQUOIS,IL,609
IROQUOIS,SD,573
IRRIGON,OR,978
IRVINE,CA,926
IRVINE,KY,403
IRVINE,PA,163
IRVING,IL,620
IRVING,NY,140
IRVING,TX,750
IRVINGTON,AL,365
IRVINGTON,IL,628
IRVINGTON,KY,401
IRVINGTON,NJ,071
IRVINGTON,NY,105
IRVINGTON,VA,224
IRVONA,PA,166
IRWIN,IA,514
IRWIN,ID,834
IRWIN,OH,430
IRWIN,PA,156
IRWINTON,GA,310
ISABEL,KS,670
ISABEL,SD,576
ISABELA,PR,006
ISABELLA,MO,656
ISABELLA,PA,154
ISANTI,MN,550
ISELIN,NJ,088
ISHPEMING,MI,498
ISLAMORADA,FL,330
ISLAND,KY,423
ISLAND FALLS,ME,047
ISLAND GROVE,FL,326
ISLAND HEIGHTS,NJ,087
ISLAND LAKE,IL,600
ISLAND PARK,ID,834
ISLAND PARK,NY,115
ISLAND POND,VT,058
ISLANDTON,SC,299
ISLE,MN,563
ISLE AU HAUT,ME,046
ISLE OF PALMS,SC,294
ISLE OF WIGHT,VA,233
ISLESBORO,ME,048
ISLESFORD,ME,046
ISLETA,NM,870
ISLETON,CA,956
ISLIP,NY,117
ISLIP TERRACE,NY,117
ISOLA,MS,387
ISOM,KY,418
ISONVILLE,KY,411
ISSAQUAH,WA,980
ISTACHATTA,FL,346
ITALY,TX,766
ITASCA,IL,601
ITASCA,TX,760
ITHACA,MI,488
ITHACA,NY,148
ITMANN,WV,248
ITTA BENA,MS,389
IUKA,IL,628
IUKA,KS,670
IUKA,MS,388
IVA,SC,296
IVAN,AR,717
IVANHOE,CA,932
IVANHOE,MN,561
IVANHOE,NC,284
IVANHOE,TX,754
IVESDALE,IL,618
IVINS,UT,847
IVOR,VA,238
IVORYTON,CT,064
IVY,VA,229
IVYDALE,WV,251
IXONIA,WI,530
JACK,AL,363
JACKHORN,KY,418
JACKMAN,ME,049
JACKPOT,NV,898
JACKS CREEK,TN,383
JACKSBORO,TN,377
JACKSBORO,TX,764
JACKSON,AL,365
JACKSON,CA,956
JACKSON,GA,302
JACKSON,KY,413
JACKSON,LA,707
JACKSON,MI,492
JACKSON,MN,561
JACKSON,MO,637
JACKSON,MS,392
JACKSON,MT,597
JACKSON,NC,278
JACKSON,NE,687
JACKSON,NH,038
JACKSON,NJ,085
JACKSON,OH,456
JACKSON,PA,188
JACKSON,SC,298
JACKSON,TN,383
JACKSON,WY,830
JACKSON CENTER,OH,453
JACKSON CENTER,PA,161
JACKSON HEIGHTS,NY,113
JACKSON SPRINGS,NC,272
JACKSONBORO,SC,294
JACKSONBURG,WV,263
JACKSONPORT,AR,720
JACKSONS GAP,AL,368
JACKSONTOWN,OH,430
JACKSONVILLE,AL,362
JACKSONVILLE,AR,720
JACKSONVILLE,FL,322
JACKSONVILLE,IL,626
JACKSONVILLE,MO,652
JACKSONVILLE,NC,285
JACKSONVILLE,NY,148
JACKSONVILLE,OH,457
JACKSONVILLE,OR,975
JACKSONVILLE,TX,757
JACKSONVILLE,VT,053
JACKSONVILLE BEACH,FL,322
JACOBS CREEK,PA,154
JACOBSBURG,OH,439
JACUMBA,CA,919
JADWIN,MO,655
JAFFREY,NH,034
JAKIN,GA,317
JAL,NM,882
JAMAICA,IA,501
JAMAICA,NY,114
JAMAICA,VT,053
JAMAICA PLAIN,MA,021
JAMES CITY,PA,167
JAMES CREEK,PA,166
JAMESBURG,NJ,088
JAMESPORT,MO,646
JAMESPORT,NY,119
JAMESTOWN,CA,953
JAMESTOWN,CO,804
JAMESTOWN,KY,426
JAMESTOWN,LA,710
JAMESTOWN,MI,494
JAMESTOWN,MO,650
JAMESTOWN,NC,272
JAMESTOWN,ND,584
JAMESTOWN,NY,147
JAMESTOWN,OH,453
JAMESTOWN,PA,161
JAMESTOWN,RI,028
JAMESTOWN,SC,294
JAMESTOWN,TN,385
JAMESVILLE,NC,278
JAMESVILLE,NY,130
JAMESVILLE,VA,233
JAMIESON,OR,979
JAMISON,PA,189
JAMUL,CA,919
JANE LEW,WV,263
JANESVILLE,CA,961
JANESVILLE,MN,560
JANESVILLE,WI,535
JANSEN,NE,683
JARALES,NM,870
JARBIDGE,NV,898
JAROSO,CO,811
JARRATT,VA,238
JARREAU,LA,707
JARRELL,TX,765
JARRETTSVILLE,MD,210
JARVISBURG,NC,279
JASONVILLE,IN,474
JASPER,AL,355
JASPER,AR,726
JASPER,FL,320
JASPER,GA,301
JASPER,IN,475
JASPER,MI,492
JASPER,MN,561
JASPER,MO,647
JASPER,TN,373
JAVA,SD,574
JAVA CENTER,NY,140
JAVA VILLAGE,NY,140
JAY,FL,325
JAY,ME,042
JAY,NY,129
JAY,OK,743
JAY EM,WY,822
JAYESS,MS,396
JAYTON,TX,795
JAYUYA,PR,006
JBER,AK,995
JBSA FT SAM HOUSTON,TX,782
JBSA LACKLAND,TX,782
JBSA RANDOLPH,TX,781
JEAN,NV,890
JEANERETTE,LA,705
JEANNETTE,PA,156
JEDDO,MI,480
JEFF,KY,417
JEFFERS,MN,561
JEFFERSON,AR,720
JEFFERSON,GA,305
JEFFERSON,IA,500
JEFFERSON,MA,015
JEFFERSON,MD,217
JEFFERSON,ME,043
JEFFERSON,NC,286
JEFFERSON,NH,035
JEFFERSON,NY,120
JEFFERSON,OH,440
JEFFERSON,OR,973
JEFFERSON,SC,297
JEFFERSON,SD,570
JEFFERSON,TX,756
JEFFERSON,WI,535
JEFFERSON CITY,MO,651
JEFFERSON CITY,MT,596
JEFFERSON CITY,TN,377
JEFFERSON VALLEY,NY,105
JEFFERSONVILLE,GA,310
JEFFERSONVILLE,IN,471
JEFFERSONVILLE,KY,403
JEFFERSONVILLE,NY,127
JEFFERSONVILLE,OH,431
JEFFERSONVILLE,VT,054
JEFFREY,WV,251
JELLICO,TN,377
JEMEZ PUEBLO,NM,870
JEMEZ SPRINGS,NM,870
JEMISON,AL,350
JENA,LA,713
JENISON,MI,494
JENKINJONES,WV,248
JENKINS,KY,415
JENKINS,MN,564
JENKINSBURG,GA,302
JENKINSVILLE,SC,290
JENKINTOWN,PA,190
JENKS,OK,740
JENNER,CA,954
JENNERS,PA,155
JENNERSTOWN,PA,155
JENNINGS,FL,320
JENNINGS,KS,676
JENNINGS,LA,705
JENNINGS,OK,740
JENSEN,UT,840
JENSEN BEACH,FL,349
JEREMIAH,KY,418
JERICHO,VT,054
JERMYN,TX,764
JEROME,AZ,863
JEROME,ID,833
JEROME,MI,492
JEROME,PA,159
JEROMESVILLE,OH,448
JERRY CITY,OH,434
JERSEY,GA,300
JERSEY,VA,224
JERSEY CITY,NJ,073
JERSEY SHORE,PA,177
JERSEYVILLE,IL,620
JERUSALEM,AR,720
JERUSALEM,OH,437
JESSE,WV,248
JESSIEVILLE,AR,719
JESSUP,MD,207
JESSUP,PA,184
JESUP,GA,315
JESUP,IA,506
JETERSVILLE,VA,230
JETMORE,KS,678
JETSON,KY,422
JEWELL,GA,310
JEWELL,IA,501
JEWELL,KS,669
JEWELL,OH,435
JEWETT,IL,624
JEWETT,OH,439
JEWETT,TX,758
JEWETT CITY,CT,063
JIGGER,LA,712
JIM FALLS,WI,547
JIM THORPE,PA,182
JOAQUIN,TX,759
JOBSTOWN,NJ,080
JODIE,WV,266
JOELTON,TN,370
JOES,CO,808
JOFFRE,PA,150
JOHANNESBURG,CA,935
JOHANNESBURG,MI,497
JOHN DAY,OR,978
JOHNS ISLAND,SC,294
JOHNSBURG,NY,128
JOHNSON,KS,678
JOHNSON,NE,683
JOHNSON,NY,109
JOHNSON,VT,056
JOHNSON CITY,TN,376
JOHNSON CITY,TX,786
JOHNSON CREEK,WI,530
JOHNSONBURG,PA,158
JOHNSONVILLE,NY,120
JOHNSONVILLE,SC,295
JOHNSTON,IA,501
JOHNSTON,RI,029
JOHNSTON,SC,298
JOHNSTON CITY,IL,629
JOHNSTOWN,CO,805
JOHNSTOWN,NE,692
JOHNSTOWN,NY,120
JOHNSTOWN,OH,430
JOHNSTOWN,PA,159
JOICE,IA,504
JOINER,AR,723
JOINERVILLE,TX,756
JOINT BASE LEWIS MCCHORD,WA,984
JOINT BASE MDL,NJ,086
JOLIET,IL,604
JOLIET,MT,590
JOLLEY,IA,505
JOLO,WV,248
JOLON,CA,939
JONANCY,KY,415
JONAS RIDGE,NC,286
JONBEN,WV,258
JONES,AL,367
JONES,LA,712
JONES,MI,490
JONES,OK,730
JONES MILLS,AR,721
JONES MILLS,PA,156
JONESBORO,AR,724
JONESBORO,GA,302
JONESBORO,IL,629
JONESBORO,LA,712
JONESBORO,ME,046
JONESBORO,TX,765
JONESBOROUGH,TN,376
JONESBURG,MO,633
JONESPORT,ME,046
JONESTOWN,MS,386
JONESTOWN,PA,170
JONESTOWN,TX,786
JONESVILLE,LA,713
JONESVILLE,MI,492
JONESVILLE,NC,286
JONESVILLE,SC,293
JONESVILLE,TX,756
JONESVILLE,VA,242
JONESVILLE,VT,054
JOPLIN,MO,648
JOPLIN,MT,595
JOPPA,AL,350
JOPPA,IL,629
JOPPA,MD,210
JORDAN,MN,553
JORDAN,MT,593
JORDAN,NY,130
JORDAN VALLEY,OR,979
JORDANVILLE,NY,133
JOSEPH,OR,978
JOSEPH CITY,AZ,860
JOSEPHINE,TX,751
JOSEPHINE,WV,258
JOSHUA,TX,760
JOSHUA TREE,CA,922
JOURDANTON,TX,780
JOY,IL,612
JOYCE,LA,714
JOYCE,WA,983
JUANA DIAZ,PR,007
JUD,ND,584
JUDA,WI,535
JUDITH GAP,MT,594
JUDSON,IN,478
JUDSON,TX,756
JUDSONIA,AR,720
JULESBURG,CO,807
JULIAETTA,ID,835
JULIAN,CA,920
JULIAN,NC,272
JULIAN,PA,168
JULIETTE,GA,310
JULIUSTOWN,NJ,080
JUMPING BRANCH,WV,259
JUNCOS,PR,007
JUNCTION,IL,629
JUNCTION,TX,768
JUNCTION,UT,847
JUNCTION CITY,AR,717
JUNCTION CITY,CA,960
JUNCTION CITY,GA,318
JUNCTION CITY,KS,664
JUNCTION CITY,KY,404
JUNCTION CITY,OH,437
JUNCTION CITY,OR,974
JUNCTION CITY,WI,544
JUNE LAKE,CA,935
JUNEAU,AK,998
JUNEDALE,PA,182
JUNIOR,WV,262
JUNTURA,OR,979
JUPITER,FL,334
JURUPA VALLEY,CA,917
JUSTICE,WV,248
JUSTIN,TX,762
KAAAWA,HI,967
KADOKA,SD,575
KAHLOTUS,WA,993
KAHOKA,MO,634
KAHUKU,HI,967
KAHULUI,HI,967
KAIBETO,AZ,860
KAILUA,HI,967
KAILUA KONA,HI,967
KAISER,MO,650
KAKE,AK,998
KAKTOVIK,AK,997
KALAHEO,HI,967
KALAMA,WA,986
KALAMAZOO,MI,490
KALAUPAPA,HI,967
KALEVA,MI,496
KALIDA,OH,458
KALISPELL,MT,599
KALKASKA,MI,496
KALONA,IA,522
KALSKAG,AK,996
KALTAG,AK,997
KAMAS,UT,840
KAMAY,TX,763
KAMIAH,ID,835
KAMPSVILLE,IL,620
KAMUELA,HI,967
KANAWHA,IA,504
KANDIYOHI,MN,562
KANE,PA,167
KANEOHE,HI,967
KANEOHE MCAS,HI,968
KANEVILLE,IL,601
KANKAKEE,IL,609
KANNAPOLIS,NC,280
KANONA,NY,148
KANORADO,KS,677
KANOSH,UT,846
KANSAS,AL,355
KANSAS,IL,619
KANSAS,OH,448
KANSAS,OK,743
KANSAS CITY,KS,661
KANSAS CITY,MO,641
KAPAA,HI,967
KAPAAU,HI,967
KAPLAN,LA,705
KAPOLEI,HI,967
KAPOWSIN,WA,983
KARLSTAD,MN,567
KARLUK,AK,996
KARNACK,TX,756
KARNAK,IL,629
KARNES CITY,TX,781
KARNS CITY,PA,160
KARTHAUS,PA,168
KARVAL,CO,808
KASIGLUK,AK,996
KASILOF,AK,996
KASOTA,MN,560
KASSON,MN,559
KATHLEEN,FL,338
KATHLEEN,GA,310
KATHRYN,ND,580
KATONAH,NY,105
KATTSKILL BAY,NY,128
KATY,TX,774
KAUFMAN,TX,751
KAUKAUNA,WI,541
KAUMAKANI,HI,967
KAUNAKAKAI,HI,967
KAUNEONGA LAKE,NY,127
KAW CITY,OK,746
KAWKAWLIN,MI,486
KAYCEE,WY,826
KAYENTA,AZ,860
KAYLOR,SD,573
KAYSVILLE,UT,840
KEAAU,HI,967
KEALAKEKUA,HI,967
KEAMS CANYON,AZ,860
KEANSBURG,NJ,077
KEARNEY,MO,640
KEARNEY,NE,688
KEARNEYSVILLE,WV,254
KEARNY,AZ,851
KEARNY,NJ,070
KEARSARGE,MI,499
KEASBEY,NJ,088
KEATCHIE,LA,710
KEATON,KY,412
KECHI,KS,670
KEEDYSVILLE,MD,217
KEEGO HARBOR,MI,483
KEELER,CA,935
KEEN MOUNTAIN,VA,246
KEENE,CA,935
KEENE,KY,403
KEENE,NH,034
KEENE,NY,129
KEENE,TX,760
KEENES,IL,628
KEENESBURG,CO,806
KEENSBURG,IL,628
KEESEVILLE,NY,129
KEEWATIN,MN,557
KEGLEY,WV,247
KEISER,AR,723
KEISTERVILLE,PA,154
KEITHSBURG,IL,614
KEITHVILLE,LA,710
KEIZER,OR,973
KEKAHA,HI,967
KELAYRES,PA,182
KELFORD,NC,278
KELL,IL,628
KELLER,TX,762
KELLER,VA,234
KELLER,WA,991
KELLERTON,IA,501
KELLEYS ISLAND,OH,434
KELLIHER,MN,566
KELLNERSVILLE,WI,542
KELLOGG,IA,501
KELLOGG,ID,838
KELLOGG,MN,559
KELLY,LA,714
KELLY,NC,284
KELLY,WY,830
KELLYSVILLE,WV,247
KELLYVILLE,OK,740
KELSEYVILLE,CA,954
KELSO,MO,637
KELSO,TN,373
KELSO,WA,986
KELTON,PA,193
KEMAH,TX,775
KEMBLESVILLE,PA,193
KEMMERER,WY,831
KEMP,TX,751
KEMPNER,TX,765
KEMPTON,IL,609
KEMPTON,IN,460
KEMPTON,PA,195
KENAI,AK,996
KENANSVILLE,FL,347
KENANSVILLE,NC,283
KENBRIDGE,VA,239
KENDALIA,TX,780
KENDALL,KS,678
KENDALL,MI,490
KENDALL,NY,144
KENDALL,WI,546
KENDALL PARK,NJ,088
KENDALLVILLE,IN,467
KENDLETON,TX,774
KENDRICK,ID,835
KENDUSKEAG,ME,044
KENEDY,TX,781
KENEFIC,OK,747
KENESAW,NE,689
KENILWORTH,IL,600
KENILWORTH,NJ,070
KENLY,NC,275
KENMARE,ND,587
KENNA,WV,251
KENNAN,WI,545
KENNARD,IN,473
KENNARD,TX,758
KENNEBEC,SD,575
KENNEBUNK,ME,040
KENNEBUNKPORT,ME,040
KENNEDALE,TX,760
KENNEDY,AL,355
KENNEDY,NY,147
KENNEDYVILLE,MD,216
KENNER,LA,700
KENNERDELL,PA,163
KENNESAW,GA,301
KENNETT,MO,638
KENNETT SQUARE,PA,193
KENNEWICK,WA,993
KENNEY,TX,774
KENO,OR,976
KENOSHA,WI,531
KENOVA,WV,255
KENOZA LAKE,NY,127
KENSETT,AR,720
KENSETT,IA,504
KENSINGTON,KS,669
KENSINGTON,MD,208
KENSINGTON,MN,563
KENT,CT,067
KENT,MN,565
KENT,NY,144
KENT,OH,442
KENT,OR,970
KENT,PA,157
KENT,WA,980
KENT CITY,MI,493
KENTFIELD,CA,949
KENTLAND,IN,479
KENTON,DE,199
KENTON,OH,433
KENTON,OK,739
KENTON,TN,382
KENTS HILL,ME,043
KENTWOOD,LA,704
KENVIL,NJ,078
KENVIR,KY,408
KENWOOD,CA,954
KENYON,MN,559
KEO,AR,720
KEOKEE,VA,242
KEOKUK,IA,526
KEOSAUQUA,IA,525
KEOTA,IA,522
KEOTA,OK,749
KERENS,TX,751
KERENS,WV,262
KERHONKSON,NY,124
KERKHOVEN,MN,562
KERMAN,CA,936
KERMIT,TX,797
KERMIT,WV,256
KERNERSVILLE,NC,272
KERNVILLE,CA,932
KERR,OH,456
KERRICK,MN,557
KERRVILLE,TX,780
KERSEY,CO,806
KERSEY,PA,158
KERSHAW,SC,290
KESHENA,WI,541
KESLERS CROSS LANES,WV,266
KESWICK,IA,501
KETCHIKAN,AK,999
KETCHUM,ID,833
KETCHUM,OK,743
KETTLE FALLS,WA,991
KETTLE ISLAND,KY,409
KETTLE RIVER,MN,557
KETTLEMAN CITY,CA,932
KETTLERSVILLE,OH,453
KEUKA PARK,NY,144
KEVIL,KY,420
KEVIN,MT,594
KEW GARDENS,NY,114
KEWADIN,MI,496
KEWANEE,IL,614
KEWANEE,MO,638
KEWANNA,IN,469
KEWASKUM,WI,530
KEWAUNEE,WI,542
KEY BISCAYNE,FL,331
KEY COLONY BEACH,FL,330
KEY LARGO,FL,330
KEY WEST,FL,330
KEYES,CA,953
KEYES,OK,739
KEYESPORT,IL,622
KEYMAR,MD,217
KEYPORT,NJ,077
KEYPORT,WA,983
KEYSER,WV,267
KEYSTONE,IN,467
KEYSTONE,NE,691
KEYSTONE,SD,577
KEYSTONE,WV,248
KEYSTONE HEIGHTS,FL,326
KEYSVILLE,GA,308
KEYSVILLE,VA,239
KEYTESVILLE,MO,652
KIAMESHA LAKE,NY,127
KIANA,AK,997
KIDDER,MO,646
KIDRON,OH,446
KIEF,ND,587
KIEFER,OK,740
KIEFFER,WV,249
KIEL,WI,530
KIELER,WI,538
KIESTER,MN,560
KIHEI,HI,967
KILA,MT,599
KILAUEA,HI,967
KILBOURNE,LA,712
KILBOURNE,OH,430
KILDARE,TX,755
KILGORE,TX,756
KILKENNY,MN,560
KILL BUCK,NY,147
KILL DEVIL HILLS,NC,279
KILLAWOG,NY,137
KILLBUCK,OH,446
KILLDEER,ND,586
KILLDUFF,IA,501
KILLEEN,TX,765
KILLEN,AL,356
KILLINGTON,VT,057
KILLINGWORTH,CT,064
KILLONA,LA,700
KILMARNOCK,VA,224
KILMICHAEL,MS,397
KILN,MS,395
KIM,CO,810
KIMBALL,MN,553
KIMBALL,NE,691
KIMBALL,SD,573
KIMBALL,WV,248
KIMBERLING CITY,MO,656
KIMBERLY,AL,350
KIMBERLY,ID,833
KIMBERLY,OR,978
KIMBERLY,WI,541
KIMBERLY,WV,251
KIMBERTON,PA,194
KIMMELL,IN,467
KIMMSWICK,MO,630
KIMPER,KY,415
KINCAID,IL,625
KINCAID,WV,251
KINCHELOE,MI,497
KINDE,MI,484
KINDER,LA,706
KINDERHOOK,NY,121
KINDRED,ND,580
KING,NC,270
KING,WI,549
KING AND QUEEN COURT HOUSE,VA,230
KING CITY,CA,939
KING CITY,MO,644
KING COVE,AK,996
KING FERRY,NY,130
KING GEORGE,VA,224
KING OF PRUSSIA,PA,194
KINGDOM CITY,MO,652
KINGFIELD,ME,049
KINGFISHER,OK,737
KINGMAN,AZ,864
KINGMAN,IN,479
KINGMAN,KS,670
KINGMAN,ME,044
KINGMONT,WV,265
KINGS BAY,GA,315
KINGS BEACH,CA,961
KINGS CANYON NATIONAL PK,CA,936
KINGS MILLS,OH,450
KINGS MOUNTAIN,KY,404
KINGS MOUNTAIN,NC,280
KINGS PARK,NY,117
KINGSBURG,CA,936
KINGSBURY,IN,463
KINGSBURY,TX,786
KINGSFORD HEIGHTS,IN,463
KINGSHILL,VI,008
KINGSLAND,AR,716
KINGSLAND,GA,315
KINGSLAND,TX,786
KINGSLEY,IA,510
KINGSLEY,MI,496
KINGSLEY,PA,188
KINGSPORT,TN,376
KINGSTON,AR,727
KINGSTON,GA,301
KINGSTON,ID,838
KINGSTON,IL,601
KINGSTON,MA,023
KINGSTON,MI,487
KINGSTON,MO,646
KINGSTON,NH,038
KINGSTON,NJ,085
KINGSTON,NY,124
KINGSTON,OH,456
KINGSTON,OK,734
KINGSTON,PA,187
KINGSTON,RI,028
KINGSTON,TN,377
KINGSTON,WA,983
KINGSTON,WI,539
KINGSTON MINES,IL,615
KINGSTON SPRINGS,TN,370
KINGSTREE,SC,295
KINGSVILLE,MD,210
KINGSVILLE,TX,783
KINGWOOD,TX,773
KINGWOOD,WV,265
KINMUNDY,IL,628
KINNEAR,WY,825
KINSALE,VA,224
KINSLEY,KS,675
KINSMAN,IL,604
KINSMAN,OH,444
KINSTON,AL,364
KINSTON,NC,285
KINTA,OK,745
KINTNERSVILLE,PA,189
KIOWA,CO,801
KIOWA,KS,670
KIOWA,OK,745
KIPLING,NC,275
KIPNUK,AK,996
KIPTON,OH,440
KIRBY,AR,719
KIRBY,OH,433
KIRBYVILLE,TX,759
KIRK,CO,808
KIRKERSVILLE,OH,430
KIRKLAND,AZ,863
KIRKLAND,IL,601
KIRKLAND,WA,980
KIRKLIN,IN,460
KIRKSEY,KY,420
KIRKSVILLE,MO,635
KIRKVILLE,NY,130
KIRKWOOD,CA,956
KIRKWOOD,DE,197
KIRKWOOD,IL,614
KIRKWOOD,PA,175
KIRON,IA,514
KIRTLAND,NM,874
KIRWIN,KS,676
KISMET,KS,678
KISSIMMEE,FL,347
KISTLER,WV,256
KIT CARSON,CO,808
KITE,GA,310
KITTANNING,PA,162
KITTERY,ME,039
KITTERY POINT,ME,039
KITTITAS,WA,989
KITTREDGE,CO,804
KITTRELL,NC,275
KITTY HAWK,NC,279
KITZMILLER,MD,215
KIVALINA,AK,997
KLAMATH,CA,955
KLAMATH FALLS,OR,976
KLAWOCK,AK,999
KLEINFELTERSVILLE,PA,170
KLICKITAT,WA,986
KLONDIKE,TX,754
KNAPP,WI,547
KNICKERBOCKER,TX,769
KNIERIM,IA,505
KNIFE RIVER,MN,556
KNIGHTDALE,NC,275
KNIGHTS LANDING,CA,956
KNIGHTSEN,CA,945
KNIGHTSTOWN,IN,461
KNIGHTSVILLE,IN,478
KNIPPA,TX,788
KNOB LICK,MO,636
KNOB NOSTER,MO,653
KNOBEL,AR,724
KNOTTS ISLAND,NC,279
KNOWLES,OK,738
KNOX,IN,465
KNOX,PA,162
KNOX CITY,MO,634
KNOX CITY,TX,795
KNOX DALE,PA,158
KNOXVILLE,AR,728
KNOXVILLE,IA,501
KNOXVILLE,IL,614
KNOXVILLE,PA,169
KNOXVILLE,TN,379
KOBUK,AK,997
KODAK,TN,377
KODIAK,AK,996
KOHLER,WI,530
KOKOMO,IN,460
KOKOMO,MS,396
KOLOA,HI,967
KONAWA,OK,748
KOOSHAREM,UT,847
KOOSKIA,ID,835
KOOTENAI,ID,838
KOPPEL,PA,161
KOPPERL,TX,766
KOPPERSTON,WV,248
KOROR,PW,969
KOSCIUSKO,MS,390
KOSHKONONG,MO,656
KOSRAE,FM,969
KOSSE,TX,766
KOSSUTH,PA,163
KOTLIK,AK,996
KOTZEBUE,AK,997
KOUNTZE,TX,776
KOUTS,IN,463
KOYUK,AK,997
KOYUKUK,AK,997
KRAKOW,WI,541
KRAMER,ND,587
KRANZBURG,SD,572
KREAMER,PA,178
KREBS,OK,745
KREMLIN,MT,595
KREMLIN,OK,737
KREMMLING,CO,804
KRESGEVILLE,PA,183
KRESS,TX,790
KROTZ SPRINGS,LA,707
KRUM,TX,762
KUALAPUU,HI,967
KULA,HI,967
KULM,ND,584
KULPMONT,PA,178
KULPSVILLE,PA,194
KUNA,ID,836
KUNIA,HI,967
KUNKLETOWN,PA,180
KURE BEACH,NC,284
KURTEN,TX,778
KURTISTOWN,HI,967
KUTZTOWN,PA,195
KWETHLUK,AK,996
KWIGILLINGOK,AK,996
KYBURZ,CA,957
KYKOTSMOVI VILLAGE,AZ,860
KYLE,SD,577
KYLE,TX,786
KYLE,WV,248
KYLERTOWN,PA,168
LA BARGE,WY,831
LA BELLE,MO,634
LA BELLE,PA,154
LA BLANCA,TX,785
LA CANADA FLINTRIDGE,CA,910
LA CENTER,KY,420
LA CENTER,WA,986
LA CONNER,WA,982
LA COSTE,TX,780
LA CRESCENT,MN,559
LA CRESCENTA,CA,912
LA CROSSE,FL,326
LA CROSSE,IN,463
LA CROSSE,KS,675
LA CROSSE,VA,239
LA CROSSE,WI,546
LA CYGNE,KS,660
LA FARGE,WI,546
LA FAYETTE,GA,307
LA FAYETTE,IL,614
LA FAYETTE,NY,130
LA FERIA,TX,785
LA FOLLETTE,TN,377
LA FONTAINE,IN,469
LA FRANCE,SC,296
LA GRANDE,OR,978
LA GRANGE,AR,723
LA GRANGE,CA,953
LA GRANGE,IL,605
LA GRANGE,KY,400
LA GRANGE,MO,634
LA GRANGE,NC,285
LA GRANGE,TN,380
LA GRANGE,TX,789
LA HABRA,CA,906
LA HARPE,IL,614
LA HARPE,KS,667
LA HONDA,CA,940
LA JARA,CO,811
LA JARA,NM,870
LA JOLLA,CA,920
LA JOSE,PA,157
LA JOYA,NM,870
LA JOYA,TX,785
LA JUNTA,CO,810
LA LUZ,NM,883
LA MADERA,NM,875
LA MARQUE,TX,775
LA MESA,CA,919
LA MESA,NM,880
LA MIRADA,CA,906
LA MOILLE,IL,613
LA MONTE,MO,653
LA MOTTE,IA,520
LA PINE,OR,977
LA PLACE,IL,619
LA PLACE,LA,700
LA PLATA,MD,206
LA PLATA,MO,635
LA PLATA,PR,007
LA PLUME,PA,184
LA POINTE,WI,548
LA PORTE,IN,463
LA PORTE,TX,775
LA PORTE CITY,IA,506
LA PRYOR,TX,788
LA PUENTE,CA,917
LA PUSH,WA,983
LA QUINTA,CA,922
LA ROSE,IL,615
LA RUE,OH,433
LA RUSSELL,MO,648
LA SAL,UT,845
LA SALLE,IL,613
LA SALLE,MI,481
LA SALLE,MN,560
LA SALLE,TX,779
LA VALLE,WI,539
LA VERGNE,TN,370
LA VERKIN,UT,847
LA VERNE,CA,917
LA VERNIA,TX,781
LA VETA,CO,810
LA VILLA,TX,785
LA WARD,TX,779
LABADIE,MO,630
LABADIEVILLE,LA,703
LABELLE,FL,339
LABOLT,SD,572
LAC DU FLAMBEAU,WI,545
LACARNE,OH,434
LACASSINE,LA,706
LACEY,WA,985
LACEY SPRING,VA,228
LACEYS SPRING,AL,357
LACEYVILLE,PA,186
LACHINE,MI,497
LACKAWAXEN,PA,184
LACKEY,KY,416
LACKEY,VA,236
LACLEDE,ID,838
LACLEDE,MO,646
LACOMBE,LA,704
LACON,IL,615
LACONA,IA,501
LACONA,NY,130
LACONIA,NH,032
LACOOCHEE,FL,335
LACOTA,MI,490
LACROSSE,WA,991
LADD,IL,613
LADDONIA,MO,633
LADOGA,IN,479
LADONIA,TX,754
LADORA,IA,522
LADSON,SC,294
LADY LAKE,FL,321
LADYSMITH,VA,225
LADYSMITH,WI,548
LAFAYETTE,AL,368
LAFAYETTE,CA,945
LAFAYETTE,CO,800
LAFAYETTE,IN,479
LAFAYETTE,LA,705
LAFAYETTE,MN,560
LAFAYETTE,OH,458
LAFAYETTE,TN,370
LAFFERTY,OH,439
LAFITTE,LA,700
LAFOX,IL,601
LAGRANGE,GA,302
LAGRANGE,IN,467
LAGRANGE,ME,044
LAGRANGE,OH,440
LAGRANGE,WY,822
LAGRANGEVILLE,NY,125
LAGRO,IN,469
LAGUNA,NM,870
LAGUNA BEACH,CA,926
LAGUNA HILLS,CA,926
LAGUNA NIGUEL,CA,926
LAGUNITAS,CA,949
LAHAINA,HI,967
LAHASKA,PA,189
LAHOMA,OK,737
LAIE,HI,967
LAINGSBURG,MI,488
LAIRD HILL,TX,756
LAJAS,PR,006
LAKE,MI,486
LAKE,MS,390
LAKE,WV,251
LAKE ALFRED,FL,338
LAKE ANDES,SD,573
LAKE ANN,MI,496
LAKE ARIEL,PA,184
LAKE ARROWHEAD,CA,923
LAKE ARTHUR,NM,882
LAKE BENTON,MN,561
LAKE BLUFF,IL,600
LAKE BRONSON,MN,567
LAKE BUTLER,FL,320
LAKE CHARLES,LA,706
LAKE CICOTT,IN,469
LAKE CITY,CA,961
LAKE CITY,CO,812
LAKE CITY,FL,320
LAKE CITY,IA,514
LAKE CITY,MI,496
LAKE CITY,MN,550
LAKE CITY,SC,295
LAKE CITY,SD,572
LAKE CLEAR,NY,129
LAKE COMO,PA,184
LAKE CORMORANT,MS,386
LAKE CREEK,TX,754
LAKE CRYSTAL,MN,560
LAKE DALLAS,TX,750
LAKE DELTON,WI,539
LAKE ELMO,MN,550
LAKE ELMORE,VT,056
LAKE ELSINORE,CA,925
LAKE FOREST,CA,926
LAKE FOREST,IL,600
LAKE FORK,IL,625
LAKE GENEVA,FL,321
LAKE GENEVA,WI,531
LAKE GEORGE,CO,808
LAKE GEORGE,MI,486
LAKE GEORGE,MN,564
LAKE GEORGE,NY,128
LAKE GROVE,NY,117
LAKE GROVE,OR,970
LAKE HAMILTON,FL,338
LAKE HARBOR,FL,334
LAKE HARMONY,PA,186
LAKE HAVASU CITY,AZ,864
LAKE HELEN,FL,327
LAKE HIAWATHA,NJ,070
LAKE HILL,NY,124
LAKE HOPATCONG,NJ,078
LAKE HUGHES,CA,935
LAKE JACKSON,TX,775
LAKE JUNALUSKA,NC,287
LAKE LEELANAU,MI,496
LAKE LILLIAN,MN,562
LAKE LURE,NC,287
LAKE LUZERNE,NY,128
LAKE MARY,FL,327
LAKE MC DONALD,MT,599
LAKE MILLS,IA,504
LAKE MILLS,WI,535
LAKE MILTON,OH,444
LAKE MINCHUMINA,AK,997
LAKE MONROE,FL,327
LAKE NEBAGAMON,WI,548
LAKE NORDEN,SD,572
LAKE ODESSA,MI,488
LAKE ORION,MI,483
LAKE OSWEGO,OR,970
LAKE OZARK,MO,650
LAKE PANASOFFKEE,FL,335
LAKE PARK,GA,316
LAKE PARK,IA,513
LAKE PARK,MN,565
LAKE PEEKSKILL,NY,105
LAKE PLACID,FL,338
LAKE PLACID,NY,129
LAKE PLEASANT,MA,013
LAKE PLEASANT,NY,121
LAKE PRESTON,SD,572
LAKE PROVIDENCE,LA,712
LAKE SPRING,MO,655
LAKE STEVENS,WA,982
LAKE TOMAHAWK,WI,545
LAKE TOXAWAY,NC,287
LAKE VIEW,SC,295
LAKE VILLA,IL,600
LAKE VILLAGE,AR,716
LAKE VILLAGE,IN,463
LAKE WACCAMAW,NC,284
LAKE WALES,FL,338
LAKE WILSON,MN,561
LAKE WINOLA,PA,186
LAKE WORTH,FL,334
LAKE WORTH BEACH,FL,334
LAKE ZURICH,IL,600
LAKEBAY,WA,983
LAKEFIELD,MN,561
LAKEHEAD,CA,960
LAKEHURST,NJ,087
LAKELAND,FL,338
LAKELAND,GA,316
LAKELAND,LA,707
LAKELAND,MI,481
LAKELAND,MN,550
LAKEMONT,GA,305
LAKEMONT,NY,148
LAKEMORE,OH,442
LAKEPORT,CA,954
LAKESHORE,CA,936
LAKESHORE,FL,338
LAKESIDE,AZ,859
LAKESIDE,CA,920
LAKESIDE,MT,599
LAKESIDE,NE,693
LAKESIDE,OR,974
LAKESIDE MARBLEHEAD,OH,434
LAKESIDE PARK,KY,410
LAKETOWN,UT,840
LAKEVIEW,AR,726
LAKEVIEW,MI,488
LAKEVIEW,NC,283
LAKEVIEW,OH,433
LAKEVIEW,OR,976
LAKEVIEW,TX,792
LAKEVILLE,CT,060
LAKEVILLE,MA,023
LAKEVILLE,MI,483
LAKEVILLE,MN,550
LAKEVILLE,NY,144
LAKEVILLE,OH,446
LAKEWAY,TX,787
LAKEWOOD,CA,907
LAKEWOOD,CO,802
LAKEWOOD,NJ,087
LAKEWOOD,NM,882
LAKEWOOD,NY,147
LAKEWOOD,OH,441
LAKEWOOD,PA,184
LAKEWOOD,WA,983
LAKEWOOD,WI,541
LAKIN,KS,678
LAKOTA,IA,504
LAKOTA,ND,583
LAMAR,AR,728
LAMAR,CO,810
LAMAR,IN,475
LAMAR,MO,647
LAMAR,MS,386
LAMAR,PA,168
LAMAR,SC,290
LAMARTINE,PA,163
LAMBERT,MS,386
LAMBERT,MT,592
LAMBERTON,MN,561
LAMBERTVILLE,MI,481
LAMBERTVILLE,NJ,085
LAMBROOK,AR,723
LAMBSBURG,VA,243
LAME DEER,MT,590
LAMESA,TX,793
LAMOILLE,NV,898
LAMONI,IA,501
LAMONT,CA,932
LAMONT,FL,323
LAMONT,IA,506
LAMONT,MI,494
LAMONT,OK,746
LAMOURE,ND,584
LAMPASAS,TX,765
LAMPETER,PA,175
LANAI CITY,HI,967
LANARK,IL,610
LANCASTER,CA,935
LANCASTER,KY,404
LANCASTER,MA,015
LANCASTER,MN,567
LANCASTER,MO,635
LANCASTER,NH,035
LANCASTER,NY,140
LANCASTER,OH,431
LANCASTER,PA,176
LANCASTER,SC,297
LANCASTER,TX,751
LANCASTER,VA,225
LANCASTER,WI,538
LANCE CREEK,WY,822
LANCING,TN,377
LAND O LAKES,FL,346
LAND O LAKES,WI,545
LANDENBERG,PA,193
LANDER,WY,825
LANDERS,CA,922
LANDIS,NC,280
LANDISBURG,PA,170
LANDISVILLE,NJ,083
LANDISVILLE,PA,175
LANDO,SC,297
LANDRUM,SC,293
LANE,KS,660
LANE,OK,745
LANE,SC,295
LANE,SD,573
LANE CITY,TX,774
LANESBORO,IA,514
LANESBORO,MN,559
LANESBORO,PA,188
LANESBOROUGH,MA,012
LANESVILLE,IN,471
LANETT,AL,368
LANEVILLE,TX,756
LANEXA,VA,230
LANGDON,ND,582
LANGELOTH,PA,150
LANGFORD,SD,574
LANGHORNE,PA,190
LANGLEY,AR,719
LANGLEY,OK,743
LANGLEY,SC,298
LANGLEY,WA,982
LANGLOIS,OR,974
LANGSTON,AL,357
LANGSTON,OK,730
LANGTRY,TX,788
LANHAM,MD,207
LANKIN,ND,582
LANNON,WI,530
LANSDALE,PA,194
LANSDOWNE,PA,190
LANSE,MI,499
LANSE,PA,168
LANSFORD,ND,587
LANSFORD,PA,182
LANSING,IA,521
LANSING,IL,604
LANSING,KS,660
LANSING,MI,489
LANSING,MN,559
LANSING,NC,286
LANSING,OH,439
LANSING,WV,258
LANTANA,FL,334
LANTRY,SD,576
LAONA,WI,545
LAOTTO,IN,467
LAPAZ,IN,465
LAPEER,MI,484
LAPINE,AL,360
LAPOINT,UT,840
LAPORTE,CO,805
LAPORTE,MN,564
LAPORTE,PA,186
LAPWAI,ID,835
LAQUEY,MO,655
LARAMIE,WY,820
LARCHMONT,NY,105
LARCHWOOD,IA,512
LAREDO,TX,780
LARES,PR,006
LARGO,FL,337
LARIMER,PA,156
LARIMORE,ND,582
LARKSPUR,CA,949
LARKSPUR,CO,801
LARNED,KS,675
LAROSE,LA,703
LARRABEE,IA,510
LARSEN,WI,549
LARSEN BAY,AK,996
LARUE,TX,757
LAS ANIMAS,CO,810
LAS CRUCES,NM,880
LAS MARIAS,PR,006
LAS PIEDRAS,PR,007
LAS VEGAS,NM,877
LAS VEGAS,NV,891
LASARA,TX,785
LASCASSAS,TN,370
LASHMEET,WV,247
LATAH,WA,990
LATEXO,TX,758
LATHAM,IL,625
LATHAM,KS,670
LATHAM,MO,650
LATHAM,NY,121
LATHAM,OH,456
LATHROP,CA,953
LATHROP,MO,644
LATHRUP VILLAGE,MI,480
LATON,CA,932
LATROBE,PA,156
LATTA,SC,295
LATTIMER MINES,PA,182
LATTIMORE,NC,280
LATTY,OH,458
LAUDERDALE,MS,393
LAUGHLIN,NV,890
LAUGHLINTOWN,PA,156
LAUPAHOEHOE,HI,967
LAURA,IL,614
LAURA,OH,453
LAUREL,DE,199
LAUREL,FL,342
LAUREL,IA,501
LAUREL,IN,470
LAUREL,MD,207
LAUREL,MS,394
LAUREL,MT,590
LAUREL,NE,687
LAUREL FORK,VA,243
LAUREL HILL,FL,325
LAUREL HILL,NC,283
LAUREL SPRINGS,NC,286
LAURELTON,PA,178
LAURELVILLE,OH,431
LAURENS,IA,505
LAURENS,NY,137
LAURENS,SC,293
LAURIER,WA,991
LAURINBURG,NC,283
LAURYS STATION,PA,180
LAVA HOT SPRINGS,ID,832
LAVACA,AR,729
LAVALETTE,WV,255
LAVEEN,AZ,853
LAVELLE,PA,179
LAVERNE,OK,738
LAVINA,MT,590
LAVINIA,TN,383
LAVON,TX,751
LAVONIA,GA,305
LAWAI,HI,967
LAWLER,IA,521
LAWN,PA,170
LAWN,TX,795
LAWNDALE,CA,902
LAWNDALE,IL,617
LAWNDALE,NC,280
LAWRENCE,KS,660
LAWRENCE,MA,018
LAWRENCE,MI,490
LAWRENCE,MS,393
LAWRENCE,NE,689
LAWRENCE,NY,115
LAWRENCE,PA,150
LAWRENCEBURG,IN,470
LAWRENCEBURG,KY,403
LAWRENCEBURG,TN,384
LAWRENCEVILLE,GA,300
LAWRENCEVILLE,IL,624
LAWRENCEVILLE,PA,169
LAWRENCEVILLE,VA,238
LAWSON,AR,717
LAWSON,MO,640
LAWSONVILLE,NC,270
LAWTELL,LA,705
LAWTEY,FL,320
LAWTON,IA,510
LAWTON,MI,490
LAWTON,OK,735
LAWTON,PA,188
LAYLAND,WV,258
LAYTON,NJ,078
LAYTON,UT,840
LAYTONVILLE,CA,954
LAZBUDDIE,TX,790
LAZEAR,CO,814
LE CENTER,MN,560
LE CLAIRE,IA,527
LE GRAND,CA,953
LE GRAND,IA,501
LE MARS,IA,510
LE RAYSVILLE,PA,188
LE ROY,IL,617
LE ROY,KS,668
LE ROY,MN,559
LE ROY,NY,144
LE ROY,WV,252
LE SUEUR,MN,560
LEACHVILLE,AR,724
LEAD,SD,577
LEAD HILL,AR,726
LEADORE,ID,834
LEADVILLE,CO,804
LEAF RIVER,IL,610
LEAGUE CITY,TX,775
LEAKESVILLE,MS,394
LEAKEY,TX,788
LEAMINGTON,UT,846
LEANDER,KY,412
LEANDER,TX,786
LEARY,GA,317
LEASBURG,NC,272
LEAVENWORTH,KS,660
LEAVENWORTH,WA,988
LEAVITTSBURG,OH,444
LEBAM,WA,985
LEBANON,CT,062
LEBANON,GA,301
LEBANON,IL,622
LEBANON,IN,460
LEBANON,KS,669
LEBANON,KY,400
LEBANON,ME,040
LEBANON,MO,655
LEBANON,NH,037
LEBANON,NJ,088
LEBANON,OH,450
LEBANON,OK,734
LEBANON,OR,973
LEBANON,PA,170
LEBANON,TN,370
LEBANON,VA,242
LEBANON,WI,530
LEBANON JUNCTION,KY,401
LEBEAU,LA,713
LEBEC,CA,932
LEBLANC,LA,706
LEBO,KS,668
LECANTO,FL,344
LECKIE,WV,248
LECKRONE,PA,154
LECOMPTE,LA,713
LECOMPTON,KS,660
LEDBETTER,KY,420
LEDERACH,PA,194
LEDGEWOOD,NJ,078
LEDYARD,CT,063
LEDYARD,IA,505
LEE,FL,320
LEE,IL,605
LEE,MA,012
LEE,ME,044
LEE CENTER,IL,613
LEE CENTER,NY,133
LEE VINING,CA,935
LEECHBURG,PA,156
LEEDEY,OK,736
LEEDS,AL,350
LEEDS,MA,010
LEEDS,ME,042
LEEDS,ND,583
LEEDS,UT,847
LEEDS POINT,NJ,082
LEEPER,PA,162
LEES SUMMIT,MO,640
LEESBURG,AL,359
LEESBURG,FL,347
LEESBURG,GA,317
LEESBURG,IN,465
LEESBURG,NJ,083
LEESBURG,OH,451
LEESBURG,TX,754
LEESBURG,VA,201
LEESPORT,PA,195
LEESVILLE,LA,714
LEESVILLE,OH,446
LEESVILLE,SC,290
LEESVILLE,TX,781
LEETON,MO,647
LEETONIA,OH,444
LEFLORE,OK,749
LEFORS,TX,790
LEFT HAND,WV,252
LEGGETT,TX,773
LEHI,UT,840
LEHIGH,IA,505
LEHIGH,OK,745
LEHIGH ACRES,FL,339
LEHIGHTON,PA,182
LEHMAN,PA,186
LEHR,ND,584
LEICESTER,MA,015
LEICESTER,NC,287
LEICESTER,NY,144
LEIGH,NE,686
LEIGHTON,AL,356
LEIGHTON,IA,501
LEIPSIC,OH,458
LEISENRING,PA,154
LEITCHFIELD,KY,427
LEITER,WY,828
LEITERS FORD,IN,469
LEIVASY,WV,266
LEJUNIOR,KY,408
LELAND,IA,504
LELAND,IL,605
LELAND,MI,496
LELAND,MS,387
LELAND,NC,284
LEMASTERS,PA,172
LEMHI,ID,834
LEMING,TX,780
LEMITAR,NM,878
LEMMON,SD,576
LEMON COVE,CA,932
LEMON GROVE,CA,919
LEMON SPRINGS,NC,283
LEMONT,IL,604
LEMONT,PA,168
LEMONT FURNACE,PA,154
LEMOORE,CA,932
LEMOYNE,NE,691
LEMOYNE,OH,434
LEMPSTER,NH,036
LENA,IL,610
LENA,LA,714
LENA,MS,390
LENA,WI,541
LENAPAH,OK,740
LENEXA,KS,662
LENNI,PA,190
LENNON,MI,484
LENNOX,SD,570
LENOIR,NC,286
LENOIR CITY,TN,377
LENORA,KS,676
LENORAH,TX,797
LENORE,ID,835
LENORE,WV,256
LENOX,GA,316
LENOX,IA,508
LENOX,MA,012
LENOX DALE,MA,012
LENZBURG,IL,622
LEO,IN,467
LEOLA,AR,720
LEOLA,PA,175
LEOLA,SD,574
LEOMA,TN,384
LEOMINSTER,MA,014
LEON,IA,501
LEON,KS,670
LEON,OK,734
LEON,WV,251
LEONA,TX,758
LEONA VALLEY,CA,935
LEONARD,MO,634
LEONARD,ND,580
LEONARD,TX,754
LEONARDSVILLE,NY,133
LEONARDTOWN,MD,206
LEONARDVILLE,KS,664
LEONIA,NJ,076
LEONIDAS,MI,490
LEONORE,IL,613
LEONVILLE,LA,705
LEOPOLD,MO,637
LEOPOLIS,WI,549
LEOTA,MN,561
LEOTI,KS,678
LEPANTO,AR,723
LEQUIRE,OK,749
LERNA,IL,624
LERONA,WV,259
LEROSE,KY,413
LEROY,AL,365
LEROY,MI,496
LEROY,TX,766
LESHARA,NE,680
LESLIE,AR,726
LESLIE,MI,492
LESLIE,MO,630
LESLIE,WV,259
LESTER,IA,512
LESTER,WV,258
LESTER PRAIRIE,MN,553
LESTERVILLE,SD,570
LETART,WV,252
LETCHER,SD,573
LETOHATCHEE,AL,360
LETONA,AR,720
LETTS,IA,527
LETTSWORTH,LA,707
LEVAN,UT,846
LEVANT,ME,044
LEVASY,MO,640
LEVELLAND,TX,793
LEVELOCK,AK,996
LEVERETT,MA,010
LEVERING,MI,497
LEVITTOWN,NY,117
LEVITTOWN,PA,190
LEWELLEN,NE,691
LEWES,DE,199
LEWIS,IN,478
LEWIS,KS,675
LEWIS,NY,129
LEWIS CENTER,OH,430
LEWIS RUN,PA,167
LEWISBERRY,PA,173
LEWISBURG,KY,422
LEWISBURG,OH,453
LEWISBURG,PA,178
LEWISBURG,TN,370
LEWISBURG,WV,249
LEWISPORT,KY,423
LEWISTON,CA,960
LEWISTON,ID,835
LEWISTON,ME,042
LEWISTON,MI,497
LEWISTON,MN,559
LEWISTON,NY,140
LEWISTON,UT,843
LEWISTON WOODVILLE,NC,278
LEWISTOWN,IL,615
LEWISTOWN,MO,634
LEWISTOWN,MT,594
LEWISTOWN,PA,170
LEWISVILLE,AR,718
LEWISVILLE,ID,834
LEWISVILLE,IN,473
LEWISVILLE,MN,560
LEWISVILLE,NC,270
LEWISVILLE,OH,437
LEWISVILLE,PA,193
LEWISVILLE,TX,750
LEXA,AR,723
LEXINGTON,AL,356
LEXINGTON,IL,617
LEXINGTON,IN,471
LEXINGTON,KY,405
LEXINGTON,MA,024
LEXINGTON,MI,484
LEXINGTON,MO,640
LEXINGTON,MS,390
LEXINGTON,NC,272
LEXINGTON,NE,688
LEXINGTON,NY,124
LEXINGTON,OH,449
LEXINGTON,OK,730
LEXINGTON,SC,290
LEXINGTON,TN,383
LEXINGTON,TX,789
LEXINGTON,VA,244
LEXINGTON PARK,MD,206
LIBBY,MT,599
LIBERAL,KS,679
LIBERAL,MO,647
LIBERTY,IL,623
LIBERTY,IN,473
LIBERTY,KS,673
LIBERTY,KY,425
LIBERTY,ME,049
LIBERTY,MO,640
LIBERTY,MS,396
LIBERTY,NC,272
LIBERTY,NY,127
LIBERTY,PA,169
LIBERTY,SC,296
LIBERTY,TN,370
LIBERTY,TX,775
LIBERTY CENTER,IA,501
LIBERTY CENTER,IN,467
LIBERTY CENTER,OH,435
LIBERTY CORNER,NJ,079
LIBERTY HILL,SC,290
LIBERTY HILL,TX,786
LIBERTY LAKE,WA,990
LIBERTY MILLS,IN,469
LIBERTYTOWN,MD,217
LIBERTYVILLE,IL,600
LIBUSE,LA,713
LICK CREEK,KY,415
LICKING,MO,655
LIDDERDALE,IA,514
LIDGERWOOD,ND,580
LIGHTFOOT,VA,230
LIGHTHOUSE POINT,FL,330
LIGNITE,ND,587
LIGNUM,VA,227
LIGONIER,IN,467
LIGONIER,PA,156
LIHUE,HI,967
LIKELY,CA,961
LILBOURN,MO,638
LILBURN,GA,300
LILESVILLE,NC,280
LILLIAN,AL,365
LILLIAN,TX,760
LILLINGTON,NC,275
LILLIWAUP,WA,985
LILLY,GA,310
LILLY,PA,159
LILY DALE,NY,147
LIMA,IL,623
LIMA,MT,597
LIMA,NY,144
LIMA,OH,458
LIME RIDGE,WI,539
LIME SPRINGS,IA,521
LIMEPORT,PA,180
LIMERICK,ME,040
LIMESTONE,ME,047
LIMESTONE,NY,147
LIMESTONE,PA,162
LIMESTONE,TN,376
LIMINGTON,ME,040
LIMON,CO,808
LINCH,WY,826
LINCOLN,AL,350
LINCOLN,AR,727
LINCOLN,CA,956
LINCOLN,DE,199
LINCOLN,IA,506
LINCOLN,IL,626
LINCOLN,MA,017
LINCOLN,ME,044
LINCOLN,MO,653
LINCOLN,MT,596
LINCOLN,NE,684
LINCOLN,NH,032
LINCOLN,NM,883
LINCOLN,VA,201
LINCOLN CITY,IN,475
LINCOLN CITY,OR,973
LINCOLN PARK,MI,481
LINCOLN PARK,NJ,070
LINCOLN UNIVERSITY,PA,193
LINCOLNDALE,NY,105
LINCOLNSHIRE,IL,600
LINCOLNTON,GA,308
LINCOLNTON,NC,280
LINCOLNVILLE,KS,668
LINCOLNVILLE,ME,048
LINCOLNVILLE CENTER,ME,048
LINCOLNWOOD,IL,606
LINCROFT,NJ,077
LIND,WA,993
LINDALE,GA,301
LINDALE,TX,757
LINDEN,AL,367
LINDEN,CA,952
LINDEN,IA,501
LINDEN,MI,484
LINDEN,NC,283
LINDEN,NJ,070
LINDEN,PA,177
LINDEN,TN,370
LINDEN,TX,755
LINDEN,VA,226
LINDEN,WI,535
LINDENHURST,NY,117
LINDENWOOD,IL,610
LINDLEY,NY,148
LINDON,CO,807
LINDRITH,NM,870
LINDSAY,CA,932
LINDSAY,MT,593
LINDSAY,NE,686
LINDSAY,OK,730
LINDSAY,TX,762
LINDSBORG,KS,674
LINDSIDE,WV,249
LINDSTROM,MN,550
LINESVILLE,PA,164
LINEVILLE,AL,362
LINEVILLE,IA,501
LINGLE,WY,822
LINGLEVILLE,TX,764
LINKWOOD,MD,218
LINN,KS,669
LINN,MO,650
LINN,TX,785
LINN CREEK,MO,650
LINN GROVE,IA,510
LINNEUS,MO,646
LINTHICUM HEIGHTS,MD,210
LINTON,IN,474
LINTON,ND,585
LINVILLE,NC,286
LINVILLE FALLS,NC,286
LINWOOD,MA,015
LINWOOD,MI,486
LINWOOD,NC,272
LINWOOD,NJ,082
LIPAN,TX,764
LISBON,IA,522
LISBON,LA,710
LISBON,MD,217
LISBON,ME,042
LISBON,ND,580
LISBON,NH,035
LISBON,NY,136
LISBON,OH,444
LISCO,NE,691
LISLE,IL,605
LISLE,NY,137
LISMAN,AL,369
LISMORE,MN,561
LISSIE,TX,774
LITCHFIELD,CA,961
LITCHFIELD,CT,067
LITCHFIELD,IL,620
LITCHFIELD,ME,043
LITCHFIELD,MN,553
LITCHFIELD,NE,688
LITCHFIELD PARK,AZ,853
LITCHVILLE,ND,584
LITHIA,FL,335
LITHIA SPRINGS,GA,301
LITHONIA,GA,300
LITITZ,PA,175
LITTLE AMERICA,WY,829
LITTLE BIRCH,WV,266
LITTLE CHUTE,WI,541
LITTLE COMPTON,RI,028
LITTLE CREEK,DE,199
LITTLE DEER ISLE,ME,046
LITTLE EAGLE,SD,576
LITTLE EGG HARBOR TWP,NJ,080
LITTLE ELM,TX,750
LITTLE FALLS,MN,563
LITTLE FALLS,NJ,074
LITTLE FALLS,NY,133
LITTLE FERRY,NJ,076
LITTLE GENESEE,NY,147
LITTLE MEADOWS,PA,188
LITTLE NECK,NY,113
LITTLE RIVER,AL,365
LITTLE RIVER,CA,954
LITTLE RIVER,KS,674
LITTLE RIVER,SC,295
LITTLE RIVER ACADEMY,TX,765
LITTLE ROCK,AR,722
LITTLE ROCK,IA,512
LITTLE ROCK,MS,393
LITTLE SILVER,NJ,077
LITTLE SUAMICO,WI,541
LITTLE SWITZERLAND,NC,287
LITTLE VALLEY,NY,147
LITTLE YORK,IL,614
LITTLE YORK,IN,471
LITTLE YORK,NY,130
LITTLEFIELD,AZ,864
LITTLEFIELD,TX,793
LITTLEFORK,MN,566
LITTLEROCK,CA,935
LITTLEROCK,WA,985
LITTLESTOWN,PA,173
LITTLETON,CO,801
LITTLETON,IL,614
LITTLETON,MA,014
LITTLETON,NC,278
LITTLETON,NH,035
LITTLETON,WV,265
LIVE OAK,CA,959
LIVE OAK,FL,320
LIVELY,VA,225
LIVERMORE,CA,945
LIVERMORE,CO,805
LIVERMORE,IA,505
LIVERMORE,KY,423
LIVERMORE,ME,042
LIVERMORE FALLS,ME,042
LIVERPOOL,IL,615
LIVERPOOL,NY,130
LIVERPOOL,PA,170
LIVERPOOL,TX,775
LIVINGSTON,AL,354
LIVINGSTON,CA,953
LIVINGSTON,IL,620
LIVINGSTON,KY,404
LIVINGSTON,LA,707
LIVINGSTON,MT,590
LIVINGSTON,NJ,070
LIVINGSTON,NY,125
LIVINGSTON,TN,385
LIVINGSTON,TX,773
LIVINGSTON,WI,535
LIVINGSTON MANOR,NY,127
LIVONIA,LA,707
LIVONIA,MI,481
LIVONIA,MO,635
LIVONIA,NY,144
LIZELLA,GA,310
LIZEMORES,WV,251
LLANO,CA,935
LLANO,NM,875
LLANO,TX,786
LLEWELLYN,PA,179
LLOYD,FL,323
LOA,UT,847
LOAMI,IL,626
LOBECO,SC,299
LOBELVILLE,TN,370
LOCH SHELDRAKE,NY,127
LOCHGELLY,WV,258
LOCHLOOSA,FL,326
LOCHMERE,NH,032
LOCK HAVEN,PA,177
LOCKBOURNE,OH,431
LOCKE,NY,130
LOCKEFORD,CA,952
LOCKESBURG,AR,718
LOCKHART,AL,364
LOCKHART,SC,293
LOCKHART,TX,786
LOCKNEY,TX,792
LOCKPORT,IL,604
LOCKPORT,LA,703
LOCKPORT,NY,140
LOCKRIDGE,IA,526
LOCKWOOD,CA,939
LOCKWOOD,NY,148
LOCO,OK,734
LOCO HILLS,NM,882
LOCUST,NC,280
LOCUST DALE,VA,229
LOCUST FORK,AL,350
LOCUST GROVE,AR,725
LOCUST GROVE,GA,302
LOCUST GROVE,OK,743
LOCUST GROVE,VA,224
LOCUST VALLEY,NY,115
LOCUSTDALE,PA,179
LOCUSTVILLE,VA,234
LODA,IL,609
LODGE GRASS,MT,590
LODGEPOLE,NE,691
LODI,CA,952
LODI,NJ,076
LODI,NY,148
LODI,OH,442
LODI,TX,755
LODI,WI,535
LOGAN,IA,515
LOGAN,IL,628
LOGAN,KS,676
LOGAN,NM,884
LOGAN,OH,431
LOGAN,UT,843
LOGAN,WV,256
LOGANDALE,NV,890
LOGANSPORT,IN,469
LOGANSPORT,LA,710
LOGANTON,PA,177
LOGANVILLE,GA,300
LOGANVILLE,PA,173
LOGANVILLE,WI,539
LOGSDEN,OR,973
LOHMAN,MO,650
LOHRVILLE,IA,514
LOIZA,PR,007
LOLETA,CA,955
LOLITA,TX,779
LOLO,MT,598
LOMA,CO,815
LOMA LINDA,CA,923
LOMA MAR,CA,940
LOMAX,IL,614
LOMBARD,IL,601
LOMETA,TX,768
LOMIRA,WI,530
LOMITA,CA,907
LOMPOC,CA,934
LONACONING,MD,215
LONDON,AR,728
LONDON,KY,407
LONDON,OH,431
LONDON,TX,768
LONDON,WV,251
LONDON MILLS,IL,615
LONDONDERRY,NH,030
LONDONDERRY,VT,051
LONE JACK,MO,640
LONE OAK,TX,754
LONE PINE,CA,935
LONE ROCK,IA,505
LONE ROCK,WI,535
LONE STAR,TX,756
LONE TREE,IA,527
LONEDELL,MO,630
LONG BARN,CA,953
LONG BEACH,CA,907
LONG BEACH,MS,395
LONG BEACH,NY,115
LONG BEACH,WA,986
LONG BOTTOM,OH,457
LONG BRANCH,NJ,077
LONG BRANCH,TX,756
LONG CREEK,OR,978
LONG CREEK,SC,296
LONG GROVE,IA,527
LONG ISLAND,KS,676
LONG ISLAND,ME,040
LONG ISLAND CITY,NY,111
LONG KEY,FL,330
LONG LAKE,MN,553
LONG LAKE,NY,128
LONG LAKE,WI,545
LONG POINT,IL,613
LONG POND,PA,183
LONG PRAIRIE,MN,563
LONG VALLEY,NJ,078
LONG VALLEY,SD,575
LONGBOAT KEY,FL,342
LONGDALE,OK,737
LONGLEAF,LA,714
LONGMEADOW,MA,011
LONGMONT,CO,805
LONGS,SC,295
LONGVIEW,IL,618
LONGVIEW,TX,756
LONGVIEW,WA,986
LONGVILLE,LA,706
LONGVILLE,MN,566
LONGWOOD,FL,327
LONGWOOD,NC,284
LONOKE,AR,720
LONSDALE,AR,720
LONSDALE,MN,550
LOOGOOTEE,IL,628
LOOKOUT,CA,960
LOOKOUT,WV,258
LOOKOUT MOUNTAIN,TN,307
LOOMIS,CA,956
LOOMIS,NE,689
LOOMIS,WA,988
LOON LAKE,WA,991
LOOP,TX,793
LOOSE CREEK,MO,650
LOPENO,TX,785
LOPEZ ISLAND,WA,982
LORADO,WV,256
LORAIN,OH,440
LORAINE,IL,623
LORAINE,TX,795
LORANGER,LA,704
LORDSBURG,NM,880
LORE CITY,OH,437
LOREAUVILLE,LA,705
LORENA,TX,766
LORENTZ,WV,262
LORENZO,TX,793
LORETTO,MN,553
LORETTO,PA,159
LORETTO,TN,384
LORIDA,FL,338
LORIMOR,IA,501
LORING,MT,595
LORIS,SC,295
LORMAN,MS,390
LORRAINE,NY,136
LORTON,VA,220
LOS ALAMITOS,CA,907
LOS ALAMOS,CA,934
LOS ALAMOS,NM,875
LOS ALTOS,CA,940
LOS ANGELES,CA,900
LOS BANOS,CA,936
LOS EBANOS,TX,785
LOS FRESNOS,TX,785
LOS GATOS,CA,950
LOS INDIOS,TX,785
LOS LUNAS,NM,870
LOS MOLINOS,CA,960
LOS OJOS,NM,875
LOS OLIVOS,CA,934
LOS OSOS,CA,934
LOSANTVILLE,IN,473
LOST CITY,WV,268
LOST CREEK,PA,179
LOST CREEK,WV,263
LOST HILLS,CA,932
LOST NATION,IA,522
LOST SPRINGS,KS,668
LOSTANT,IL,613
LOSTINE,OR,978
LOTHIAN,MD,207
LOTT,TX,766
LOTUS,CA,956
LOUANN,AR,717
LOUDON,TN,377
LOUDONVILLE,NY,122
LOUDONVILLE,OH,448
LOUGHMAN,FL,338
LOUIN,MS,393
LOUISA,KY,411
LOUISA,VA,230
LOUISBURG,KS,660
LOUISBURG,MO,656
LOUISBURG,NC,275
LOUISE,MS,390
LOUISE,TX,774
LOUISIANA,MO,633
LOUISVILLE,AL,360
LOUISVILLE,GA,304
LOUISVILLE,IL,628
LOUISVILLE,KS,664
LOUISVILLE,KY,402
LOUISVILLE,MS,393
LOUISVILLE,NE,680
LOUISVILLE,OH,446
LOUISVILLE,TN,377
LOUP CITY,NE,688
LOUVIERS,CO,801
LOVEJOY,GA,302
LOVELACEVILLE,KY,420
LOVELADY,TX,758
LOVELAND,CO,805
LOVELAND,OH,451
LOVELL,ME,040
LOVELL,WY,824
LOVELOCK,NV,894
LOVES PARK,IL,611
LOVETTSVILLE,VA,201
LOVEVILLE,MD,206
LOVILIA,IA,500
LOVING,NM,882
LOVINGSTON,VA,229
LOVINGTON,IL,619
LOVINGTON,NM,882
LOW MOOR,IA,527
LOW MOOR,VA,244
LOWDEN,IA,522
LOWELL,AR,727
LOWELL,FL,326
LOWELL,IN,463
LOWELL,MA,018
LOWELL,MI,493
LOWELL,NC,280
LOWELL,OH,457
LOWELL,OR,974
LOWELL,VT,058
LOWELL,WI,535
LOWELLVILLE,OH,444
LOWER BRULE,SD,575
LOWER KALSKAG,AK,996
LOWER LAKE,CA,954
LOWER PEACH TREE,AL,367
LOWER SALEM,OH,457
LOWER WATERFORD,VT,058
LOWES,KY,420
LOWGAP,NC,270
LOWMANSVILLE,KY,412
LOWNDES,MO,639
LOWNDESBORO,AL,367
LOWNDESVILLE,SC,296
LOWPOINT,IL,615
LOWRY,MN,563
LOWRY,VA,245
LOWRY CITY,MO,647
LOWVILLE,NY,133
LOXAHATCHEE,FL,334
LOXLEY,AL,365
LOYALL,KY,408
LOYALTON,CA,961
LOYSVILLE,PA,170
LOZANO,TX,785
LU VERNE,IA,505
LUANA,IA,521
LUBBOCK,TX,794
LUBEC,ME,046
LUBLIN,WI,544
LUCAMA,NC,278
LUCAN,MN,562
LUCAS,IA,501
LUCAS,KS,676
LUCASVILLE,OH,456
LUCEDALE,MS,394
LUCERNE,CA,954
LUCERNE,CO,806
LUCERNE,MO,646
LUCERNE VALLEY,CA,923
LUCERNEMINES,PA,157
LUCILE,ID,835
LUCINDA,PA,162
LUCK,WI,548
LUCKEY,OH,434
LUDINGTON,MI,494
LUDLOW,IL,609
LUDLOW,MA,010
LUDLOW,MO,646
LUDLOW,MS,390
LUDLOW,PA,163
LUDLOW,VT,051
LUEBBERING,MO,630
LUEDERS,TX,795
LUFKIN,TX,759
LUGOFF,SC,290
LUKACHUKAI,AZ,865
LUKE AFB,AZ,853
LUKEVILLE,AZ,853
LULA,GA,305
LULING,LA,700
LULING,TX,786
LUMBER CITY,GA,315
LUMBERPORT,WV,263
LUMBERTON,MS,394
LUMBERTON,NC,283
LUMBERTON,NJ,080
LUMBERTON,TX,776
LUMPKIN,GA,318
LUNA,NM,878
LUNA PIER,MI,481
LUND,NV,893
LUNENBURG,MA,014
LUNENBURG,VT,059
LUNING,NV,894
LUPTON,AZ,865
LUQUILLO,PR,007
LURAY,KS,676
LURAY,SC,299
LURAY,TN,383
LURAY,VA,228
LURGAN,PA,172
LUSBY,MD,206
LUSK,WY,822
LUTCHER,LA,700
LUTHER,MI,496
LUTHER,OK,730
LUTHERSBURG,PA,158
LUTHERSVILLE,GA,302
LUTHERVILLE TIMONIUM,MD,210
LUTSEN,MN,556
LUTTRELL,TN,377
LUTZ,FL,335
LUVERNE,AL,360
LUVERNE,MN,561
LUXEMBURG,IA,520
LUXEMBURG,WI,542
LUXOR,PA,156
LUXORA,AR,723
LUZERNE,MI,486
LUZERNE,PA,187
LYCOMING,NY,130
LYDIA,LA,705
LYDIA,SC,290
LYERLY,GA,307
LYFORD,TX,785
LYKENS,PA,170
LYLE,MN,559
LYLE,WA,986
LYLES,TN,370
LYMAN,NE,693
LYMAN,SC,293
LYMAN,UT,847
LYMAN,WA,982
LYMAN,WY,829
LYME,NH,037
LYME CENTER,NH,037
LYNBROOK,NY,115
LYNCH,KY,408
LYNCH,NE,687
LYNCH STATION,VA,245
LYNCHBURG,OH,451
LYNCHBURG,SC,290
LYNCHBURG,TN,373
LYNCHBURG,VA,245
LYND,MN,561
LYNDEBOROUGH,NH,030
LYNDELL,PA,193
LYNDEN,WA,982
LYNDHURST,NJ,070
LYNDHURST,VA,229
LYNDON,IL,612
LYNDON,KS,664
LYNDON,VT,058
LYNDON CENTER,VT,058
LYNDON STATION,WI,539
LYNDONVILLE,NY,140
LYNDONVILLE,VT,058
LYNN,AL,355
LYNN,AR,724
LYNN,IN,473
LYNN,MA,019
LYNN,NC,287
LYNN CENTER,IL,612
LYNN HAVEN,FL,324
LYNNDYL,UT,846
LYNNFIELD,MA,019
LYNNVILLE,IA,501
LYNNVILLE,IN,476
LYNNVILLE,TN,384
LYNNWOOD,WA,980
LYNWOOD,CA,902
LYNXVILLE,WI,546
LYON MOUNTAIN,NY,129
LYON STATION,PA,195
LYONS,CO,805
LYONS,GA,304
LYONS,IL,605
LYONS,IN,474
LYONS,KS,675
LYONS,MI,488
LYONS,NE,680
LYONS,NJ,079
LYONS,NY,144
LYONS,OH,435
LYONS,OR,973
LYONS,TX,778
LYONS,WI,531
LYONS FALLS,NY,133
LYTLE,TX,780
LYTLE CREEK,CA,923
LYTTON,IA,505
MABANK,TX,751
MABEL,MN,559
MABELVALE,AR,721
MABEN,MS,397
MABLETON,GA,301
MABSCOTT,WV,258
MABTON,WA,989
MAC ARTHUR,WV,258
MAC MAHAN,ME,045
MACATAWA,MI,494
MACCLENNY,FL,320
MACCLESFIELD,NC,278
MACDOEL,CA,960
MACDONA,TX,780
MACEDON,NY,145
MACEDONIA,IL,628
MACEDONIA,OH,440
MACHIAS,ME,046
MACHIAS,NY,141
MACHIASPORT,ME,046
MACHIPONGO,VA,234
MACK,CO,815
MACKAY,ID,832
MACKEY,IN,476
MACKEYVILLE,PA,177
MACKINAC ISLAND,MI,497
MACKINAW,IL,617
MACKINAW CITY,MI,497
MACKS CREEK,MO,657
MACKS INN,ID,834
MACKSVILLE,KS,675
MACKVILLE,KY,400
MACOMB,IL,614
MACOMB,MI,480
MACOMB,MO,657
MACOMB,OK,748
MACON,GA,312
MACON,IL,625
MACON,MO,635
MACON,MS,393
MACON,NC,275
MACUNGIE,PA,180
MACY,IN,469
MACY,NE,680
MAD RIVER,CA,955
MADAWASKA,ME,047
MADDEN,MS,391
MADDOCK,ND,583
MADELIA,MN,560
MADELINE,CA,961
MADERA,CA,936
MADILL,OK,734
MADISON,AL,357
MADISON,AR,723
MADISON,CA,956
MADISON,FL,323
MADISON,GA,306
MADISON,IN,472
MADISON,KS,668
MADISON,ME,049
MADISON,MN,562
MADISON,MO,652
MADISON,MS,391
MADISON,NC,270
MADISON,NE,687
MADISON,NH,038
MADISON,NJ,079
MADISON,NY,133
MADISON,OH,440
MADISON,PA,156
MADISON,SD,570
MADISON,TN,371
MADISON,VA,227
MADISON,WI,537
MADISON,WV,251
MADISON HEIGHTS,MI,480
MADISON HEIGHTS,VA,245
MADISON LAKE,MN,560
MADISONBURG,PA,168
MADISONVILLE,KY,424
MADISONVILLE,LA,704
MADISONVILLE,TN,373
MADISONVILLE,TX,778
MADRAS,OR,977
MADRID,IA,501
MADRID,NE,691
MADRID,NY,136
MAEYSTOWN,IL,622
MAGALIA,CA,959
MAGAZINE,AR,729
MAGDALENA,NM,878
MAGEE,MS,391
MAGGIE VALLEY,NC,287
MAGNA,UT,840
MAGNESS,AR,725
MAGNET,NE,687
MAGNETIC SPRINGS,OH,430
MAGNOLIA,AR,717
MAGNOLIA,DE,199
MAGNOLIA,IA,515
MAGNOLIA,IL,613
MAGNOLIA,MS,396
MAGNOLIA,NC,284
MAGNOLIA,NJ,080
MAGNOLIA,OH,446
MAGNOLIA,TX,773
MAGNOLIA SPRINGS,AL,365
MAHAFFEY,PA,157
MAHANOY CITY,PA,179
MAHASKA,KS,669
MAHNOMEN,MN,565
MAHOMET,IL,618
MAHOPAC,NY,105
MAHOPAC FALLS,NY,105
MAHWAH,NJ,074
MAIDEN,NC,286
MAIDEN ROCK,WI,547
MAIDENS,VA,231
MAIDSVILLE,WV,265
MAINESBURG,PA,169
MAINEVILLE,OH,450
MAITLAND,FL,327
MAITLAND,MO,644
MAIZE,KS,671
MAJESTIC,KY,415
MAJURO,MH,969
MAKANDA,IL,629
MAKAWAO,HI,967
MAKAWELI,HI,967
MAKOTI,ND,587
MALABAR,FL,329
MALAD CITY,ID,832
MALAGA,NJ,083
MALAGA,NM,882
MALAGA,WA,988
MALAKOFF,TX,751
MALCOLM,AL,365
MALCOLM,NE,684
MALCOM,IA,501
MALDEN,IL,613
MALDEN,MA,021
MALDEN,MO,638
MALDEN,WA,991
MALDEN BRIDGE,NY,121
MALDEN ON HUDSON,NY,124
MALIBU,CA,902
MALIN,OR,976
MALINTA,OH,435
MALJAMAR,NM,882
MALLORY,NY,131
MALLORY,WV,256
MALMO,NE,680
MALO,WA,991
MALONE,FL,324
MALONE,KY,414
MALONE,NY,129
MALONE,TX,766
MALONE,WI,530
MALOTT,WA,988
MALTA,ID,833
MALTA,MT,595
MALTA,OH,437
MALTA BEND,MO,653
MALVERN,AR,721
MALVERN,IA,515
MALVERN,OH,446
MALVERN,PA,193
MALVERNE,NY,115
MAMARONECK,NY,105
MAMERS,NC,275
MAMMOTH,AZ,856
MAMMOTH,PA,156
MAMMOTH,WV,251
MAMMOTH LAKES,CA,935
MAMMOTH SPRING,AR,725
MAMOU,LA,705
MAN,WV,256
MANAHAWKIN,NJ,080
MANAKIN SABOT,VA,231
MANALAPAN,NJ,077
MANASQUAN,NJ,087
MANASSA,CO,811
MANASSAS,VA,201
MANASSAS PARK,VA,201
MANATI,PR,006
MANAWA,WI,549
MANCELONA,MI,496
MANCHACA,TX,786
MANCHAUG,MA,015
MANCHESTER,CA,954
MANCHESTER,CT,060
MANCHESTER,GA,318
MANCHESTER,IA,520
MANCHESTER,IL,626
MANCHESTER,KY,409
MANCHESTER,MA,019
MANCHESTER,MD,211
MANCHESTER,MI,481
MANCHESTER,MN,560
MANCHESTER,MO,630
MANCHESTER,NH,031
MANCHESTER,NY,145
MANCHESTER,OH,451
MANCHESTER,OK,737
MANCHESTER,PA,173
MANCHESTER,TN,373
MANCHESTER,VT,052
MANCHESTER,WA,983
MANCHESTER CENTER,VT,052
MANCOS,CO,813
MANDAN,ND,585
MANDAREE,ND,587
MANDERSON,SD,577
MANDERSON,WY,824
MANDEVILLE,LA,704
MANGHAM,LA,712
MANGILAO,GU,969
MANGO,FL,335
MANGUM,OK,735
MANHASSET,NY,110
MANHATTAN,IL,604
MANHATTAN,KS,665
MANHATTAN,MT,597
MANHATTAN,NV,890
MANHATTAN BEACH,CA,902
MANHEIM,PA,175
MANILA,AR,724
MANILA,UT,840
MANILLA,IA,514
MANILLA,IN,461
MANISTEE,MI,496
MANISTIQUE,MI,498
MANITO,IL,615
MANITOU,KY,424
MANITOU,OK,735
MANITOU SPRINGS,CO,808
MANITOWOC,WI,542
MANKATO,KS,669
MANKATO,MN,560
MANLEY,NE,684
MANLEY HOT SPRINGS,AK,997
MANLIUS,IL,613
MANLIUS,NY,131
MANLY,IA,504
MANNFORD,OK,740
MANNING,IA,514
MANNING,SC,291
MANNINGTON,WV,265
MANNS CHOICE,PA,155
MANNS HARBOR,NC,279
MANNSVILLE,KY,427
MANNSVILLE,NY,136
MANOKOTAK,AK,996
MANOMET,MA,023
MANOR,GA,315
MANOR,PA,156
MANOR,TX,786
MANORVILLE,NY,119
MANORVILLE,PA,162
MANSFIELD,AR,729
MANSFIELD,IL,618
MANSFIELD,LA,710
MANSFIELD,MA,020
MANSFIELD,MO,657
MANSFIELD,OH,449
MANSFIELD,PA,169
MANSFIELD,SD,574
MANSFIELD,TN,382
MANSFIELD,TX,760
MANSFIELD,WA,988
MANSFIELD CENTER,CT,062
MANSON,IA,505
MANSON,NC,275
MANSON,WA,988
MANSURA,LA,713
MANTACHIE,MS,388
MANTECA,CA,953
MANTEE,MS,397
MANTENO,IL,609
MANTEO,NC,279
MANTI,UT,846
MANTON,CA,960
MANTON,MI,496
MANTUA,NJ,080
MANTUA,OH,442
MANVEL,ND,582
MANVEL,TX,775
MANVILLE,RI,028
MANVILLE,WY,822
MANY,LA,714
MANY FARMS,AZ,865
MANZANITA,OR,971
MANZANOLA,CO,810
MAPAVILLE,MO,630
MAPLE,NC,279
MAPLE CITY,KS,671
MAPLE CITY,MI,496
MAPLE FALLS,WA,982
MAPLE GROVE,MN,553
MAPLE HILL,KS,665
MAPLE LAKE,MN,553
MAPLE PLAIN,MN,553
MAPLE RAPIDS,MI,488
MAPLE SHADE,NJ,080
MAPLECREST,NY,124
MAPLESVILLE,AL,367
MAPLETON,IA,510
MAPLETON,IL,615
MAPLETON,KS,667
MAPLETON,ME,047
MAPLETON,MN,560
MAPLETON,ND,580
MAPLETON,OR,974
MAPLETON DEPOT,PA,170
MAPLEWOOD,NJ,070
MAPPSVILLE,VA,234
MAQUOKETA,IA,520
MAQUON,IL,614
MAR LIN,PA,179
MARAMEC,OK,740
MARANA,AZ,856
MARATHON,FL,330
MARATHON,IA,505
MARATHON,NY,138
MARATHON,TX,798
MARATHON,WI,544
MARBLE,MN,557
MARBLE,NC,289
MARBLE,PA,163
MARBLE CANYON,AZ,860
MARBLE CITY,OK,749
MARBLE FALLS,AR,726
MARBLE FALLS,TX,786
MARBLE HILL,MO,637
MARBLE ROCK,IA,506
MARBLEHEAD,MA,019
MARBLEMOUNT,WA,982
MARCELINE,MO,646
MARCELL,MN,566
MARCELLA,AR,725
MARCELLUS,MI,490
MARCELLUS,NY,131
MARCH AIR RESERVE BASE,CA,925
MARCO ISLAND,FL,341
MARCOLA,OR,974
MARCUS,IA,510
MARCUS,WA,991
MARCUS HOOK,PA,190
MARCY,NY,134
MARDELA SPRINGS,MD,218
MARENGO,IA,523
MARENGO,IL,601
MARENGO,OH,433
MARENISCO,MI,499
MARFA,TX,798
MARGARET,AL,351
MARGARETVILLE,NY,124
MARGATE,FL,330
MARGATE CITY,NJ,084
MARIA STEIN,OH,458
MARIANNA,AR,723
MARIANNA,FL,324
MARIBEL,WI,542
MARICAO,PR,006
MARICOPA,AZ,851
MARICOPA,CA,932
MARIENVILLE,PA,162
MARIETTA,GA,300
MARIETTA,IL,614
MARIETTA,MS,388
MARIETTA,NC,283
MARIETTA,NY,131
MARIETTA,OH,457
MARIETTA,OK,734
MARIETTA,PA,175
MARIETTA,SC,296
MARIETTA,TX,755
MARINA,CA,939
MARINA DEL REY,CA,902
MARINE CITY,MI,480
MARINE ON SAINT CROIX,MN,550
MARINETTE,WI,541
MARINGOUIN,LA,707
MARION,AL,367
MARION,AR,723
MARION,CT,064
MARION,IA,523
MARION,IL,629
MARION,IN,469
MARION,KS,668
MARION,KY,420
MARION,LA,712
MARION,MA,027
MARION,MI,496
MARION,MS,393
MARION,MT,599
MARION,NC,287
MARION,ND,584
MARION,NY,145
MARION,OH,433
MARION,PA,172
MARION,SC,295
MARION,SD,570
MARION,TX,781
MARION,VA,243
MARION HEIGHTS,PA,178
MARION JUNCTION,AL,367
MARIONVILLE,VA,234
MARIPOSA,CA,953
MARISSA,IL,622
MARK,IL,613
MARKED TREE,AR,723
MARKESAN,WI,539
MARKHAM,TX,774
MARKLE,IN,467
MARKLEEVILLE,CA,961
MARKLETON,PA,155
MARKLEVILLE,IN,460
MARKS,MS,386
MARKSVILLE,LA,713
MARLAND,OK,746
MARLBORO,VT,053
MARLBOROUGH,CT,064
MARLBOROUGH,MA,017
MARLETTE,MI,484
MARLIN,TX,766
MARLIN,WA,988
MARLINTON,WV,249
MARLOW,NH,034
MARLOW,OK,730
MARLTON,NJ,080
MARMADUKE,AR,724
MARMORA,NJ,082
MAROA,IL,617
MARQUETTE,IA,521
MARQUETTE,MI,498
MARQUETTE,NE,688
MARQUETTE,WI,539
MARQUEZ,TX,778
MARRERO,LA,700
MARROWBONE,KY,427
MARS,PA,160
MARS HILL,ME,047
MARS HILL,NC,287
MARSEILLES,IL,613
MARSHALL,AK,995
MARSHALL,AR,726
MARSHALL,CA,949
MARSHALL,IL,624
MARSHALL,IN,478
MARSHALL,MI,490
MARSHALL,MN,562
MARSHALL,MO,653
MARSHALL,OK,730
MARSHALL,TX,756
MARSHALL,VA,201
MARSHALL,WA,990
MARSHALL,WI,535
MARSHALLS CREEK,PA,183
MARSHALLTOWN,IA,501
MARSHALLVILLE,GA,310
MARSHALLVILLE,OH,446
MARSHES SIDING,KY,426
MARSHFIELD,MA,020
MARSHFIELD,MO,657
MARSHFIELD,VT,056
MARSHFIELD,WI,544
MARSHFIELD HILLS,MA,020
MARSHVILLE,NC,281
MARSING,ID,836
MARSTON,MO,638
MARSTON,NC,283
MARSTONS MILLS,MA,026
MART,TX,766
MARTELL,NE,684
MARTELLE,IA,523
MARTENSDALE,IA,500
MARTHA,OK,735
MARTHASVILLE,MO,633
MARTHAVILLE,LA,714
MARTIN,GA,305
MARTIN,MI,490
MARTIN,PA,154
MARTIN,SD,575
MARTIN,TN,382
MARTINDALE,TX,786
MARTINEZ,CA,945
MARTINS CREEK,PA,180
MARTINS FERRY,OH,439
MARTINSBURG,MO,652
MARTINSBURG,NY,134
MARTINSBURG,OH,430
MARTINSBURG,PA,166
MARTINSBURG,WV,254
MARTINSDALE,MT,590
MARTINSVILLE,IL,624
MARTINSVILLE,IN,461
MARTINSVILLE,NJ,088
MARTINSVILLE,TX,759
MARTINSVILLE,VA,241
MARTINTON,IL,609
MARTVILLE,NY,131
MARTY,SD,573
MARVEL,CO,813
MARVELL,AR,723
MARVIN,SD,572
MARY D,PA,179
MARY ESTHER,FL,325
MARYDEL,MD,199
MARYKNOLL,NY,105
MARYLAND,NY,121
MARYLAND HEIGHTS,MO,630
MARYLAND LINE,MD,211
MARYLHURST,OR,970
MARYNEAL,TX,795
MARYSVALE,UT,847
MARYSVILLE,CA,959
MARYSVILLE,KS,664
MARYSVILLE,MI,480
MARYSVILLE,OH,430
MARYSVILLE,PA,170
MARYSVILLE,WA,982
MARYVILLE,IL,620
MARYVILLE,MO,644
MARYVILLE,TN,378
MASARDIS,ME,047
MASCOT,TN,378
MASCOTTE,FL,347
MASCOUTAH,IL,622
MASHANTUCKET,CT,063
MASHPEE,MA,026
MASON,IL,624
MASON,MI,488
MASON,OH,450
MASON,TN,380
MASON,TX,768
MASON,WI,548
MASON,WV,252
MASON CITY,IA,504
MASON CITY,IL,626
MASON CITY,NE,688
MASONTOWN,PA,154
MASONTOWN,WV,265
MASONVILLE,CO,805
MASONVILLE,IA,506
MASONVILLE,NY,138
MASPETH,NY,113
MASS CITY,MI,499
MASSAPEQUA,NY,117
MASSAPEQUA PARK,NY,117
MASSENA,IA,508
MASSENA,NY,136
MASSIES MILL,VA,229
MASSILLON,OH,446
MASTIC,NY,119
MASTIC BEACH,NY,119
MASURY,OH,444
MATADOR,TX,792
MATAMORAS,PA,183
MATAWAN,NJ,077
MATEWAN,WV,256
MATHER,PA,153
MATHER,WI,546
MATHERVILLE,IL,612
MATHESON,CO,808
MATHEWS,LA,703
MATHEWS,VA,230
MATHIAS,WV,268
MATHIS,TX,783
MATHISTON,MS,397
MATINICUS,ME,048
MATLOCK,WA,985
MATOAKA,WV,247
MATTAPAN,MA,021
MATTAPOISETT,MA,027
MATTAPONI,VA,231
MATTAWAMKEAG,ME,044
MATTAWAN,MI,490
MATTAWANA,PA,170
MATTESON,IL,604
MATTHEWS,IN,469
MATTHEWS,MO,638
MATTHEWS,NC,281
MATTITUCK,NY,119
MATTOON,IL,619
MATTOON,WI,544
MATTSON,MS,387
MAUD,OK,748
MAUD,TX,755
MAUGANSVILLE,MD,217
MAUK,GA,310
MAULDIN,SC,296
MAUMEE,OH,435
MAUMELLE,AR,721
MAUNABO,PR,007
MAUNALOA,HI,967
MAUNIE,IL,628
MAUPIN,OR,970
MAUREPAS,LA,704
MAURERTOWN,VA,226
MAURICE,IA,510
MAURICE,LA,705
MAURICETOWN,NJ,083
MAURICEVILLE,TX,776
MAURY,NC,285
MAURY CITY,TN,380
MAUSTON,WI,539
MAVISDALE,VA,246
MAX,ND,587
MAX MEADOWS,VA,243
MAXATAWNY,PA,195
MAXIE,VA,246
MAXIMO,OH,446
MAXTON,NC,283
MAXWELL,CA,959
MAXWELL,IA,501
MAXWELL,IN,461
MAXWELL,NE,691
MAXWELL,NM,877
MAXWELL,TX,786
MAXWELTON,WV,249
MAY CITY,IA,513
MAYAGUEZ,PR,006
MAYBEE,MI,481
MAYBELL,CO,816
MAYBEURY,WV,248
MAYBROOK,NY,125
MAYDELLE,TX,757
MAYER,AZ,863
MAYER,MN,553
MAYERSVILLE,MS,391
MAYESVILLE,SC,291
MAYETTA,KS,665
MAYFIELD,KS,671
MAYFIELD,KY,420
MAYFIELD,MI,496
MAYFIELD,NY,121
MAYFIELD,UT,846
MAYFLOWER,AR,721
MAYHEW,MS,397
MAYHILL,NM,883
MAYKING,KY,418
MAYNARD,AR,724
MAYNARD,IA,506
MAYNARD,MA,017
MAYNARD,MN,562
MAYNARD,OH,439
MAYNARDVILLE,TN,378
MAYO,FL,320
MAYO,MD,211
MAYO,SC,293
MAYODAN,NC,270
MAYPEARL,TX,760
MAYPORT,PA,162
MAYS LANDING,NJ,083
MAYSEL,WV,251
MAYSLICK,KY,410
MAYSVILLE,GA,305
MAYSVILLE,KY,410
MAYSVILLE,MO,644
MAYSVILLE,NC,285
MAYSVILLE,OK,730
MAYSVILLE,WV,268
MAYTOWN,PA,175
MAYVILLE,MI,487
MAYVILLE,ND,582
MAYVILLE,NY,147
MAYVILLE,WI,530
MAYWOOD,IL,601
MAYWOOD,NE,690
MAYWOOD,NJ,076
MAZEPPA,MN,559
MAZOMANIE,WI,535
MAZON,IL,604
MC ADAMS,MS,391
MC ADENVILLE,NC,281
MC AFEE,NJ,074
MC ALISTERVILLE,PA,170
MC ALLISTER,MT,597
MC ALPIN,FL,320
MC ARTHUR,OH,456
MC BAIN,MI,496
MC CALL CREEK,MS,396
MC CALLA,AL,351
MC CALLSBURG,IA,501
MC CAMEY,TX,797
MC CARLEY,MS,389
MC CAULLEY,TX,795
MC CAUSLAND,IA,527
MC CLAVE,CO,810
MC CLELLANDTOWN,PA,154
MC CLELLANVILLE,SC,294
MC CLURE,IL,629
MC CLURE,PA,178
MC CLURG,MO,657
MC COLL,SC,295
MC COMB,OH,458
MC CONNELL,IL,610
MC CONNELLS,SC,297
MC CONNELLSBURG,PA,172
MC CONNELLSTOWN,PA,166
MC COOK,NE,690
MC COOL,MS,391
MC COOL JUNCTION,NE,684
MC CORMICK,SC,298
MC COY,CO,804
MC COY,TX,780
MC COY,VA,241
MC CRORY,AR,721
MC CUTCHENVILLE,OH,448
MC DADE,TX,786
MC DAVID,FL,325
MC DERMITT,NV,894
MC DONALD,KS,677
MC DONALD,NM,882
MC DONALD,PA,150
MC DONALD,TN,373
MC DONOUGH,NY,137
MC DOUGAL,AR,724
MC DOWELL,KY,416
MC DOWELL,VA,244
MC ELHATTAN,PA,177
MC EWEN,TN,371
MC EWENSVILLE,PA,177
MC FALL,MO,646
MC FARLAN,NC,281
MC FARLAND,CA,932
MC FARLAND,KS,665
MC GAHEYSVILLE,VA,228
MC GEHEE,AR,716
MC GILL,NV,893
MC GIRK,MO,650
MC GRADY,NC,286
MC GRANN,PA,162
MC GRATH,AK,996
MC GRATH,MN,563
MC GRAW,NY,131
MC GRAWS,WV,258
MC GREGOR,IA,521
MC GUFFEY,OH,458
MC HENRY,KY,423
MC HENRY,MD,215
MC HENRY,MS,395
MC INDOE FALLS,VT,050
MC INTOSH,AL,365
MC INTOSH,FL,326
MC INTOSH,SD,576
MC INTYRE,GA,310
MC INTYRE,PA,157
MC KEE,KY,404
MC KEES ROCKS,PA,151
MC KENNEY,VA,238
MC KENZIE,AL,364
MC KENZIE,TN,382
MC KINNEY,KY,404
MC KINNON,WY,829
MC KITTRICK,CA,932
MC KNIGHTSTOWN,PA,173
MC LAUGHLIN,SD,576
MC LEAN,IL,617
MC LEAN,NY,131
MC LEAN,VA,221
MC LEANSBORO,IL,628
MC LEANSVILLE,NC,273
MC LEMORESVILLE,TN,382
MC LEOD,MT,590
MC LEOD,TX,755
MC LOUTH,KS,660
MC MILLAN,MI,498
MC NABB,IL,613
MC NEAL,AZ,856
MC NEIL,AR,717
MC NEIL,TX,786
MC NEILL,MS,394
MC QUADY,KY,401
MC QUEENEY,TX,781
MC RAE,AR,721
MC RAE HELENA,GA,310
MC ROBERTS,KY,418
MC SHERRYSTOWN,PA,173
MC VEIGH,KY,415
MC VEYTOWN,PA,170
MCADOO,PA,182
MCALESTER,OK,745
MCALISTER,NM,884
MCALLEN,TX,785
MCARTHUR,CA,960
MCBRIDES,MI,488
MCCALL,ID,836
MCCAMMON,ID,832
MCCLEARY,WA,985
MCCLOUD,CA,960
MCCLUSKY,ND,584
MCCOMB,MS,396
MCCONNELSVILLE,OH,437
MCCORDSVILLE,IN,460
MCCURTAIN,OK,749
MCDONOUGH,GA,302
MCFADDIN,TX,779
MCFARLAND,WI,535
MCGREGOR,MN,557
MCGREGOR,ND,587
MCGREGOR,TX,766
MCGREW,NE,693
MCHENRY,IL,600
MCINTOSH,MN,565
MCINTOSH,NM,870
MCKEESPORT,PA,151
MCKENNA,WA,985
MCKENZIE,ND,585
MCKINNEY,TX,750
MCLEAN,TX,790
MCLOUD,OK,748
MCMECHEN,WV,260
MCMINNVILLE,OR,971
MCMINNVILLE,TN,371
MCNARY,AZ,859
MCPHERSON,KS,674
MCVILLE,ND,582
MEAD,CO,805
MEAD,NE,680
MEAD,OK,734
MEAD,WA,990
MEADE,KS,678
MEADOR,WV,256
MEADOW,SD,576
MEADOW,TX,793
MEADOW,UT,846
MEADOW BRIDGE,WV,259
MEADOW CREEK,WV,259
MEADOW GROVE,NE,687
MEADOW LANDS,PA,153
MEADOW VALLEY,CA,959
MEADOW VISTA,CA,957
MEADOWBROOK,WV,264
MEADOWLANDS,MN,557
MEADOWS OF DAN,VA,241
MEADVIEW,AZ,864
MEADVILLE,MO,646
MEADVILLE,MS,396
MEADVILLE,PA,163
MEALLY,KY,412
MEANSVILLE,GA,302
MEBANE,NC,273
MECCA,CA,922
MECHANIC FALLS,ME,042
MECHANICSBURG,IL,625
MECHANICSBURG,OH,430
MECHANICSBURG,PA,170
MECHANICSTOWN,OH,446
MECHANICSVILLE,IA,523
MECHANICSVILLE,MD,206
MECHANICSVILLE,PA,189
MECHANICSVILLE,VA,231
MECHANICVILLE,NY,121
MECKLENBURG,NY,148
MECKLING,SD,570
MECOSTA,MI,493
MEDANALES,NM,875
MEDARYVILLE,IN,479
MEDFIELD,MA,020
MEDFORD,MA,021
MEDFORD,MN,550
MEDFORD,NJ,080
MEDFORD,NY,117
MEDFORD,OK,737
MEDFORD,OR,975
MEDFORD,WI,544
MEDIA,IL,614
MEDIA,PA,190
MEDIAPOLIS,IA,526
MEDICAL LAKE,WA,990
MEDICINE BOW,WY,823
MEDICINE LAKE,MT,592
MEDICINE LODGE,KS,670
MEDINA,ND,584
MEDINA,NY,141
MEDINA,OH,442
MEDINA,TN,383
MEDINA,TX,780
MEDINAH,IL,601
MEDON,TN,383
MEDORA,IL,620
MEDORA,IN,472
MEDORA,ND,586
MEDUSA,NY,121
MEDWAY,ME,044
MEDWAY,OH,453
MEEKER,CO,816
MEEKER,OK,748
MEETEETSE,WY,824
MEGARGEL,TX,763
MEHOOPANY,PA,186
MEIGS,GA,317
MEKORYUK,AK,996
MELBA,ID,836
MELBER,KY,420
MELBETA,NE,693
MELBOURNE,AR,725
MELBOURNE,FL,329
MELBOURNE,IA,501
MELBOURNE BEACH,FL,329
MELCHER DALLAS,IA,500
MELCROFT,PA,154
MELDRIM,GA,313
MELFA,VA,234
MELISSA,TX,754
MELLEN,WI,545
MELLENVILLE,NY,125
MELLETTE,SD,574
MELLOTT,IN,479
MELLWOOD,AR,723
MELROSE,FL,326
MELROSE,IA,525
MELROSE,MA,021
MELROSE,MN,563
MELROSE,MT,597
MELROSE,NM,881
MELROSE,NY,121
MELROSE,OH,458
MELROSE,WI,546
MELROSE PARK,IL,601
MELSTONE,MT,590
MELVERN,KS,665
MELVILLE,LA,713
MELVIN,IA,513
MELVIN,IL,609
MELVIN,MI,484
MELVIN VILLAGE,NH,038
MEMPHIS,MI,480
MEMPHIS,MO,635
MEMPHIS,NY,131
MEMPHIS,TN,381
MEMPHIS,TX,792
MENA,AR,719
MENAHGA,MN,564
MENAN,ID,834
MENARD,TX,768
MENASHA,WI,549
MENDENHALL,MS,391
MENDENHALL,PA,193
MENDHAM,NJ,079
MENDOCINO,CA,954
MENDON,IL,623
MENDON,MA,017
MENDON,NY,145
MENDON,OH,458
MENDON,UT,843
MENDOTA,CA,936
MENDOTA,IL,613
MENDOTA,MN,551
MENIFEE,AR,721
MENIFEE,CA,925
MENLO,GA,307
MENLO,IA,501
MENLO,WA,985
MENLO PARK,CA,940
MENNO,SD,570
MENO,OK,737
MENOMINEE,MI,498
MENOMONEE FALLS,WI,530
MENOMONIE,WI,547
MENTASTA LAKE,AK,997
MENTMORE,NM,873
MENTONE,AL,359
MENTONE,CA,923
MENTONE,TX,797
MENTOR,MN,567
MENTOR,OH,440
MER ROUGE,LA,712
MERCED,CA,953
MERCEDES,TX,785
MERCEDITA,PR,007
MERCER,MO,646
MERCER,PA,161
MERCER,WI,545
MERCER ISLAND,WA,980
MERCERSBURG,PA,172
MERCURY,NV,890
MEREDITH,CO,816
MEREDITH,NH,032
MEREDOSIA,IL,626
MERETA,TX,769
MERIDALE,NY,138
MERIDEN,CT,064
MERIDEN,IA,510
MERIDEN,KS,665
MERIDEN,NH,037
MERIDIAN,CA,959
MERIDIAN,GA,313
MERIDIAN,ID,836
MERIDIAN,MS,393
MERIDIAN,NY,131
MERIDIAN,TX,766
MERIDIANVILLE,AL,357
MERIGOLD,MS,387
MERINO,CO,807
MERIT,TX,754
MERIZO,GU,969
MERKEL,TX,795
MERLIN,OR,975
MERMENTAU,LA,705
MERNA,IL,617
MEROM,IN,478
MERRICK,NY,115
MERRIFIELD,MN,564
MERRIFIELD,VA,220
MERRILL,IA,510
MERRILL,MI,486
MERRILL,OR,976
MERRILL,WI,544
MERRILLAN,WI,547
MERRILLVILLE,IN,464
MERRIMAC,MA,018
MERRIMAC,WI,535
MERRIMACK,NH,030
MERRITT,MI,496
MERRITT,NC,285
MERRITT ISLAND,FL,329
MERRITTSTOWN,PA,154
MERRY HILL,NC,279
MERRY POINT,VA,225
MERRYVILLE,LA,706
MERSHON,GA,315
MERTENS,TX,766
MERTON,WI,530
MERTZON,TX,769
MERTZTOWN,PA,195
MESA,AZ,852
MESA,CO,816
MESA,WA,993
MESA VERDE NATIONAL PARK,CO,813
MESCALERO,NM,883
MESENA,GA,308
MESHOPPEN,PA,186
MESICK,MI,496
MESILLA,NM,880
MESILLA PARK,NM,880
MESOPOTAMIA,OH,444
MESQUITE,NM,880
MESQUITE,NV,890
MESQUITE,TX,751
META,MO,650
METAIRIE,LA,700
METALINE,WA,991
METALINE FALLS,WA,991
METAMORA,IL,615
METAMORA,MI,484
METAMORA,OH,435
METCALF,IL,619
METCALFE,MS,387
METHOW,WA,988
METHUEN,MA,018
METLAKATLA,AK,999
METROPOLIS,IL,629
METTER,GA,304
METUCHEN,NJ,088
METZ,MO,647
MEXIA,AL,364
MEXIA,TX,766
MEXICAN HAT,UT,845
MEXICAN SPRINGS,NM,873
MEXICO,IN,469
MEXICO,ME,042
MEXICO,MO,652
MEXICO,NY,131
MEXICO,PA,170
MEXICO BEACH,FL,324
MEYERS CHUCK,AK,999
MEYERSDALE,PA,155
MEYERSVILLE,TX,779
MI WUK VILLAGE,CA,953
MIAMI,AZ,855
MIAMI,FL,331
MIAMI,MO,653
MIAMI,NM,877
MIAMI,OK,743
MIAMI,TX,790
MIAMI,WV,251
MIAMI BEACH,FL,331
MIAMI GARDENS,FL,330
MIAMI LAKES,FL,330
MIAMISBURG,OH,453
MIAMITOWN,OH,450
MIAMIVILLE,OH,451
MICHIE,TN,383
MICHIGAMME,MI,498
MICHIGAN,ND,582
MICHIGAN CITY,IN,463
MICKLETON,NJ,080
MICRO,NC,275
MIDDLE AMANA,IA,523
MIDDLE BASS,OH,434
MIDDLE FALLS,NY,128
MIDDLE GRANVILLE,NY,128
MIDDLE GROVE,NY,128
MIDDLE HADDAM,CT,064
MIDDLE ISLAND,NY,119
MIDDLE RIVER,MD,212
MIDDLE RIVER,MN,567
MIDDLE VILLAGE,NY,113
MIDDLEBOURNE,WV,261
MIDDLEBRANCH,OH,446
MIDDLEBROOK,VA,244
MIDDLEBURG,FL,320
MIDDLEBURG,KY,425
MIDDLEBURG,NC,275
MIDDLEBURG,OH,433
MIDDLEBURG,PA,178
MIDDLEBURG,VA,201
MIDDLEBURGH,NY,121
MIDDLEBURY,CT,067
MIDDLEBURY,IN,465
MIDDLEBURY,VT,057
MIDDLEBURY CENTER,PA,169
MIDDLEFIELD,CT,064
MIDDLEFIELD,MA,012
MIDDLEFIELD,OH,440
MIDDLEPORT,NY,141
MIDDLEPORT,OH,457
MIDDLEPORT,PA,179
MIDDLESBORO,KY,409
MIDDLESEX,NC,275
MIDDLESEX,NY,145
MIDDLETON,ID,836
MIDDLETON,MA,019
MIDDLETON,MI,488
MIDDLETON,TN,380
MIDDLETON,WI,535
MIDDLETOWN,CA,954
MIDDLETOWN,CT,064
MIDDLETOWN,DE,197
MIDDLETOWN,IA,526
MIDDLETOWN,IN,473
MIDDLETOWN,MD,217
MIDDLETOWN,MO,633
MIDDLETOWN,NJ,077
MIDDLETOWN,NY,109
MIDDLETOWN,OH,450
MIDDLETOWN,PA,170
MIDDLETOWN,RI,028
MIDDLETOWN,VA,226
MIDDLETOWN SPRINGS,VT,057
MIDDLEVILLE,MI,493
MIDDLEVILLE,NJ,078
MIDFIELD,TX,774
MIDKIFF,TX,797
MIDKIFF,WV,255
MIDLAND,AR,729
MIDLAND,IN,474
MIDLAND,MD,215
MIDLAND,MI,486
MIDLAND,NC,281
MIDLAND,OR,976
MIDLAND,PA,150
MIDLAND,SD,575
MIDLAND,TX,797
MIDLAND,VA,227
MIDLAND CITY,AL,363
MIDLAND PARK,NJ,074
MIDLOTHIAN,IL,604
MIDLOTHIAN,MD,215
MIDLOTHIAN,TX,760
MIDLOTHIAN,VA,231
MIDNIGHT,MS,391
MIDPINES,CA,953
MIDVALE,ID,836
MIDVALE,OH,446
MIDVALE,UT,840
MIDVILLE,GA,304
MIDWAY,AL,360
MIDWAY,AR,726
MIDWAY,FL,323
MIDWAY,GA,313
MIDWAY,KY,403
MIDWAY,PA,150
MIDWAY,TX,758
MIDWAY,UT,840
MIDWAY,WV,258
MIDWAY CITY,CA,926
MIDWEST,WY,826
MIFFLINBURG,PA,178
MIFFLINTOWN,PA,170
MIFFLINVILLE,PA,186
MIKADO,MI,487
MILACA,MN,563
MILAM,TX,759
MILAN,IL,612
MILAN,IN,470
MILAN,MI,481
MILAN,MN,562
MILAN,MO,635
MILAN,NM,870
MILAN,OH,448
MILAN,PA,188
MILAN,TN,383
MILANO,TX,765
MILANVILLE,PA,184
MILBANK,SD,572
MILBRIDGE,ME,046
MILBURN,OK,734
MILES,IA,520
MILES,TX,768
MILES CITY,MT,593
MILESBURG,PA,168
MILFAY,OK,740
MILFORD,CA,961
MILFORD,CT,064
MILFORD,DE,199
MILFORD,IA,513
MILFORD,IL,609
MILFORD,IN,465
MILFORD,KS,665
MILFORD,MA,017
MILFORD,ME,044
MILFORD,MI,483
MILFORD,NE,684
MILFORD,NH,030
MILFORD,NJ,088
MILFORD,NY,138
MILFORD,OH,451
MILFORD,PA,183
MILFORD,TX,766
MILFORD,UT,847
MILFORD CENTER,OH,430
MILFORD SQUARE,PA,189
MILILANI,HI,967
MILL CITY,OR,973
MILL CREEK,IN,463
MILL CREEK,OK,748
MILL CREEK,PA,170
MILL CREEK,WA,980
MILL CREEK,WV,262
MILL NECK,NY,117
MILL RUN,PA,154
MILL SHOALS,IL,628
MILL SPRINGS,KY,426
MILL VALLEY,CA,949
MILL VILLAGE,PA,164
MILLBORO,VA,244
MILLBRAE,CA,940
MILLBROOK,AL,360
MILLBROOK,IL,605
MILLBROOK,NY,125
MILLBURN,NJ,070
MILLBURY,MA,015
MILLBURY,OH,434
MILLCREEK,IL,629
MILLDALE,CT,064
MILLEDGEVILLE,GA,310
MILLEDGEVILLE,IL,610
MILLEDGEVILLE,OH,431
MILLEDGEVILLE,TN,383
MILLEN,GA,304
MILLER,MO,657
MILLER,SD,573
MILLER CITY,OH,458
MILLER PLACE,NY,117
MILLERS CREEK,NC,286
MILLERS TAVERN,VA,231
MILLERSBURG,IA,523
MILLERSBURG,IN,465
MILLERSBURG,KY,403
MILLERSBURG,MI,497
MILLERSBURG,OH,446
MILLERSBURG,PA,170
MILLERSPORT,OH,430
MILLERSTOWN,PA,170
MILLERSVIEW,TX,768
MILLERSVILLE,MD,211
MILLERSVILLE,PA,175
MILLERTON,NY,125
MILLERTON,OK,747
MILLFIELD,OH,457
MILLHEIM,PA,168
MILLICAN,TX,778
MILLIGAN,TN,376
MILLINGTON,IL,605
MILLINGTON,MD,216
MILLINGTON,MI,487
MILLINGTON,NJ,079
MILLINGTON,TN,380
MILLINOCKET,ME,044
MILLIS,MA,020
MILLMONT,PA,178
MILLPORT,AL,355
MILLRIFT,PA,183
MILLRY,AL,365
MILLS,NM,877
MILLS,PA,169
MILLS,WY,826
MILLSAP,TX,760
MILLSBORO,DE,199
MILLSBORO,PA,153
MILLSTADT,IL,622
MILLSTON,WI,546
MILLSTONE TOWNSHIP,NJ,085
MILLTOWN,KY,427
MILLTOWN,MT,598
MILLVILLE,CA,960
MILLVILLE,MA,015
MILLVILLE,MN,559
MILLVILLE,NJ,083
MILLVILLE,PA,178
MILLVILLE,UT,843
MILLWOOD,KY,427
MILLWOOD,VA,226
MILLWOOD,WV,252
MILMAY,NJ,083
MILNER,GA,302
MILNESVILLE,PA,182
MILNOR,ND,580
MILO,IA,500
MILO,ME,044
MILO,MO,647
MILPITAS,CA,950
MILROY,IN,461
MILROY,MN,562
MILROY,PA,170
MILTON,DE,199
MILTON,FL,325
MILTON,IL,623
MILTON,IN,473
MILTON,KS,671
MILTON,KY,400
MILTON,LA,705
MILTON,MA,021
MILTON,NC,273
MILTON,NH,038
MILTON,PA,178
MILTON,VT,054
MILTON,WA,983
MILTON,WI,535
MILTON,WV,255
MILTON FREEWATER,OR,978
MILTONA,MN,563
MILTONVALE,KS,674
MILWAUKEE,WI,532
MIMBRES,NM,880
MIMS,FL,327
MINA,NV,894
MINA,SD,574
MINATARE,NE,693
MINCO,OK,730
MINDEN,IA,515
MINDEN,LA,710
MINDEN,NE,689
MINDEN,NV,894
MINDEN,WV,258
MINDEN CITY,MI,484
MINDENMINES,MO,647
MINDORO,WI,546
MINEOLA,IA,515
MINEOLA,NY,115
MINEOLA,TX,757
MINERAL,CA,960
MINERAL,IL,613
MINERAL,TX,781
MINERAL,VA,231
MINERAL,WA,983
MINERAL CITY,OH,446
MINERAL POINT,MO,636
MINERAL POINT,WI,535
MINERAL SPRINGS,AR,718
MINERAL SPRINGS,NC,281
MINERAL SPRINGS,PA,168
MINERAL WELLS,TX,760
MINERAL WELLS,WV,261
MINERSVILLE,PA,179
MINERSVILLE,UT,847
MINERVA,NY,128
MINERVA,OH,446
MINETTO,NY,131
MINEVILLE,NY,129
MINFORD,OH,456
MINGO,OH,430
MINGO JUNCTION,OH,439
MINGOVILLE,PA,168
MINIDOKA,ID,833
MINIER,IL,617
MINISINK HILLS,PA,183
MINNEAPOLIS,KS,674
MINNEAPOLIS,MN,554
MINNEAPOLIS,NC,286
MINNEOLA,FL,347
MINNEOLA,KS,678
MINNEOTA,MN,562
MINNESOTA CITY,MN,559
MINNESOTA LAKE,MN,560
MINNETONKA,MN,553
MINNETONKA BEACH,MN,553
MINNEWAUKAN,ND,583
MINOA,NY,131
MINOCQUA,WI,545
MINONG,WI,548
MINONK,IL,617
MINOOKA,IL,604
MINOR HILL,TN,384
MINOT,ME,042
MINOT,ND,587
MINOT AFB,ND,587
MINOTOLA,NJ,083
MINSTER,OH,458
MINT HILL,NC,282
MINT SPRING,VA,244
MINTER,AL,367
MINTER CITY,MS,389
MINTO,AK,997
MINTO,ND,582
MINTURN,AR,724
MINTURN,CO,816
MIO,MI,486
MIRACLE,KY,408
MIRAMAR,FL,330
MIRAMAR BEACH,FL,325
MIRAMONTE,CA,936
MIRANDA,CA,955
MIRROR LAKE,NH,038
MISENHEIMER,NC,281
MISHAWAKA,IN,465
MISHICOT,WI,542
MISSION,KS,661
MISSION,SD,575
MISSION,TX,785
MISSION HILL,SD,570
MISSION VIEJO,CA,926
MISSISSIPPI STATE,MS,397
MISSOULA,MT,598
MISSOURI CITY,MO,640
MISSOURI CITY,TX,774
MISSOURI VALLEY,IA,515
MITCHELL,GA,308
MITCHELL,IN,474
MITCHELL,NE,693
MITCHELL,OR,977
MITCHELL,SD,573
MITCHELLVILLE,IA,501
MIZE,MS,391
MIZPAH,MN,566
MIZPAH,NJ,083
MOAB,UT,845
MOAPA,NV,890
MOATSVILLE,WV,264
MOBEETIE,TX,790
MOBERLY,MO,652
MOBILE,AL,366
MOBILE,AZ,852
MOBRIDGE,SD,576
MOCA,PR,006
MOCKSVILLE,NC,270
MOCLIPS,WA,985
MODEL CITY,NY,141
MODENA,NY,125
MODENA,PA,193
MODESTO,CA,953
MODESTO,IL,626
MODOC,IN,473
MOFFAT,CO,811
MOGADORE,OH,442
MOHALL,ND,587
MOHAVE VALLEY,AZ,864
MOHAWK,NY,134
MOHAWK,TN,378
MOHEGAN LAKE,NY,105
MOHNTON,PA,195
MOHRSVILLE,PA,195
MOIRA,NY,129
MOJAVE,CA,935
MOKANE,MO,650
MOKELUMNE HILL,CA,952
MOLALLA,OR,970
MOLINA,CO,816
MOLINE,IL,612
MOLINE,KS,673
MOLINE,MI,493
MOLINO,FL,325
MOLLUSK,VA,225
MOLT,MT,590
MOMENCE,IL,609
MONA,UT,846
MONACA,PA,150
MONAHANS,TX,797
MONARCH,MT,594
MONAVILLE,WV,256
MONCKS CORNER,SC,294
MONCLOVA,OH,435
MONCURE,NC,275
MONDAMIN,IA,515
MONDOVI,WI,547
MONEE,IL,604
MONESSEN,PA,150
MONETA,VA,241
MONETT,MO,656
MONGAUP VALLEY,NY,127
MONGO,IN,467
MONHEGAN,ME,048
MONITOR,WA,988
MONKTON,MD,211
MONKTON,VT,054
MONMOUTH,IL,614
MONMOUTH,ME,042
MONMOUTH,OR,973
MONMOUTH BEACH,NJ,077
MONMOUTH JUNCTION,NJ,088
MONONA,IA,521
MONONGAHELA,PA,150
MONPONSETT,MA,023
MONROE,AR,721
MONROE,CT,064
MONROE,GA,306
MONROE,IA,501
MONROE,IN,467
MONROE,LA,712
MONROE,MA,013
MONROE,MI,481
MONROE,NC,281
MONROE,NH,037
MONROE,NY,109
MONROE,OH,450
MONROE,OK,749
MONROE,OR,974
MONROE,TN,385
MONROE,UT,847
MONROE,VA,245
MONROE,WA,982
MONROE,WI,535
MONROE CENTER,IL,610
MONROE CITY,IN,475
MONROE CITY,MO,634
MONROETON,PA,188
MONROEVILLE,AL,364
MONROEVILLE,IN,467
MONROEVILLE,OH,448
MONROEVILLE,PA,151
MONROVIA,CA,910
MONROVIA,IN,461
MONROVIA,MD,217
MONSEY,NY,109
MONSON,MA,010
MONSON,ME,044
MONT ALTO,PA,172
MONT BELVIEU,TX,775
MONTAGUE,CA,960
MONTAGUE,MA,013
MONTAGUE,MI,494
MONTAGUE,TX,762
MONTALBA,TX,758
MONTANA MINES,WV,265
MONTANDON,PA,178
MONTARA,CA,940
MONTAUK,NY,119
MONTCALM,WV,247
MONTCHANIN,DE,197
MONTCLAIR,CA,917
MONTCLAIR,NJ,070
MONTE RIO,CA,954
MONTE VISTA,CO,811
MONTEAGLE,TN,373
MONTEBELLO,CA,906
MONTEBELLO,VA,244
MONTEGUT,LA,703
MONTELLO,NV,898
MONTELLO,WI,539
MONTEREY,CA,939
MONTEREY,IN,469
MONTEREY,LA,713
MONTEREY,MA,012
MONTEREY,TN,385
MONTEREY,VA,244
MONTEREY PARK,CA,917
MONTESANO,WA,985
MONTEVALLO,AL,351
MONTEVIDEO,MN,562
MONTEVIEW,ID,834
MONTEZUMA,GA,310
MONTEZUMA,IA,501
MONTEZUMA,IN,478
MONTEZUMA,KS,678
MONTEZUMA,NC,286
MONTEZUMA,NY,131
MONTEZUMA,OH,458
MONTEZUMA CREEK,UT,845
MONTFORT,WI,535
MONTGOMERY,AL,361
MONTGOMERY,IL,605
MONTGOMERY,IN,475
MONTGOMERY,LA,714
MONTGOMERY,MI,492
MONTGOMERY,MN,560
MONTGOMERY,NY,125
MONTGOMERY,PA,177
MONTGOMERY,TX,773
MONTGOMERY,VT,054
MONTGOMERY,WV,251
MONTGOMERY CITY,MO,633
MONTGOMERY CREEK,CA,960
MONTGOMERY VILLAGE,MD,208
MONTGOMERYVILLE,PA,189
MONTICELLO,AR,716
MONTICELLO,FL,323
MONTICELLO,GA,310
MONTICELLO,IA,522
MONTICELLO,IL,618
MONTICELLO,IN,479
MONTICELLO,KY,426
MONTICELLO,ME,047
MONTICELLO,MN,553
MONTICELLO,MO,634
MONTICELLO,MS,396
MONTICELLO,NM,879
MONTICELLO,NY,127
MONTICELLO,UT,845
MONTICELLO,WI,535
MONTMORENCI,SC,298
MONTOUR,PA,152
MONTOURSVILLE,PA,177
MONTPELIER,ID,832
MONTPELIER,IN,473
MONTPELIER,ND,584
MONTPELIER,OH,435
MONTPELIER,VA,231
MONTPELIER,VT,056
MONTREAL,WI,545
MONTREAT,NC,287
MONTROSE,AL,365
MONTROSE,AR,716
MONTROSE,CA,910
MONTROSE,CO,814
MONTROSE,GA,310
MONTROSE,IA,526
MONTROSE,IL,624
MONTROSE,MI,484
MONTROSE,MN,553
MONTROSE,NY,105
MONTROSE,PA,188
MONTROSE,SD,570
MONTROSE,WV,262
MONTROSS,VA,225
MONTVALE,NJ,076
MONTVALE,VA,241
MONTVERDE,FL,347
MONTVILLE,CT,063
MONTVILLE,NJ,070
MONUMENT,CO,801
MONUMENT,NM,882
MONUMENT,OR,978
MONUMENT BEACH,MA,025
MONUMENT VALLEY,UT,845
MOODUS,CT,064
MOODY,AL,350
MOODY,ME,040
MOODY,TX,765
MOODY AIR FORCE,GA,316
MOODYS,OK,744
MOOERS,NY,129
MOORCROFT,WY,827
MOORE,ID,832
MOORE,MT,594
MOORE,OK,731
MOORE,SC,293
MOORE,TX,780
MOORE HAVEN,FL,334
MOOREFIELD,NE,690
MOOREFIELD,WV,268
MOORELAND,IN,473
MOORELAND,OK,738
MOORES HILL,IN,470
MOORESBORO,NC,281
MOORESTOWN,NJ,080
MOORESVILLE,AL,356
MOORESVILLE,IN,461
MOORESVILLE,NC,281
MOORETON,ND,580
MOOREVILLE,MS,388
MOORHEAD,IA,515
MOORHEAD,MN,565
MOORHEAD,MS,387
MOORINGSPORT,LA,710
MOORLAND,IA,505
MOORPARK,CA,930
MOOSE LAKE,MN,557
MOOSE PASS,AK,996
MOOSUP,CT,063
MORA,MN,550
MORA,NM,877
MORAGA,CA,945
MORAN,KS,667
MORAN,MI,497
MORAN,TX,764
MORAN,WY,830
MORANN,PA,166
MORATTICO,VA,225
MORAVIA,IA,525
MORAVIA,NY,131
MORAVIAN FALLS,NC,286
MOREAUVILLE,LA,713
MOREHEAD,KY,403
MOREHEAD CITY,NC,285
MOREHOUSE,MO,638
MORELAND,GA,302
MORELAND,ID,832
MORENCI,AZ,855
MORENCI,MI,492
MORENO VALLEY,CA,925
MORETOWN,VT,056
MORGAN,GA,317
MORGAN,MN,562
MORGAN,TX,766
MORGAN,UT,840
MORGAN,VT,058
MORGAN CITY,LA,703
MORGAN CITY,MS,389
MORGAN HILL,CA,950
MORGAN MILL,TX,764
MORGANFIELD,KY,424
MORGANTON,NC,286
MORGANTOWN,IN,461
MORGANTOWN,KY,422
MORGANTOWN,PA,195
MORGANTOWN,WV,265
MORGANZA,LA,707
MORGANZA,MD,206
MORIAH,NY,129
MORIAH CENTER,NY,129
MORIARTY,NM,870
MORICHES,NY,119
MORLAND,KS,676
MORLEY,MI,493
MORLEY,MO,637
MORNING VIEW,KY,410
MORO,AR,723
MORO,OR,970
MOROCCO,IN,479
MORONGO VALLEY,CA,922
MORONI,UT,846
MOROVIS,PR,006
MORRICE,MI,488
MORRILL,KS,665
MORRILL,ME,049
MORRILL,NE,693
MORRILTON,AR,721
MORRIS,IL,604
MORRIS,IN,470
MORRIS,MN,562
MORRIS,NY,138
MORRIS,OK,744
MORRIS,PA,169
MORRIS CHAPEL,TN,383
MORRIS PLAINS,NJ,079
MORRIS RUN,PA,169
MORRISDALE,PA,168
MORRISON,IL,612
MORRISON,MO,650
MORRISON,OK,730
MORRISONVILLE,IL,625
MORRISONVILLE,NY,129
MORRISONVILLE,WI,535
MORRISTON,FL,326
MORRISTOWN,AZ,853
MORRISTOWN,IN,461
MORRISTOWN,MN,550
MORRISTOWN,NJ,079
MORRISTOWN,NY,136
MORRISTOWN,OH,437
MORRISTOWN,SD,576
MORRISTOWN,TN,378
MORRISVILLE,NC,275
MORRISVILLE,NY,134
MORRISVILLE,PA,190
MORRISVILLE,VT,056
MORRO BAY,CA,934
MORROW,GA,302
MORROW,LA,713
MORROW,OH,451
MORROWVILLE,KS,669
MORSE,LA,705
MORSE,TX,790
MORSE BLUFF,NE,686
MORSE MILL,MO,630
MORTON,IL,615
MORTON,MN,562
MORTON,MS,391
MORTON,NY,145
MORTON,PA,190
MORTON,TX,793
MORTON,WA,983
MORTON GROVE,IL,600
MORTONS GAP,KY,424
MORVEN,GA,316
MORVEN,NC,281
MOSCA,CO,811
MOSCOW,AR,716
MOSCOW,IA,527
MOSCOW,ID,838
MOSCOW,KS,679
MOSCOW,OH,451
MOSCOW,PA,184
MOSCOW,TN,380
MOSCOW,TX,759
MOSCOW MILLS,MO,633
MOSELLE,MS,394
MOSES LAKE,WA,988
MOSHEIM,TN,378
MOSHERVILLE,MI,492
MOSIER,OR,970
MOSINEE,WI,544
MOSQUERO,NM,877
MOSS,TN,385
MOSS BEACH,CA,940
MOSS LANDING,CA,950
MOSS POINT,MS,395
MOSSVILLE,IL,615
MOSSYROCK,WA,985
MOTLEY,MN,564
MOTT,ND,586
MOULTON,AL,356
MOULTON,TX,779
MOULTONBOROUGH,NH,032
MOULTRIE,GA,317
MOUND,MN,553
MOUND,TX,765
MOUND BAYOU,MS,387
MOUND CITY,KS,660
MOUND CITY,MO,644
MOUND VALLEY,KS,673
MOUNDRIDGE,KS,671
MOUNDS,OK,740
MOUNDSVILLE,WV,260
MOUNDVILLE,AL,354
MOUNT AETNA,PA,195
MOUNT AIRY,MD,217
MOUNT AIRY,NC,270
MOUNT ANGEL,OR,973
MOUNT ARLINGTON,NJ,078
MOUNT AUBURN,IA,523
MOUNT AUBURN,IL,625
MOUNT AUKUM,CA,956
MOUNT AYR,IA,508
MOUNT AYR,IN,479
MOUNT BETHEL,PA,183
MOUNT BLANCHARD,OH,458
MOUNT BRADDOCK,PA,154
MOUNT CALM,TX,766
MOUNT CALVARY,WI,530
MOUNT CARBON,WV,250
MOUNT CARMEL,IL,628
MOUNT CARMEL,PA,178
MOUNT CARMEL,SC,298
MOUNT CARROLL,IL,610
MOUNT CLEMENS,MI,480
MOUNT DESERT,ME,046
MOUNT DORA,FL,327
MOUNT EATON,OH,446
MOUNT ENTERPRISE,TX,756
MOUNT ERIE,IL,624
MOUNT FREEDOM,NJ,079
MOUNT GAY,WV,256
MOUNT GILEAD,NC,273
MOUNT GILEAD,OH,433
MOUNT GRETNA,PA,170
MOUNT HERMON,CA,950
MOUNT HERMON,LA,704
MOUNT HOLLY,AR,717
MOUNT HOLLY,NC,281
MOUNT HOLLY,NJ,080
MOUNT HOLLY,VA,225
MOUNT HOLLY,VT,057
MOUNT HOPE,AL,356
MOUNT HOPE,KS,671
MOUNT HOPE,WI,538
MOUNT HOREB,WI,535
MOUNT IDA,AR,719
MOUNT JACKSON,VA,228
MOUNT JEWETT,PA,167
MOUNT JOY,PA,175
MOUNT JULIET,TN,371
MOUNT KISCO,NY,105
MOUNT LAGUNA,CA,919
MOUNT LAUREL,NJ,080
MOUNT LEMMON,AZ,856
MOUNT LIBERTY,OH,430
MOUNT LOOKOUT,WV,266
MOUNT MARION,NY,124
MOUNT MORRIS,IL,610
MOUNT MORRIS,MI,484
MOUNT MORRIS,NY,145
MOUNT MORRIS,PA,153
MOUNT NEBO,WV,266
MOUNT OLIVE,IL,620
MOUNT OLIVE,MS,391
MOUNT OLIVE,NC,283
MOUNT OLIVET,KY,410
MOUNT ORAB,OH,451
MOUNT PLEASANT,AR,725
MOUNT PLEASANT,IA,526
MOUNT PLEASANT,MI,488
MOUNT PLEASANT,NC,281
MOUNT PLEASANT,OH,439
MOUNT PLEASANT,PA,156
MOUNT PLEASANT,SC,294
MOUNT PLEASANT,TN,384
MOUNT PLEASANT,TX,754
MOUNT PLEASANT,UT,846
MOUNT PLEASANT MILLS,PA,178
MOUNT POCONO,PA,183
MOUNT PROSPECT,IL,600
MOUNT PULASKI,IL,625
MOUNT SAINT FRANCIS,IN,471
MOUNT SHASTA,CA,960
MOUNT SIDNEY,VA,244
MOUNT SINAI,NY,117
MOUNT STERLING,IL,623
MOUNT STERLING,KY,403
MOUNT STERLING,OH,431
MOUNT STERLING,WI,546
MOUNT STORM,WV,267
MOUNT SUMMIT,IN,473
MOUNT TABOR,NJ,078
MOUNT TREMPER,NY,124
MOUNT UNION,IA,526
MOUNT UNION,PA,170
MOUNT UPTON,NY,138
MOUNT VERNON,AL,365
MOUNT VERNON,AR,721
MOUNT VERNON,GA,304
MOUNT VERNON,IA,523
MOUNT VERNON,IL,628
MOUNT VERNON,IN,476
MOUNT VERNON,KY,404
MOUNT VERNON,ME,043
MOUNT VERNON,MO,657
MOUNT VERNON,NY,105
MOUNT VERNON,OH,430
MOUNT VERNON,OR,978
MOUNT VERNON,SD,573
MOUNT VERNON,TX,754
MOUNT VERNON,VA,221
MOUNT VERNON,WA,982
MOUNT VICTORIA,MD,206
MOUNT WASHINGTON,KY,400
MOUNT WOLF,PA,173
MOUNT ZION,GA,301
MOUNTAIN,ND,582
MOUNTAIN,WI,541
MOUNTAIN CENTER,CA,925
MOUNTAIN CITY,NV,898
MOUNTAIN CITY,TN,376
MOUNTAIN DALE,NY,127
MOUNTAIN GROVE,MO,656
MOUNTAIN HOME,AR,726
MOUNTAIN HOME,ID,836
MOUNTAIN HOME,NC,287
MOUNTAIN HOME,TN,376
MOUNTAIN HOME,TX,780
MOUNTAIN IRON,MN,557
MOUNTAIN LAKE,MN,561
MOUNTAIN LAKES,NJ,070
MOUNTAIN MESA,CA,932
MOUNTAIN PARK,OK,735
MOUNTAIN PINE,AR,719
MOUNTAIN RANCH,CA,952
MOUNTAIN REST,SC,296
MOUNTAIN TOP,PA,187
MOUNTAIN VIEW,AR,725
MOUNTAIN VIEW,CA,940
MOUNTAIN VIEW,HI,967
MOUNTAIN VIEW,MO,655
MOUNTAIN VIEW,OK,730
MOUNTAIN VIEW,WY,829
MOUNTAIN VILLAGE,AK,996
MOUNTAINAIR,NM,870
MOUNTAINBURG,AR,729
MOUNTAINHOME,PA,183
MOUNTAINSIDE,NJ,070
MOUNTAINVILLE,NY,109
MOUNTVILLE,PA,175
MOUNTVILLE,SC,293
MOUTH OF WILSON,VA,243
MOUTHCARD,KY,415
MOVILLE,IA,510
MOWEAQUA,IL,625
MOWRYSTOWN,OH,451
MOXAHALA,OH,437
MOXEE,WA,989
MOYERS,OK,745
MOYIE SPRINGS,ID,838
MOYOCK,NC,279
MOZELLE,KY,408
MT BALDY,CA,917
MT ZION,IL,625
MUDDY,IL,629
MUENSTER,TX,762
MUKWONAGO,WI,531
MULBERRY,AR,729
MULBERRY,FL,338
MULBERRY,TN,373
MULBERRY GROVE,IL,622
MULDROW,OK,749
MULE CREEK,NM,880
MULESHOE,TX,793
MULGA,AL,351
MULHALL,OK,730
MULINO,OR,970
MULLAN,ID,838
MULLEN,NE,691
MULLENS,WV,258
MULLETT LAKE,MI,497
MULLICA HILL,NJ,080
MULLIN,TX,768
MULLINS,SC,295
MULLINVILLE,KS,671
MUMFORD,NY,144
MUNCIE,IN,473
MUNCY,PA,177
MUNCY VALLEY,PA,177
MUNDAY,TX,763
MUNDELEIN,IL,600
MUNDS PARK,AZ,860
MUNFORD,TN,380
MUNFORDVILLE,KY,427
MUNGER,MI,487
MUNICH,ND,583
MUNISING,MI,498
MUNNSVILLE,NY,134
MUNROE FALLS,OH,442
MUNSTER,IN,463
MURCHISON,TX,757
MURDO,SD,575
MURDOCK,MN,562
MURDOCK,NE,684
MURFREESBORO,AR,719
MURFREESBORO,NC,278
MURFREESBORO,TN,371
MURPHY,NC,289
MURPHY,OR,975
MURPHYS,CA,952
MURRAY,IA,501
MURRAY,KY,420
MURRAY,NE,684
MURRAYVILLE,GA,305
MURRAYVILLE,IL,626
MURRELLS INLET,SC,295
MURRIETA,CA,925
MURRYSVILLE,PA,156
MURTAUGH,ID,833
MUSCADINE,AL,362
MUSCATINE,IA,527
MUSCLE SHOALS,AL,356
MUSCODA,WI,535
MUSCOTAH,KS,660
MUSE,OK,749
MUSE,PA,153
MUSELLA,GA,310
MUSKEGO,WI,531
MUSKEGON,MI,494
MUSKOGEE,OK,744
MUSSELSHELL,MT,590
MUSTANG,OK,730
MUTUAL,OK,738
MYAKKA CITY,FL,342
MYERS FLAT,CA,955
MYERSTOWN,PA,170
MYERSVILLE,MD,217
MYRTLE,MO,657
MYRTLE,MS,386
MYRTLE BEACH,SC,295
MYRTLE CREEK,OR,974
MYRTLE POINT,OR,974
MYRTLEWOOD,AL,367
MYSTIC,CT,063
MYSTIC,GA,317
MYTON,UT,840
NAALEHU,HI,967
NACHES,WA,989
NACHUSA,IL,610
NACO,AZ,856
NACOGDOCHES,TX,759
NADA,TX,774
NADEAU,MI,498
NAGEEZI,NM,870
NAGS HEAD,NC,279
NAGUABO,PR,007
NAHUNTA,GA,315
NAKINA,NC,284
NAKNEK,AK,996
NALCREST,FL,338
NALLEN,WV,266
NAMPA,ID,836
NANAFALIA,AL,367
NANCY,KY,425
NANJEMOY,MD,206
NANKIN,OH,448
NANTICOKE,MD,218
NANTICOKE,PA,186
NANTUCKET,MA,025
NANTY GLO,PA,159
NANUET,NY,109
NAOMA,WV,250
NAPA,CA,945
NAPAKIAK,AK,996
NAPAVINE,WA,985
NAPER,NE,687
NAPERVILLE,IL,605
NAPLES,FL,341
NAPLES,ID,838
NAPLES,ME,040
NAPLES,NC,287
NAPLES,NY,145
NAPLES,TX,755
NAPOLEON,IN,470
NAPOLEON,MI,492
NAPOLEON,MO,640
NAPOLEON,ND,585
NAPOLEON,OH,435
NAPOLEONVILLE,LA,703
NAPPANEE,IN,465
NARA VISA,NM,884
NARANJITO,PR,007
NARBERTH,PA,190
NARRAGANSETT,RI,028
NARROWS,VA,241
NARROWSBURG,NY,127
NARUNA,VA,245
NARVON,PA,175
NASELLE,WA,986
NASH,OK,737
NASH,TX,755
NASHOBA,OK,745
NASHPORT,OH,438
NASHUA,IA,506
NASHUA,MT,592
NASHUA,NH,030
NASHVILLE,AR,718
NASHVILLE,GA,316
NASHVILLE,IL,622
NASHVILLE,IN,474
NASHVILLE,KS,671
NASHVILLE,MI,490
NASHVILLE,NC,278
NASHVILLE,OH,446
NASHVILLE,TN,372
NASHWAUK,MN,557
NASSAU,DE,199
NASSAU,NY,121
NASSAWADOX,VA,233
NATALBANY,LA,704
NATCHEZ,LA,714
NATCHEZ,MS,391
NATCHITOCHES,LA,714
NATHALIE,VA,245
NATHROP,CO,812
NATIONAL CITY,CA,919
NATIONAL CITY,MI,487
NATOMA,KS,676
NATRONA HEIGHTS,PA,150
NATURAL BRIDGE,AL,355
NATURAL BRIDGE,NY,136
NATURAL BRIDGE,VA,245
NATURAL BRIDGE STATION,VA,245
NATURAL DAM,AR,729
NATURITA,CO,814
NAUBINWAY,MI,497
NAUGATUCK,CT,067
NAUGATUCK,WV,256
NAUVOO,AL,355
NAUVOO,IL,623
NAVAJO,NM,873
NAVAJO DAM,NM,874
NAVAJO MOUNTAIN,UT,860
NAVAL AIR STATION JRB,TX,761
NAVAL AMPHIBIOUS,VA,235
NAVAL RESEARCH L,DC,203
NAVARRE,FL,325
NAVARRE,OH,446
NAVASOTA,TX,778
NAVESINK,NJ,077
NAYLOR,GA,316
NAYLOR,MO,639
NAYTAHWAUSH,MN,565
NAZARETH,KY,400
NAZARETH,PA,180
NAZLINI,AZ,865
NEAH BAY,WA,983
NEAL,KS,668
NEAPOLIS,OH,435
NEBO,IL,623
NEBO,NC,287
NEBRASKA CITY,NE,684
NECEDAH,WI,546
NECHE,ND,582
NECHES,TX,757
NEDERLAND,CO,804
NEDERLAND,TX,776
NEEDHAM,MA,024
NEEDLES,CA,923
NEEDMORE,PA,172
NEEDVILLE,TX,774
NEELYVILLE,MO,639
NEENAH,WI,549
NEESES,SC,291
NEFFS,OH,439
NEFFS,PA,180
NEGREET,LA,714
NEHALEM,OR,971
NEHAWKA,NE,684
NEIHART,MT,594
NEILLSVILLE,WI,544
NEILTON,WA,985
NEKOOSA,WI,544
NELIGH,NE,687
NELLIS,WV,250
NELLIS AFB,NV,891
NELLISTON,NY,134
NELLYSFORD,VA,229
NELSON,CA,959
NELSON,GA,301
NELSON,MN,563
NELSON,NE,689
NELSON,PA,169
NELSON,VA,245
NELSON,WI,547
NELSONIA,VA,234
NELSONVILLE,OH,457
NELSONVILLE,WI,544
NEMACOLIN,PA,153
NEMAHA,IA,505
NEMO,SD,577
NEMO,TX,760
NEMOURS,WV,247
NENANA,AK,997
NEODESHA,KS,667
NEOGA,IL,624
NEOLA,IA,515
NEOLA,UT,840
NEON,KY,418
NEOSHO,MO,648
NEOSHO,WI,530
NEOSHO FALLS,KS,667
NEPHI,UT,846
NEPONSET,IL,613
NEPTUNE,NJ,077
NERSTRAND,MN,550
NESBIT,MS,386
NESCONSET,NY,117
NESCOPECK,PA,186
NESMITH,SC,295
NESPELEM,WA,991
NESQUEHONING,PA,182
NESS CITY,KS,675
NETAWAKA,KS,665
NETCONG,NJ,078
NETTIE,WV,266
NETTLETON,MS,388
NEVADA,IA,502
NEVADA,MO,647
NEVADA,TX,751
NEVADA CITY,CA,959
NEVERSINK,NY,127
NEVILLE,OH,451
NEVIS,MN,564
NEW ALBANY,IN,471
NEW ALBANY,KS,667
NEW ALBANY,MS,386
NEW ALBANY,OH,430
NEW ALBANY,PA,188
NEW ALBIN,IA,521
NEW ALEXANDRIA,PA,156
NEW ATHENS,IL,622
NEW ATHENS,OH,439
NEW AUBURN,MN,553
NEW AUBURN,WI,547
NEW AUGUSTA,MS,394
NEW BADEN,IL,622
NEW BADEN,TX,778
NEW BALTIMORE,MI,480
NEW BALTIMORE,NY,121
NEW BALTIMORE,PA,155
NEW BAVARIA,OH,435
NEW BEDFORD,IL,613
NEW BEDFORD,MA,027
NEW BEDFORD,PA,161
NEW BERLIN,IL,626
NEW BERLIN,NY,134
NEW BERLIN,PA,178
NEW BERLIN,WI,531
NEW BERLINVILLE,PA,195
NEW BERN,NC,285
NEW BETHLEHEM,PA,162
NEW BLAINE,AR,728
NEW BLOOMFIELD,PA,170
NEW BOSTON,MI,481
NEW BOSTON,NH,030
NEW BOSTON,TX,755
NEW BRAINTREE,MA,015
NEW BRAUNFELS,TX,781
NEW BREMEN,OH,458
NEW BRIGHTON,PA,150
NEW BRITAIN,CT,060
NEW BROCKTON,AL,363
NEW BRUNSWICK,NJ,089
NEW BUFFALO,MI,491
NEW BUFFALO,PA,170
NEW BURNSIDE,IL,629
NEW CAMBRIA,KS,674
NEW CAMBRIA,MO,635
NEW CANEY,TX,773
NEW CANTON,IL,623
NEW CANTON,VA,231
NEW CARLISLE,IN,465
NEW CARLISLE,OH,453
NEW CASTLE,AL,351
NEW CASTLE,CO,816
NEW CASTLE,IN,473
NEW CASTLE,NH,038
NEW CASTLE,PA,160
NEW CASTLE,VA,241
NEW CHURCH,VA,234
NEW CITY,NY,109
NEW CONCORD,OH,437
NEW CREEK,WV,267
NEW CUMBERLAND,PA,170
NEW CUMBERLAND,WV,260
NEW CUYAMA,CA,932
NEW DEAL,TX,793
NEW DOUGLAS,IL,620
NEW DURHAM,NH,038
NEW EDINBURG,AR,716
NEW EFFINGTON,SD,572
NEW EGYPT,NJ,085
NEW ELLENTON,SC,298
NEW ENGLAND,ND,586
NEW ENTERPRISE,PA,166
NEW ERA,MI,494
NEW FAIRFIELD,CT,068
NEW FLORENCE,PA,159
NEW FRANKEN,WI,542
NEW FRANKLIN,MO,652
NEW FREEDOM,PA,173
NEW FREEPORT,PA,153
NEW GLARUS,WI,535
NEW GLOUCESTER,ME,042
NEW GOSHEN,IN,478
NEW GRETNA,NJ,082
NEW HAMPSHIRE,OH,458
NEW HAMPTON,IA,506
NEW HAMPTON,NH,032
NEW HAMPTON,NY,109
NEW HARBOR,ME,045
NEW HARMONY,IN,476
NEW HARTFORD,CT,060
NEW HARTFORD,NY,134
NEW HAVEN,CT,065
NEW HAVEN,IL,628
NEW HAVEN,IN,467
NEW HAVEN,KY,400
NEW HAVEN,MI,480
NEW HAVEN,MO,630
NEW HAVEN,NY,131
NEW HAVEN,OH,448
NEW HAVEN,VT,054
NEW HAVEN,WV,252
NEW HILL,NC,275
NEW HOLLAND,IL,626
NEW HOLLAND,OH,431
NEW HOLLAND,PA,175
NEW HOLSTEIN,WI,530
NEW HOME,TX,793
NEW HOPE,AL,357
NEW HOPE,PA,189
NEW HOPE,VA,244
NEW HUDSON,MI,481
NEW HYDE PARK,NY,110
NEW IBERIA,LA,705
NEW IPSWICH,NH,030
NEW JOHNSONVILLE,TN,371
NEW KENSINGTON,PA,150
NEW KENT,VA,231
NEW KINGSTON,NY,124
NEW KINGSTOWN,PA,170
NEW KNOXVILLE,OH,458
NEW LAGUNA,NM,870
NEW LEBANON,NY,121
NEW LEBANON,OH,453
NEW LEIPZIG,ND,585
NEW LENOX,IL,604
NEW LEXINGTON,OH,437
NEW LIBERTY,IA,527
NEW LIBERTY,KY,403
NEW LISBON,IN,473
NEW LISBON,NJ,080
NEW LISBON,WI,539
NEW LLANO,LA,714
NEW LONDON,CT,063
NEW LONDON,MN,562
NEW LONDON,MO,634
NEW LONDON,NC,281
NEW LONDON,NH,032
NEW LONDON,OH,448
NEW LONDON,TX,756
NEW LONDON,WI,549
NEW LOTHROP,MI,484
NEW MADISON,OH,453
NEW MADRID,MO,638
NEW MANCHESTER,WV,260
NEW MARKET,AL,357
NEW MARKET,IA,516
NEW MARKET,IN,479
NEW MARKET,MD,217
NEW MARKET,TN,378
NEW MARKET,VA,228
NEW MARTINSVILLE,WV,261
NEW MATAMORAS,OH,457
NEW MEADOWS,ID,836
NEW MELLE,MO,633
NEW MEMPHIS,IL,622
NEW MIDDLETOWN,IN,471
NEW MIDDLETOWN,OH,444
NEW MIDWAY,MD,217
NEW MILFORD,CT,067
NEW MILFORD,NY,109
NEW MILFORD,PA,188
NEW MILLPORT,PA,168
NEW MUNICH,MN,563
NEW MUNSTER,WI,531
NEW ORLEANS,LA,701
NEW OXFORD,PA,173
NEW PALESTINE,IN,461
NEW PALTZ,NY,125
NEW PARIS,IN,465
NEW PARIS,OH,453
NEW PARIS,PA,155
NEW PARK,PA,173
NEW PHILADELPHIA,OH,446
NEW PHILADELPHIA,PA,179
NEW PINE CREEK,OR,976
NEW PLYMOUTH,ID,836
NEW POINT,IN,472
NEW PORT RICHEY,FL,346
NEW PORTLAND,ME,049
NEW PRAGUE,MN,560
NEW PRESTON MARBLE DALE,CT,067
NEW PROVIDENCE,IA,502
NEW PROVIDENCE,NJ,079
NEW PROVIDENCE,PA,175
NEW RAYMER,CO,807
NEW RICHLAND,MN,560
NEW RICHMOND,IN,479
NEW RICHMOND,OH,451
NEW RICHMOND,WI,540
NEW RICHMOND,WV,248
NEW RIEGEL,OH,448
NEW RINGGOLD,PA,179
NEW RIVER,VA,241
NEW ROADS,LA,707
NEW ROCHELLE,NY,108
NEW ROCKFORD,ND,583
NEW ROSS,IN,479
NEW RUSSIA,NY,129
NEW SALEM,MA,013
NEW SALEM,ND,585
NEW SALEM,PA,154
NEW SALISBURY,IN,471
NEW SARPY,LA,700
NEW SHARON,IA,502
NEW SHARON,ME,049
NEW SMYRNA BEACH,FL,321
NEW SPRINGFIELD,OH,444
NEW STANTON,PA,156
NEW STUYAHOK,AK,996
NEW SUFFOLK,NY,119
NEW SUMMERFIELD,TX,757
NEW SWEDEN,ME,047
NEW TAZEWELL,TN,377
NEW TOWN,ND,587
NEW TROY,MI,491
NEW ULM,MN,560
NEW ULM,TX,789
NEW UNDERWOOD,SD,577
NEW VERNON,NJ,079
NEW VIENNA,IA,520
NEW VIENNA,OH,451
NEW VINEYARD,ME,049
NEW VIRGINIA,IA,502
NEW WATERFORD,OH,444
NEW WAVERLY,TX,773
NEW WILMINGTON,PA,161
NEW WINDSOR,IL,614
NEW WINDSOR,MD,217
NEW WINDSOR,NY,125
NEW WOODSTOCK,NY,131
NEW YORK,NY,100
NEW YORK MILLS,MN,565
NEW YORK MILLS,NY,134
NEW ZION,SC,291
NEWALLA,OK,748
NEWARK,AR,725
NEWARK,CA,945
NEWARK,DE,197
NEWARK,IL,605
NEWARK,MD,218
NEWARK,NJ,071
NEWARK,NY,145
NEWARK,OH,430
NEWARK,TX,760
NEWARK VALLEY,NY,138
NEWAYGO,MI,493
NEWBERG,OR,971
NEWBERN,AL,367
NEWBERN,TN,380
NEWBERN,VA,241
NEWBERRY,IN,474
NEWBERRY,MI,498
NEWBERRY,SC,291
NEWBERRY SPRINGS,CA,923
NEWBURG,MD,206
NEWBURG,MO,655
NEWBURG,ND,587
NEWBURG,PA,172
NEWBURG,WI,530
NEWBURG,WV,263
NEWBURGH,IN,476
NEWBURGH,NY,125
NEWBURY,NH,032
NEWBURY,VT,050
NEWBURY PARK,CA,913
NEWBURYPORT,MA,019
NEWCASTLE,CA,956
NEWCASTLE,ME,045
NEWCASTLE,NE,687
NEWCASTLE,OK,730
NEWCASTLE,TX,763
NEWCASTLE,UT,847
NEWCASTLE,WY,827
NEWCOMB,MD,216
NEWCOMB,NM,874
NEWCOMB,NY,128
NEWCOMERSTOWN,OH,438
NEWDALE,ID,834
NEWELL,AL,362
NEWELL,IA,505
NEWELL,NC,281
NEWELL,PA,154
NEWELL,SD,577
NEWELLTON,LA,713
NEWFANE,NY,140
NEWFANE,VT,053
NEWFIELD,ME,040
NEWFIELD,NJ,083
NEWFIELD,NY,148
NEWFIELDS,NH,038
NEWFOLDEN,MN,567
NEWFOUNDLAND,NJ,074
NEWFOUNDLAND,PA,184
NEWHALL,CA,913
NEWHALL,IA,523
NEWHALL,WV,248
NEWHEBRON,MS,391
NEWHOPE,AR,719
NEWINGTON,CT,061
NEWINGTON,GA,304
NEWINGTON,VA,221
NEWKIRK,NM,884
NEWKIRK,OK,746
NEWLAND,NC,286
NEWMAN,CA,953
NEWMAN,IL,619
NEWMAN GROVE,NE,687
NEWMAN LAKE,WA,990
NEWMANSTOWN,PA,170
NEWMARKET,NH,038
NEWNAN,GA,302
NEWPORT,AR,721
NEWPORT,IN,479
NEWPORT,KY,410
NEWPORT,ME,049
NEWPORT,MI,481
NEWPORT,NC,285
NEWPORT,NH,037
NEWPORT,NY,134
NEWPORT,OH,457
NEWPORT,OR,973
NEWPORT,PA,170
NEWPORT,RI,028
NEWPORT,TN,378
NEWPORT,VA,241
NEWPORT,VT,058
NEWPORT,WA,838
NEWPORT BEACH,CA,926
NEWPORT CENTER,VT,058
NEWPORT NEWS,VA,236
NEWRY,ME,042
NEWRY,PA,166
NEWRY,SC,296
NEWSOMS,VA,238
NEWTON,AL,363
NEWTON,GA,317
NEWTON,IA,502
NEWTON,IL,624
NEWTON,KS,671
NEWTON,MA,024
NEWTON,MS,393
NEWTON,NC,286
NEWTON,NH,038
NEWTON,NJ,078
NEWTON,TX,759
NEWTON,UT,843
NEWTON,WI,530
NEWTON,WV,252
NEWTON CENTER,MA,024
NEWTON FALLS,NY,136
NEWTON FALLS,OH,444
NEWTON GROVE,NC,283
NEWTON HAMILTON,PA,170
NEWTON HIGHLANDS,MA,024
NEWTON JUNCTION,NH,038
NEWTON LOWER FALLS,MA,024
NEWTONSVILLE,OH,451
NEWTONVILLE,MA,024
NEWTONVILLE,NJ,083
NEWTOWN,CT,064
NEWTOWN,IN,479
NEWTOWN,MO,646
NEWTOWN,PA,189
NEWTOWN,VA,231
NEWTOWN SQUARE,PA,190
NEWVILLE,PA,172
NEZPERCE,ID,835
NIAGARA,ND,582
NIAGARA,WI,541
NIAGARA FALLS,NY,143
NIAGARA UNIVERSITY,NY,141
NIANTIC,CT,063
NIANTIC,IL,625
NICASIO,CA,949
NICE,CA,954
NICEVILLE,FL,325
NICHOLASVILLE,KY,403
NICHOLLS,GA,315
NICHOLS,FL,338
NICHOLS,IA,527
NICHOLS,NY,137
NICHOLS,SC,295
NICHOLS,WI,541
NICHOLSON,MS,394
NICHOLSON,PA,184
NICHOLVILLE,NY,129
NICKELSVILLE,VA,242
NICKERSON,KS,675
NICKERSON,NE,680
NICKTOWN,PA,157
NICOLAUS,CA,956
NICOLLET,MN,560
NICOMA PARK,OK,730
NIGHTMUTE,AK,996
NIKISKI,AK,996
NIKOLAI,AK,996
NIKOLSKI,AK,996
NILAND,CA,922
NILES,IL,607
NILES,MI,491
NILES,OH,444
NILWOOD,IL,626
NINDE,VA,225
NINE MILE FALLS,WA,990
NINETY SIX,SC,296
NINEVEH,NY,138
NINEVEH,PA,153
NINILCHIK,AK,996
NINNEKAH,OK,730
NINOLE,HI,967
NIOBRARA,NE,687
NIOTA,IL,623
NIOTA,TN,378
NIPOMO,CA,934
NISSWA,MN,564
NISULA,MI,499
NITRO,WV,251
NITTA YUMA,MS,387
NIVERVILLE,NY,121
NIWOT,CO,805
NIXA,MO,657
NIXON,NV,894
NIXON,TX,781
NOATAK,AK,997
NOBLE,IL,628
NOBLE,LA,714
NOBLE,OK,730
NOBLEBORO,ME,045
NOBLESVILLE,IN,460
NOBLETON,FL,346
NOCATEE,FL,342
NOCONA,TX,762
NOEL,MO,648
NOGAL,NM,883
NOGALES,AZ,856
NOKESVILLE,VA,201
NOKOMIS,FL,342
NOKOMIS,IL,620
NOLAN,TX,795
NOLANVILLE,TX,765
NOLENSVILLE,TN,371
NONDALTON,AK,996
NOONAN,ND,587
NOORVIK,AK,997
NORA,IL,610
NORA,VA,242
NORA SPRINGS,IA,504
NORCATUR,KS,676
NORCO,CA,928
NORCO,LA,700
NORCROSS,GA,300
NORDHEIM,TX,781
NORDMAN,ID,838
NORFOLK,CT,060
NORFOLK,NE,687
NORFOLK,NY,136
NORFOLK,VA,233
NORFORK,AR,726
NORGE,VA,231
NORLINA,NC,275
NORMA,NJ,083
NORMAL,AL,357
NORMALVILLE,PA,154
NORMAN,AR,719
NORMAN,IN,472
NORMAN,NC,283
NORMAN,OK,730
NORMAN PARK,GA,317
NORMANDY,TN,373
NORMANDY BEACH,NJ,087
NORMANNA,TX,781
NORMANTOWN,WV,252
NORPHLET,AR,717
NORRIDGE,IL,607
NORRIDGEWOCK,ME,049
NORRIS,IL,615
NORRIS,MT,597
NORRIS,SD,575
NORRIS,TN,378
NORRIS CITY,IL,628
NORRISTOWN,GA,304
NORRISTOWN,PA,194
NORTH,SC,291
NORTH,VA,230
NORTH ADAMS,MA,012
NORTH ADAMS,MI,492
NORTH AMHERST,MA,010
NORTH APOLLO,PA,156
NORTH ATTLEBORO,MA,027
NORTH AUGUSTA,SC,298
NORTH AURORA,IL,605
NORTH BABYLON,NY,117
NORTH BALTIMORE,OH,458
NORTH BANGOR,NY,129
NORTH BAY,NY,131
NORTH BEACH,MD,207
NORTH BEND,NE,686
NORTH BEND,OH,450
NORTH BEND,OR,974
NORTH BEND,PA,177
NORTH BEND,WA,980
NORTH BENTON,OH,444
NORTH BERGEN,NJ,070
NORTH BERWICK,ME,039
NORTH BLENHEIM,NY,121
NORTH BLOOMFIELD,OH,444
NORTH BONNEVILLE,WA,986
NORTH BOSTON,NY,141
NORTH BRANCH,MI,484
NORTH BRANCH,MN,550
NORTH BRANCH,NY,127
NORTH BRANFORD,CT,064
NORTH BRIDGTON,ME,040
NORTH BROOKFIELD,MA,015
NORTH CANTON,CT,060
NORTH CARROLLTON,MS,389
NORTH CARVER,MA,023
NORTH CHARLESTON,SC,294
NORTH CHATHAM,MA,026
NORTH CHATHAM,NY,121
NORTH CHELMSFORD,MA,018
NORTH CHESTERFIELD,VA,232
NORTH CHICAGO,IL,600
NORTH CHILI,NY,145
NORTH CLARENDON,VT,057
NORTH COLLINS,NY,141
NORTH CONCORD,VT,058
NORTH CREEK,NY,128
NORTH DARTMOUTH,MA,027
NORTH DIGHTON,MA,027
NORTH EAST,MD,219
NORTH EAST,PA,164
NORTH EASTHAM,MA,026
NORTH EASTON,MA,023
NORTH ENGLISH,IA,523
NORTH EVANS,NY,141
NORTH FALMOUTH,MA,025
NORTH FORK,CA,936
NORTH FORK,ID,834
NORTH FORT MYERS,FL,339
NORTH FRANKLIN,CT,062
NORTH FREEDOM,WI,539
NORTH GEORGETOWN,OH,446
NORTH GRAFTON,MA,015
NORTH GRANVILLE,NY,128
NORTH GREECE,NY,145
NORTH GROSVENORDALE,CT,062
NORTH HAMPTON,NH,038
NORTH HAMPTON,OH,453
NORTH HARTLAND,VT,050
NORTH HATFIELD,MA,010
NORTH HAVEN,CT,064
NORTH HAVEN,ME,048
NORTH HAVERHILL,NH,037
NORTH HERO,VT,054
NORTH HIGHLANDS,CA,956
NORTH HILLS,CA,913
NORTH HOLLYWOOD,CA,916
NORTH HOOSICK,NY,121
NORTH HUDSON,NY,128
NORTH HYDE PARK,VT,056
NORTH JACKSON,OH,444
NORTH JAVA,NY,141
NORTH JUDSON,IN,463
NORTH KINGSTOWN,RI,028
NORTH KINGSVILLE,OH,440
NORTH LAKE,WI,530
NORTH LAKEWOOD,WA,982
NORTH LAS VEGAS,NV,890
NORTH LAWRENCE,NY,129
NORTH LAWRENCE,OH,446
NORTH LEWISBURG,OH,430
NORTH LIBERTY,IN,465
NORTH LIMA,OH,444
NORTH LITTLE ROCK,AR,721
NORTH LOUP,NE,688
NORTH MANCHESTER,IN,469
NORTH MARSHFIELD,MA,020
NORTH MATEWAN,WV,256
NORTH MIAMI,FL,331
NORTH MIAMI,OK,743
NORTH MIAMI BEACH,FL,331
NORTH MIDDLETOWN,KY,403
NORTH MONMOUTH,ME,042
NORTH MYRTLE BEACH,SC,295
NORTH NORWICH,NY,138
NORTH OLMSTED,OH,440
NORTH OXFORD,MA,015
NORTH PALM BEACH,FL,334
NORTH PALM SPRINGS,CA,922
NORTH PEMBROKE,MA,023
NORTH PITCHER,NY,131
NORTH PLATTE,NE,691
NORTH POLE,AK,997
NORTH POMFRET,VT,050
NORTH PORT,FL,342
NORTH POWDER,OR,978
NORTH POWNAL,VT,052
NORTH PRAIRIE,WI,531
NORTH PROVIDENCE,RI,029
NORTH READING,MA,018
NORTH RICHLAND HILLS,TX,761
NORTH RIDGEVILLE,OH,440
NORTH RIM,AZ,860
NORTH RIVER,NY,128
NORTH RIVERSIDE,IL,605
NORTH ROYALTON,OH,441
NORTH SALEM,IN,461
NORTH SALEM,NH,030
NORTH SALEM,NY,105
NORTH SAN JUAN,CA,959
NORTH SANDWICH,NH,032
NORTH SCITUATE,RI,028
NORTH SIOUX CITY,SD,570
NORTH SPRINGFIELD,VT,051
NORTH STAR,MI,488
NORTH STAR,OH,453
NORTH STONINGTON,CT,063
NORTH STRATFORD,NH,035
NORTH STREET,MI,480
NORTH SUTTON,NH,032
NORTH TAZEWELL,VA,246
NORTH THETFORD,VT,050
NORTH TONAWANDA,NY,141
NORTH TROY,VT,058
NORTH TRURO,MA,026
NORTH TURNER,ME,042
NORTH UXBRIDGE,MA,015
NORTH VASSALBORO,ME,049
NORTH VERNON,IN,472
NORTH VERSAILLES,PA,151
NORTH WALES,PA,194
NORTH WALPOLE,NH,036
NORTH WASHINGTON,PA,160
NORTH WATERBORO,ME,040
NORTH WATERFORD,ME,042
NORTH WEBSTER,IN,465
NORTH WILKESBORO,NC,286
NORTH WOODSTOCK,NH,032
NORTH ZULCH,TX,778
NORTHAMPTON,MA,010
NORTHAMPTON,PA,180
NORTHBOROUGH,MA,015
NORTHBRIDGE,MA,015
NORTHBROOK,IL,600
NORTHEAST HARBOR,ME,046
NORTHERN CAMBRIA,PA,157
NORTHFIELD,MA,013
NORTHFIELD,MN,550
NORTHFIELD,VT,056
NORTHFIELD FALLS,VT,056
NORTHFORD,CT,064
NORTHFORK,WV,248
NORTHGLENN,CO,802
NORTHOME,MN,566
NORTHPORT,AL,354
NORTHPORT,MI,496
NORTHPORT,NY,117
NORTHPORT,WA,991
NORTHUMBERLAND,PA,178
NORTHVALE,NJ,076
NORTHVILLE,MI,481
NORTHVILLE,NY,121
NORTHWAY,AK,997
NORTHWOOD,IA,504
NORTHWOOD,ND,582
NORTHWOOD,NH,032
NORTON,KS,676
NORTON,MA,027
NORTON,VA,242
NORTON,VT,059
NORTONVILLE,KS,660
NORTONVILLE,KY,424
NORVELL,MI,492
NORVELT,PA,156
NORWALK,CA,906
NORWALK,CT,068
NORWALK,IA,502
NORWALK,OH,448
NORWALK,WI,546
NORWAY,IA,523
NORWAY,ME,042
NORWELL,MA,020
NORWICH,CT,063
NORWICH,KS,671
NORWICH,NY,138
NORWICH,VT,050
NORWOOD,CO,814
NORWOOD,GA,308
NORWOOD,MA,020
NORWOOD,NC,281
NORWOOD,NJ,076
NORWOOD,NY,136
NORWOOD,PA,190
NORWOOD YOUNG AMERICA,MN,553
NOTASULGA,AL,368
NOTI,OR,974
NOTRE DAME,IN,465
NOTTAWA,MI,490
NOTTINGHAM,MD,211
NOTTINGHAM,NH,032
NOTTINGHAM,PA,193
NOTTOWAY,VA,239
NOTUS,ID,836
NOVATO,CA,949
NOVELTY,MO,634
NOVELTY,OH,440
NOVI,MI,483
NOVINGER,MO,635
NOWATA,OK,740
NOXAPATER,MS,393
NOXON,MT,598
NU MINE,PA,162
NUBIEBER,CA,960
NUCLA,CO,814
NUEVO,CA,925
NUIQSUT,AK,997
NULATO,AK,997
NUMIDIA,PA,178
NUNAM IQUA,AK,996
NUNAPITCHUK,AK,996
NUNDA,NY,145
NUNDA,SD,570
NUNEZ,GA,304
NUNN,CO,806
NUNNELLY,TN,371
NUREMBERG,PA,182
NURSERY,TX,779
NUTRIOSO,AZ,859
NUTTING LAKE,MA,018
NYACK,NY,109
NYSSA,OR,979
O BRIEN,FL,320
O FALLON,IL,622
O FALLON,MO,633
O KEAN,AR,724
O NEALS,CA,936
OACOMA,SD,573
OAK BLUFFS,MA,025
OAK BROOK,IL,605
OAK CITY,NC,278
OAK CITY,UT,846
OAK CREEK,CO,804
OAK CREEK,WI,531
OAK FOREST,IL,604
OAK GROVE,KY,422
OAK GROVE,LA,712
OAK GROVE,MO,640
OAK HALL,VA,234
OAK HARBOR,OH,434
OAK HARBOR,WA,982
OAK HILL,AL,367
OAK HILL,FL,327
OAK HILL,NY,124
OAK HILL,OH,456
OAK HILL,WV,259
OAK ISLAND,MN,567
OAK ISLAND,NC,284
OAK LAWN,IL,604
OAK PARK,IL,603
OAK PARK,MI,482
OAK RIDGE,LA,712
OAK RIDGE,MO,637
OAK RIDGE,NC,273
OAK RIDGE,NJ,074
OAK RIDGE,PA,162
OAK RIDGE,TN,378
OAK VALE,MS,396
OAK VIEW,CA,930
OAKBORO,NC,281
OAKDALE,CA,953
OAKDALE,CT,063
OAKDALE,IL,622
OAKDALE,LA,714
OAKDALE,NE,687
OAKDALE,NY,117
OAKDALE,PA,150
OAKDALE,TN,378
OAKDALE,WI,546
OAKES,ND,584
OAKESDALE,WA,991
OAKFIELD,GA,317
OAKFIELD,ME,047
OAKFIELD,NY,141
OAKFIELD,TN,383
OAKFIELD,WI,530
OAKFORD,IN,469
OAKHAM,MA,010
OAKHURST,CA,936
OAKHURST,NJ,077
OAKHURST,OK,740
OAKHURST,TX,773
OAKLAND,AR,726
OAKLAND,CA,946
OAKLAND,FL,347
OAKLAND,IA,515
OAKLAND,IL,619
OAKLAND,MD,215
OAKLAND,ME,049
OAKLAND,MN,560
OAKLAND,MS,389
OAKLAND,NE,680
OAKLAND,NJ,074
OAKLAND,OR,974
OAKLAND,RI,028
OAKLAND,TN,380
OAKLAND CITY,IN,476
OAKLAND GARDENS,NY,113
OAKLAND MILLS,PA,170
OAKLAND PARK,FL,333
OAKLEY,CA,945
OAKLEY,ID,833
OAKLEY,KS,677
OAKLEY,UT,840
OAKMAN,AL,355
OAKMAN,GA,307
OAKMONT,PA,151
OAKRIDGE,OR,974
OAKS,PA,194
OAKS CORNERS,NY,145
OAKTON,VA,221
OAKTOWN,IN,475
OAKVILLE,CT,067
OAKVILLE,IA,526
OAKVILLE,IN,473
OAKVILLE,WA,985
OAKWOOD,IL,618
OAKWOOD,OH,454
OAKWOOD,OK,736
OAKWOOD,TX,758
OAKWOOD,VA,246
OARK,AR,728
OASIS,UT,846
OATMAN,AZ,864
OBERLIN,KS,677
OBERLIN,LA,706
OBERLIN,OH,440
OBERNBURG,NY,127
OBION,TN,382
OBLONG,IL,624
OCALA,FL,344
OCATE,NM,877
OCCIDENTAL,CA,954
OCCOQUAN,VA,221
OCEAN BEACH,NY,117
OCEAN BLUFF,MA,020
OCEAN CITY,MD,218
OCEAN CITY,NJ,082
OCEAN GATE,NJ,087
OCEAN ISLE BEACH,NC,284
OCEAN PARK,ME,040
OCEAN PARK,WA,986
OCEAN SHORES,WA,985
OCEAN SPRINGS,MS,395
OCEAN VIEW,DE,199
OCEAN VIEW,HI,967
OCEAN VIEW,NJ,082
OCEANA,WV,248
OCEANO,CA,934
OCEANPORT,NJ,077
OCEANSIDE,CA,920
OCEANSIDE,NY,115
OCEANSIDE,OR,971
OCEANVILLE,NJ,082
OCEOLA,OH,448
OCHELATA,OK,740
OCHEYEDAN,IA,513
OCHLOCKNEE,GA,317
OCHOPEE,FL,341
OCILLA,GA,317
OCKLAWAHA,FL,321
OCOEE,FL,347
OCONEE,GA,310
OCONEE,IL,625
OCONOMOWOC,WI,530
OCONTO,NE,688
OCONTO,WI,541
OCONTO FALLS,WI,541
OCOTILLO,CA,922
OCRACOKE,NC,279
ODANAH,WI,548
ODD,WV,259
ODEBOLT,IA,514
ODELL,IL,604
ODELL,NE,684
ODELL,OR,970
ODEM,TX,783
ODEN,AR,719
ODEN,MI,497
ODENVILLE,AL,351
ODESSA,DE,197
ODESSA,FL,335
ODESSA,MN,562
ODESSA,MO,640
ODESSA,TX,797
ODESSA,WA,991
ODIN,IL,628
ODIN,MN,561
ODON,IN,475
ODONNELL,TX,793
ODUM,GA,315
OELRICHS,SD,577
OELWEIN,IA,506
OFFERMAN,GA,315
OFFUTT AFB,NE,681
OGALLALA,NE,691
OGDEN,IA,502
OGDEN,IL,618
OGDEN,KS,665
OGDEN,UT,844
OGDENSBURG,NY,136
OGDENSBURG,WI,549
OGEMA,MN,565
OGEMA,WI,544
OGILVIE,MN,563
OGLALA,SD,577
OGLESBY,IL,613
OGLESBY,TX,765
OGUNQUIT,ME,039
OHATCHEE,AL,362
OHIO,IL,613
OHIO CITY,OH,458
OHIOPYLE,PA,154
OHIOWA,NE,684
OHKAY OWINGEH,NM,875
OHLMAN,IL,620
OIL CITY,LA,710
OIL CITY,PA,163
OIL SPRINGS,KY,412
OIL TROUGH,AR,725
OILTON,OK,740
OILTON,TX,783
OJAI,CA,930
OJO CALIENTE,NM,875
OJO FELIZ,NM,877
OKABENA,MN,561
OKANOGAN,WA,988
OKARCHE,OK,737
OKATIE,SC,299
OKAWVILLE,IL,622
OKAY,OK,744
OKEANA,OH,450
OKEECHOBEE,FL,349
OKEENE,OK,737
OKEMAH,OK,748
OKEMOS,MI,488
OKETO,KS,665
OKLAHOMA CITY,OK,731
OKLAUNION,TX,763
OKLEE,MN,567
OKMULGEE,OK,744
OKOBOJI,IA,513
OKOLONA,AR,719
OKOLONA,MS,388
OKREEK,SD,575
OKTAHA,OK,744
OLA,AR,728
OLA,ID,836
OLALLA,WA,983
OLANCHA,CA,935
OLANTA,PA,168
OLANTA,SC,291
OLATHE,KS,660
OLATON,KY,423
OLCOTT,NY,141
OLD APPLETON,MO,637
OLD BETHPAGE,NY,118
OLD BRIDGE,NJ,088
OLD CHATHAM,NY,121
OLD FIELDS,WV,268
OLD FORGE,NY,134
OLD FORT,NC,287
OLD FORT,OH,448
OLD FORT,TN,373
OLD GLORY,TX,795
OLD GREENWICH,CT,068
OLD HARBOR,AK,996
OLD HICKORY,TN,371
OLD LYME,CT,063
OLD MISSION,MI,496
OLD MONROE,MO,633
OLD MYSTIC,CT,063
OLD SAYBROOK,CT,064
OLD STATION,CA,960
OLD TOWN,FL,326
OLD TOWN,ME,044
OLD WASHINGTON,OH,437
OLD WESTBURY,NY,115
OLD ZIONSVILLE,PA,180
OLDEN,TX,764
OLDFIELD,MO,657
OLDHAM,SD,570
OLDHAMS,VA,225
OLDS,IA,526
OLDSMAR,FL,346
OLDTOWN,MD,215
OLDWICK,NJ,088
OLEAN,NY,147
OLEY,PA,195
OLIN,IA,523
OLIVE BRANCH,MS,386
OLIVE HILL,KY,411
OLIVEHURST,CA,959
OLIVER,GA,304
OLIVER,PA,154
OLIVER SPRINGS,TN,378
OLIVET,MI,490
OLIVIA,MN,562
OLIVIA,NC,283
OLLA,LA,714
OLLIE,IA,525
OLMITZ,KS,675
OLMSTED,IL,629
OLMSTED FALLS,OH,441
OLMSTEDVILLE,NY,128
OLNEY,IL,624
OLNEY,MD,208
OLNEY,MO,633
OLNEY,MT,599
OLNEY,TX,763
OLSBURG,KS,665
OLTON,TX,790
OLUSTEE,FL,320
OLYMPIA,KY,403
OLYMPIA,WA,985
OLYMPIC VALLEY,CA,961
OLYPHANT,PA,184
OMAHA,AR,726
OMAHA,GA,318
OMAHA,IL,628
OMAHA,NE,515
OMAHA,TX,755
OMAK,WA,988
OMAR,WV,256
OMEGA,GA,317
OMENA,MI,496
OMER,MI,487
OMRO,WI,549
ONA,FL,338
ONAGA,KS,665
ONAKA,SD,574
ONALASKA,TX,773
ONALASKA,WA,985
ONAMIA,MN,563
ONANCOCK,VA,234
ONARGA,IL,609
ONAWA,IA,510
ONAWAY,MI,497
ONECO,CT,063
ONECO,FL,342
ONEGO,WV,268
ONEIDA,AR,723
ONEIDA,IL,614
ONEIDA,KY,409
ONEIDA,NY,134
ONEIDA,PA,182
ONEIDA,TN,378
ONEIDA,WI,541
ONEILL,NE,687
ONEONTA,AL,351
ONEONTA,NY,138
ONIA,AR,726
ONIDA,SD,575
ONLEY,VA,234
ONONDAGA,MI,492
ONSET,MA,025
ONSTED,MI,492
ONTARIO,CA,917
ONTARIO,NY,145
ONTARIO,OH,448
ONTARIO,OR,979
ONTARIO,WI,546
ONTARIO CENTER,NY,145
ONTONAGON,MI,499
ONYX,CA,932
OOLOGAH,OK,740
OOLTEWAH,TN,373
OOSTBURG,WI,530
OPA LOCKA,FL,330
OPAL,SD,577
OPAL,WY,831
OPELIKA,AL,368
OPELOUSAS,LA,705
OPHEIM,MT,592
OPHELIA,VA,225
OPHIR,CO,814
OPHIR,OR,974
OPOLIS,KS,667
OPP,AL,364
OQUAWKA,IL,614
OQUOSSOC,ME,049
ORACLE,AZ,856
ORADELL,NJ,076
ORANGE,CA,928
ORANGE,MA,013
ORANGE,NJ,070
ORANGE,TX,776
ORANGE,VA,229
ORANGE BEACH,AL,365
ORANGE CITY,FL,327
ORANGE CITY,IA,510
ORANGE COVE,CA,936
ORANGE GROVE,TX,783
ORANGE LAKE,FL,326
ORANGE PARK,FL,320
ORANGE SPRINGS,FL,321
ORANGEBURG,NY,109
ORANGEBURG,SC,291
ORANGEFIELD,TX,776
ORANGEVALE,CA,956
ORANGEVILLE,IL,610
ORANGEVILLE,OH,444
ORANGEVILLE,PA,178
ORANGEVILLE,UT,845
ORBISONIA,PA,172
ORCAS,WA,982
ORCHARD,CO,806
ORCHARD,IA,504
ORCHARD,NE,687
ORCHARD,TX,774
ORCHARD HILL,GA,302
ORCHARD PARK,NY,141
ORD,NE,688
ORDERVILLE,UT,847
ORDINARY,VA,231
ORDWAY,CO,810
ORE CITY,TX,756
OREANA,IL,625
OREFIELD,PA,180
OREGON,IL,610
OREGON,MO,644
OREGON,OH,436
OREGON,WI,535
OREGON CITY,OR,970
OREGON HOUSE,CA,959
OREM,UT,840
ORESTES,IN,460
ORFORD,NH,037
ORGAN,NM,880
ORGAS,WV,251
ORICK,CA,955
ORIENT,OH,431
ORIENT,SD,574
ORIENTAL,NC,285
ORINDA,CA,945
ORION,IL,612
ORISKA,ND,580
ORISKANY,NY,134
ORISKANY FALLS,NY,134
ORKNEY SPRINGS,VA,228
ORLA,TX,797
ORLAND,CA,959
ORLAND,IN,467
ORLAND,ME,044
ORLAND PARK,IL,604
ORLANDO,FL,328
ORLANDO,OK,730
ORLEAN,VA,201
ORLEANS,CA,955
ORLEANS,IN,474
ORLEANS,MA,026
ORLEANS,MI,488
ORLEANS,NE,689
ORLEANS,VT,058
ORMOND BEACH,FL,321
ORMSBY,MN,561
ORO GRANDE,CA,923
OROCOVIS,PR,007
OROFINO,ID,835
OROGRANDE,NM,883
ORONDO,WA,988
ORONO,ME,044
ORONOCO,MN,559
ORONOGO,MO,648
OROSI,CA,936
OROVADA,NV,894
OROVILLE,CA,959
OROVILLE,WA,988
ORR,MN,557
ORRICK,MO,640
ORRIN,ND,583
ORRS ISLAND,ME,040
ORRSTOWN,PA,172
ORRVILLE,AL,367
ORRVILLE,OH,446
ORTING,WA,983
ORTONVILLE,MI,484
ORTONVILLE,MN,562
ORWELL,NY,134
ORWELL,OH,440
ORWELL,VT,057
ORWIGSBURG,PA,179
OSAGE,IA,504
OSAGE,MN,565
OSAGE,WY,827
OSAGE BEACH,MO,650
OSAGE CITY,KS,665
OSAKIS,MN,563
OSAWATOMIE,KS,660
OSBORNE,KS,674
OSBURN,ID,838
OSCAR,OK,735
OSCEOLA,AR,723
OSCEOLA,IA,502
OSCEOLA,MO,647
OSCEOLA,NE,686
OSCEOLA,PA,169
OSCEOLA,WI,540
OSCEOLA MILLS,PA,166
OSCO,IL,612
OSCODA,MI,487
OSGOOD,IN,470
OSGOOD,OH,453
OSHKOSH,NE,691
OSHKOSH,WI,549
OSKALOOSA,IA,525
OSKALOOSA,KS,660
OSLO,MN,567
OSMOND,NE,687
OSNABROCK,ND,582
OSPREY,FL,342
OSSEO,MI,492
OSSEO,MN,555
OSSEO,WI,547
OSSIAN,IA,521
OSSIAN,IN,467
OSSINEKE,MI,497
OSSINING,NY,105
OSSIPEE,NH,038
OSTEEN,FL,327
OSTERBURG,PA,166
OSTERVILLE,MA,026
OSTRANDER,MN,559
OSTRANDER,OH,430
OSWEGO,IL,605
OSWEGO,KS,673
OSWEGO,NY,131
OSYKA,MS,396
OTHELLO,WA,993
OTIS,CO,807
OTIS,KS,675
OTIS,LA,714
OTIS,MA,012
OTIS ORCHARDS,WA,990
OTISVILLE,MI,484
OTISVILLE,NY,109
OTLEY,IA,502
OTSEGO,MI,490
OTTAWA,IL,613
OTTAWA,KS,660
OTTAWA,OH,458
OTTAWA,WV,251
OTTER,MT,590
OTTER CREEK,FL,326
OTTER LAKE,MI,484
OTTERTAIL,MN,565
OTTERVILLE,MO,653
OTTO,NC,287
OTTO,NY,147
OTTO,TX,766
OTTOVILLE,OH,458
OTTSVILLE,PA,189
OTTUMWA,IA,525
OTWAY,OH,456
OTWELL,IN,475
OURAY,CO,814
OUTING,MN,566
OUTLOOK,MT,592
OUTLOOK,WA,989
OUZINKIE,AK,996
OVALO,TX,795
OVANDO,MT,598
OVAPA,WV,251
OVERBROOK,KS,665
OVERBROOK,OK,734
OVERGAARD,AZ,859
OVERLAND PARK,KS,660
OVERPECK,OH,450
OVERTON,NE,688
OVERTON,NV,890
OVERTON,TX,756
OVETT,MS,394
OVID,MI,488
OVID,NY,145
OVIEDO,FL,327
OWASSO,OK,740
OWATONNA,MN,550
OWEGO,NY,138
OWEN,WI,544
OWENDALE,MI,487
OWENS CROSS ROADS,AL,357
OWENSBORO,KY,423
OWENSVILLE,IN,476
OWENSVILLE,MO,650
OWENTON,KY,403
OWINGS,MD,207
OWINGS MILLS,MD,211
OWINGSVILLE,KY,403
OWLS HEAD,ME,048
OWLS HEAD,NY,129
OWOSSO,MI,488
OWYHEE,NV,898
OXBOW,ME,047
OXBOW,OR,978
OXFORD,AL,362
OXFORD,AR,725
OXFORD,CT,064
OXFORD,FL,344
OXFORD,KS,671
OXFORD,MA,015
OXFORD,ME,042
OXFORD,MI,483
OXFORD,MS,386
OXFORD,NC,275
OXFORD,NE,689
OXFORD,NJ,078
OXFORD,NY,138
OXFORD,OH,450
OXFORD,PA,193
OXFORD JUNCTION,IA,523
OXNARD,CA,930
OXON HILL,MD,207
OYENS,IA,510
OYSTER BAY,NY,117
OYSTERVILLE,WA,986
OZARK,AL,363
OZARK,AR,729
OZARK,IL,629
OZARK,MO,656
OZAWKIE,KS,660
OZONA,FL,346
OZONA,TX,769
OZONE,AR,728
OZONE PARK,NY,114
PAAUILO,HI,967
PABLO,MT,598
PACE,MS,387
PACHUTA,MS,393
PACIFIC,MO,630
PACIFIC BEACH,WA,985
PACIFIC CITY,OR,971
PACIFIC GROVE,CA,939
PACIFIC PALISADES,CA,902
PACIFICA,CA,940
PACKWAUKEE,WI,539
PACKWOOD,IA,525
PACKWOOD,WA,983
PACOIMA,CA,913
PACOLET,SC,293
PACOLET MILLS,SC,293
PADEN,OK,748
PADEN CITY,WV,261
PADUCAH,KY,420
PADUCAH,TX,792
PAGE,AZ,860
PAGE,ND,580
PAGE,NE,687
PAGE,WV,251
PAGELAND,SC,297
PAGETON,WV,248
PAGO PAGO,AS,967
PAGOSA SPRINGS,CO,811
PAGUATE,NM,870
PAHALA,HI,967
PAHOA,HI,967
PAHOKEE,FL,334
PAHRUMP,NV,890
PAIA,HI,967
PAICINES,CA,950
PAIGE,TX,786
PAINCOURTVILLE,LA,703
PAINESDALE,MI,499
PAINT ROCK,AL,357
PAINT ROCK,TX,768
PAINTED POST,NY,148
PAINTER,VA,233
PAINTSVILLE,KY,412
PAISLEY,FL,327
PAISLEY,OR,976
PALA,CA,920
PALACIOS,TX,774
PALATINE,IL,600
PALATINE BRIDGE,NY,134
PALATKA,FL,321
PALCO,KS,676
PALENVILLE,NY,124
PALERMO,CA,959
PALERMO,ME,043
PALESTINE,AR,723
PALESTINE,IL,624
PALESTINE,OH,453
PALESTINE,TX,758
PALISADE,MN,564
PALISADE,NE,690
PALISADES,NY,109
PALISADES PARK,NJ,076
PALL MALL,TN,385
PALM BAY,FL,329
PALM BEACH GARDENS,FL,334
PALM CITY,FL,349
PALM COAST,FL,321
PALM DESERT,CA,922
PALM HARBOR,FL,346
PALM SPRINGS,CA,922
PALMDALE,CA,935
PALMER,AK,996
PALMER,IA,505
PALMER,IL,625
PALMER,KS,669
PALMER,MA,010
PALMER,MI,498
PALMER,NE,688
PALMER,PR,007
PALMER,TN,373
PALMER,TX,751
PALMERDALE,AL,351
PALMERSVILLE,TN,382
PALMERTON,PA,180
PALMETTO,FL,342
PALMETTO,GA,302
PALMETTO,LA,713
PALMYRA,IL,626
PALMYRA,IN,471
PALMYRA,ME,049
PALMYRA,MI,492
PALMYRA,MO,634
PALMYRA,NE,684
PALMYRA,NY,145
PALMYRA,PA,170
PALMYRA,VA,229
PALMYRA,WI,531
PALO,IA,523
PALO ALTO,CA,943
PALO CEDRO,CA,960
PALO PINTO,TX,764
PALO VERDE,AZ,853
PALO VERDE,CA,922
PALOMAR MOUNTAIN,CA,920
PALOS HEIGHTS,IL,604
PALOS PARK,IL,604
PALOS VERDES ESTATES,CA,902
PALOS VERDES PENINSULA,CA,902
PALOUSE,WA,991
PAMPA,TX,790
PAMPLICO,SC,295
PAMPLIN,VA,239
PANA,IL,625
PANACA,NV,890
PANACEA,FL,323
PANAMA,IL,620
PANAMA,NE,684
PANAMA,OK,749
PANAMA CITY,FL,324
PANAMA CITY BEACH,FL,324
PANDORA,OH,458
PANDORA,TX,781
PANGBURN,AR,721
PANGUITCH,UT,847
PANHANDLE,TX,790
PANNA MARIA,TX,781
PANOLA,AL,354
PANOLA,OK,745
PANOLA,TX,756
PANORA,IA,502
PANORAMA CITY,CA,914
PANTHER,WV,248
PANTHER BURN,MS,387
PAOLA,KS,660
PAOLI,IN,474
PAOLI,OK,730
PAOLI,PA,193
PAONIA,CO,814
PAPAALOA,HI,967
PAPAIKOU,HI,967
PAPILLION,NE,680
PAPINEAU,IL,609
PARACHUTE,CO,816
PARADIS,LA,700
PARADISE,CA,959
PARADISE,KS,676
PARADISE,MI,497
PARADISE,MT,598
PARADISE,PA,175
PARADISE,TX,760
PARADISE,UT,843
PARADISE VALLEY,NV,894
PARADOX,CO,814
PARAGON,IN,461
PARAGONAH,UT,847
PARAGOULD,AR,724
PARAMOUNT,CA,907
PARAMUS,NJ,076
PARDEEVILLE,WI,539
PARIS,AR,728
PARIS,ID,832
PARIS,IL,619
PARIS,KY,403
PARIS,ME,042
PARIS,MO,652
PARIS,TN,382
PARIS,TX,754
PARISH,NY,131
PARISHVILLE,NY,136
PARK CITY,MT,590
PARK CITY,UT,840
PARK FALLS,WI,545
PARK FOREST,IL,604
PARK HILL,OK,744
PARK HILLS,MO,636
PARK RAPIDS,MN,564
PARK RIDGE,IL,600
PARK RIDGE,NJ,076
PARK RIVER,ND,582
PARK VALLEY,UT,843
PARKDALE,AR,716
PARKER,AZ,853
PARKER,CO,801
PARKER,ID,834
PARKER,PA,160
PARKER,SD,570
PARKER,WA,989
PARKER CITY,IN,473
PARKER DAM,CA,922
PARKER FORD,PA,194
PARKERS LAKE,KY,426
PARKERS PRAIRIE,MN,563
PARKERSBURG,IA,506
PARKERSBURG,IL,624
PARKERSBURG,WV,261
PARKESBURG,PA,193
PARKIN,AR,723
PARKMAN,OH,440
PARKMAN,WY,828
PARKS,AR,729
PARKS,AZ,860
PARKSLEY,VA,234
PARKSTON,SD,573
PARKSVILLE,KY,404
PARKSVILLE,SC,298
PARKTON,MD,211
PARKVILLE,MD,212
PARKVILLE,MO,641
PARLIER,CA,936
PARLIN,CO,812
PARLIN,NJ,088
PARMA,ID,836
PARMELEE,SD,575
PARNELL,IA,523
PARON,AR,721
PAROWAN,UT,847
PARRIS ISLAND,SC,299
PARRISH,AL,355
PARRISH,FL,342
PARROTT,GA,317
PARROTT,VA,241
PARROTTSVILLE,TN,378
PARRYVILLE,PA,182
PARSHALL,CO,804
PARSHALL,ND,587
PARSIPPANY,NJ,070
PARSONS,KS,673
PARSONS,TN,383
PARSONS,WV,262
PARSONSBURG,MD,218
PARSONSFIELD,ME,040
PARTHENON,AR,726
PARTLOW,VA,225
PARTRIDGE,KY,408
PASADENA,CA,910
PASADENA,MD,211
PASADENA,TX,775
PASCAGOULA,MS,395
PASCO,WA,993
PASCOAG,RI,028
PASKENTA,CA,960
PASO ROBLES,CA,934
PASS CHRISTIAN,MS,395
PASSADUMKEAG,ME,044
PASSAIC,NJ,070
PASSUMPSIC,VT,058
PATAGONIA,AZ,856
PATASKALA,OH,430
PATCH GROVE,WI,538
PATCHOGUE,NY,117
PATEROS,WA,988
PATERSON,NJ,075
PATERSON,WA,993
PATHFORK,KY,408
PATILLAS,PR,007
PATOKA,IL,628
PATOKA,IN,476
PATON,IA,500
PATRICK,SC,295
PATRICK AIR FORCE BASE,FL,329
PATRICK SPRINGS,VA,241
PATRICKSBURG,IN,474
PATTEN,ME,047
PATTERSON,AR,721
PATTERSON,CA,953
PATTERSON,GA,315
PATTERSON,IL,620
PATTERSON,LA,703
PATTERSON,MO,639
PATTERSON,NC,286
PATTERSONVILLE,NY,121
PATTISON,MS,391
PATTISON,TX,774
PATTON,CA,923
PATTON,PA,166
PATTONSBURG,MO,646
PATTONVILLE,TX,754
PAUL,ID,833
PAUL SMITHS,NY,129
PAULDEN,AZ,863
PAULDING,MS,393
PAULDING,OH,458
PAULINA,LA,707
PAULINA,OR,977
PAULINE,SC,293
PAULLINA,IA,510
PAULS VALLEY,OK,730
PAUMA VALLEY,CA,920
PAUPACK,PA,184
PAVILION,NY,144
PAVILLION,WY,825
PAVO,GA,317
PAW CREEK,NC,281
PAW PAW,IL,613
PAW PAW,MI,490
PAW PAW,WV,254
PAWCATUCK,CT,063
PAWHUSKA,OK,740
PAWLET,VT,057
PAWLEYS ISLAND,SC,295
PAWLING,NY,125
PAWNEE,IL,625
PAWNEE,OK,740
PAWNEE,TX,781
PAWNEE CITY,NE,684
PAWTUCKET,RI,028
PAX,WV,259
PAXINOS,PA,178
PAXTON,IL,609
PAXTON,IN,478
PAXTON,MA,016
PAXTON,NE,691
PAXTONVILLE,PA,178
PAYETTE,ID,836
PAYNE,OH,458
PAYNES CREEK,CA,960
PAYNESVILLE,MN,563
PAYNESVILLE,WV,248
PAYSON,AZ,855
PAYSON,IL,623
PAYSON,UT,846
PE ELL,WA,985
PEA RIDGE,AR,727
PEABODY,KS,668
PEABODY,MA,019
PEACE VALLEY,MO,657
PEACH BOTTOM,PA,175
PEACH CREEK,WV,256
PEACH ORCHARD,AR,724
PEACH SPRINGS,AZ,864
PEACHAM,VT,058
PEACHLAND,NC,281
PEACHTREE CITY,GA,302
PEACHTREE CORNERS,GA,300
PEAK,SC,291
PEAKS ISLAND,ME,041
PEAPACK,NJ,079
PEARBLOSSOM,CA,935
PEARCE,AZ,856
PEARCY,AR,719
PEARISBURG,VA,241
PEARL,IL,623
PEARL,MS,392
PEARL CITY,HI,967
PEARL CITY,IL,610
PEARL RIVER,LA,704
PEARL RIVER,NY,109
PEARLAND,TX,775
PEARSALL,TX,780
PEARSON,GA,316
PEASTER,TX,764
PEBBLE BEACH,CA,939
PECAN GAP,TX,754
PECATONICA,IL,610
PECK,ID,835
PECK,KS,671
PECKS MILL,WV,255
PECONIC,NY,119
PECOS,NM,875
PECOS,TX,797
PECULIAR,MO,640
PEDRICKTOWN,NJ,080
PEDRO BAY,AK,996
PEEBLES,OH,456
PEEKSKILL,NY,105
PEEL,AR,726
PEERLESS,MT,592
PEETZ,CO,807
PEEVER,SD,572
PEGGS,OK,744
PEGRAM,TN,371
PEKIN,IL,615
PEKIN,IN,471
PEKIN,ND,583
PELAHATCHIE,MS,391
PELHAM,AL,351
PELHAM,GA,317
PELHAM,NC,273
PELHAM,NY,108
PELHAM,TN,373
PELICAN,AK,998
PELICAN,LA,710
PELICAN LAKE,WI,544
PELICAN RAPIDS,MN,565
PELION,SC,291
PELKIE,MI,499
PELL CITY,AL,351
PELL LAKE,WI,531
PELLA,IA,502
PELLSTON,MI,497
PELZER,SC,296
PEMBERTON,NJ,080
PEMBERVILLE,OH,434
PEMBINA,ND,582
PEMBINE,WI,541
PEMBROKE,GA,313
PEMBROKE,MA,023
PEMBROKE,ME,046
PEMBROKE,NC,283
PEMBROKE,NH,032
PEMBROKE,VA,241
PEMBROKE PINES,FL,330
PEN ARGYL,PA,180
PENA BLANCA,NM,870
PENASCO,NM,875
PENCIL BLUFF,AR,719
PENDER,NE,680
PENDERGRASS,GA,305
PENDLETON,IN,460
PENDLETON,KY,400
PENDLETON,NC,278
PENDLETON,OR,978
PENDLETON,SC,296
PENDLETON,TX,765
PENDROY,MT,594
PENELOPE,TX,766
PENFIELD,IL,618
PENFIELD,NY,145
PENFIELD,PA,158
PENGILLY,MN,557
PENHOOK,VA,241
PENINSULA,OH,442
PENLAND,NC,287
PENN RUN,PA,157
PENN VALLEY,CA,959
PENN YAN,NY,145
PENNELLVILLE,NY,131
PENNEY FARMS,FL,320
PENNGROVE,CA,949
PENNINGTON,AL,369
PENNINGTON,NJ,085
PENNINGTON,TX,758
PENNINGTON GAP,VA,242
PENNOCK,MN,562
PENNS CREEK,PA,178
PENNS GROVE,NJ,080
PENNS PARK,PA,189
PENNSBORO,WV,264
PENNSVILLE,NJ,080
PENNSYLVANIA FURNACE,PA,168
PENNVILLE,IN,473
PENOBSCOT,ME,044
PENROD,KY,423
PENROSE,CO,812
PENROSE,NC,287
PENRYN,CA,956
PENRYN,PA,175
PENSACOLA,FL,325
PENTRESS,WV,265
PENTWATER,MI,494
PENUELAS,PR,006
PENWELL,TX,797
PEORIA,AZ,853
PEORIA,IL,616
PEOSTA,IA,520
PEOTONE,IL,604
PEP,NM,881
PEPEEKEO,HI,967
PEPIN,WI,547
PEPPERELL,MA,014
PEQUABUCK,CT,067
PEQUANNOCK,NJ,074
PEQUOT LAKES,MN,564
PERALTA,NM,870
PERDIDO,AL,365
PERDUE HILL,AL,364
PERHAM,ME,047
PERHAM,MN,565
PERIDOT,AZ,855
PERKASIE,PA,189
PERKINS,GA,308
PERKINS,MI,498
PERKINS,MO,637
PERKINS,OK,740
PERKINS,WV,266
PERKINSTON,MS,395
PERKINSVILLE,NY,145
PERKINSVILLE,VT,051
PERKIOMENVILLE,PA,180
PERRIN,TX,764
PERRINTON,MI,488
PERRIS,CA,925
PERRY,AR,721
PERRY,FL,323
PERRY,GA,310
PERRY,IA,502
PERRY,IL,623
PERRY,KS,660
PERRY,LA,705
PERRY,ME,046
PERRY,MI,488
PERRY,MO,634
PERRY,NY,145
PERRY,OK,730
PERRY,SC,291
PERRY PARK,KY,403
PERRY POINT,MD,219
PERRYMAN,MD,211
PERRYOPOLIS,PA,154
PERRYSBURG,NY,141
PERRYSBURG,OH,435
PERRYSVILLE,IN,479
PERRYSVILLE,OH,448
PERRYTON,TX,790
PERRYVILLE,AK,996
PERRYVILLE,AR,721
PERRYVILLE,MD,219
PERRYVILLE,MO,637
PERSHING,IN,473
PERSIA,IA,515
PERTH AMBOY,NJ,088
PERU,IN,469
PERU,KS,673
PERU,ME,042
PERU,NE,684
PERU,NY,129
PERU,VT,051
PESCADERO,CA,940
PESHTIGO,WI,541
PESOTUM,IL,618
PETAL,MS,394
PETALUMA,CA,949
PETERBORO,NY,131
PETERBOROUGH,NH,034
PETERMAN,AL,364
PETERSBURG,AK,998
PETERSBURG,IL,626
PETERSBURG,IN,475
PETERSBURG,MI,492
PETERSBURG,ND,582
PETERSBURG,NE,686
PETERSBURG,NY,121
PETERSBURG,OH,444
PETERSBURG,TN,371
PETERSBURG,TX,792
PETERSBURG,VA,238
PETERSBURG,WV,268
PETERSON,AL,354
PETERSON,IA,510
PETERSON,MN,559
PETERSTOWN,WV,249
PETOSKEY,MI,497
PETRIFIED FOREST NATL PK,AZ,860
PETROLIA,CA,955
PETROLIA,PA,160
PETROLIA,TX,763
PETROS,TN,378
PETTIBONE,ND,584
PETTIGREW,AR,727
PETTISVILLE,OH,435
PETTUS,TX,781
PETTY,TX,754
PEVELY,MO,630
PEWAMO,MI,488
PEWAUKEE,WI,530
PEWEE VALLEY,KY,400
PEYTON,CO,808
PEYTONA,WV,251
PFAFFTOWN,NC,270
PFLUGERVILLE,TX,786
PHEBA,MS,397
PHELAN,CA,923
PHELPS,KY,415
PHELPS,NY,145
PHELPS,WI,545
PHENIX CITY,AL,368
PHIL CAMPBELL,AL,355
PHILADELPHIA,MO,634
PHILADELPHIA,NY,136
PHILADELPHIA,PA,191
PHILADELPHIA,TN,378
PHILIP,SD,575
PHILIPPI,WV,264
PHILIPSBURG,MT,598
PHILIPSBURG,PA,168
PHILLIPS,ME,049
PHILLIPS,NE,688
PHILLIPS,WI,545
PHILLIPSBURG,KS,676
PHILLIPSBURG,NJ,088
PHILLIPSBURG,OH,453
PHILLIPSPORT,NY,127
PHILLIPSVILLE,CA,955
PHILMONT,NY,125
PHILO,CA,954
PHILO,IL,618
PHILO,OH,437
PHILOMATH,OR,973
PHILOMONT,VA,201
PHILPOT,KY,423
PHLOX,WI,544
PHOENICIA,NY,124
PHOENIX,AZ,850
PHOENIX,MD,211
PHOENIX,NY,131
PHOENIX,OR,975
PHOENIXVILLE,PA,194
PIASA,IL,620
PICABO,ID,833
PICACHO,AZ,852
PICACHO,NM,883
PICAYUNE,MS,394
PICKENS,AR,716
PICKENS,MS,391
PICKENS,OK,747
PICKENS,SC,296
PICKEREL,WI,544
PICKERINGTON,OH,431
PICKETT,WI,549
PICKFORD,MI,497
PICKRELL,NE,684
PICKSTOWN,SD,573
PICKTON,TX,754
PICKWICK DAM,TN,383
PICO RIVERA,CA,906
PICTURE ROCKS,PA,177
PIE TOWN,NM,878
PIEDMONT,AL,362
PIEDMONT,KS,671
PIEDMONT,MO,636
PIEDMONT,OK,730
PIEDMONT,SC,296
PIEDMONT,SD,577
PIEDRA,CA,936
PIERCE,CO,806
PIERCE,ID,835
PIERCE,NE,687
PIERCE,TX,774
PIERCEFIELD,NY,129
PIERCETON,IN,465
PIERCEVILLE,IN,470
PIERCEVILLE,KS,678
PIERMONT,NH,037
PIERMONT,NY,109
PIERPONT,OH,440
PIERPONT,SD,574
PIERRE,SD,575
PIERRE PART,LA,703
PIERREPONT MANOR,NY,136
PIERRON,IL,622
PIERSON,FL,321
PIERSON,MI,493
PIERZ,MN,563
PIGEON,MI,487
PIGEON FALLS,WI,547
PIGEON FORGE,TN,378
PIGGOTT,AR,724
PIKE,NH,037
PIKE,NY,141
PIKE ROAD,AL,360
PIKESVILLE,MD,212
PIKETON,OH,456
PIKEVILLE,KY,415
PIKEVILLE,NC,278
PIKEVILLE,TN,373
PILGRIMS KNOB,VA,246
PILLAGER,MN,564
PILLOW,PA,170
PILOT,VA,241
PILOT GROVE,MO,652
PILOT HILL,CA,956
PILOT KNOB,MO,636
PILOT MOUNTAIN,NC,270
PILOT POINT,AK,996
PILOT POINT,TX,762
PILOT ROCK,OR,978
PILOT STATION,AK,996
PIMA,AZ,855
PINCH,WV,251
PINCKARD,AL,363
PINCKNEY,MI,481
PINCKNEYVILLE,IL,622
PINCONNING,MI,486
PINDALL,AR,726
PINE,AZ,855
PINE,CO,804
PINE APPLE,AL,367
PINE BLUFF,AR,716
PINE BLUFFS,WY,820
PINE BUSH,NY,125
PINE CITY,MN,550
PINE FORGE,PA,195
PINE GROVE,CA,956
PINE GROVE,LA,704
PINE GROVE,PA,179
PINE GROVE,WV,264
PINE GROVE MILLS,PA,168
PINE HILL,AL,367
PINE HILL,NY,124
PINE ISLAND,MN,559
PINE ISLAND,NY,109
PINE KNOT,KY,426
PINE LAKE,GA,300
PINE LEVEL,AL,360
PINE MEADOW,CT,060
PINE MOUNTAIN,GA,318
PINE MOUNTAIN CLUB,CA,932
PINE PLAINS,NY,125
PINE PRAIRIE,LA,705
PINE RIDGE,SD,577
PINE RIVER,MN,564
PINE RIVER,WI,549
PINE VALLEY,CA,919
PINE VILLAGE,IN,479
PINEBLUFF,NC,283
PINECLIFFE,CO,804
PINECREST,CA,953
PINEDALE,AZ,859
PINEDALE,WY,829
PINEHILL,NM,873
PINEHURST,GA,310
PINEHURST,ID,838
PINEHURST,MA,018
PINEHURST,NC,283
PINEHURST,TX,773
PINELAND,SC,299
PINELAND,TX,759
PINELLAS PARK,FL,337
PINEOLA,NC,286
PINETOP,AZ,859
PINETOPS,NC,278
PINETOWN,NC,278
PINEVIEW,GA,310
PINEVILLE,KY,407
PINEVILLE,LA,713
PINEVILLE,NC,281
PINEVILLE,PA,189
PINEVILLE,SC,294
PINEVILLE,WV,248
PINEWOOD,SC,291
PINEY CREEK,NC,286
PINEY FLATS,TN,376
PINEY POINT,MD,206
PINEY VIEW,WV,259
PINEY WOODS,MS,391
PINGREE,ID,832
PINK HILL,NC,285
PINNACLE,NC,270
PINOLA,MS,391
PINOLE,CA,945
PINON,AZ,865
PINON,NM,883
PINON HILLS,CA,923
PINOS ALTOS,NM,880
PINSON,AL,351
PINSON,TN,383
PINTO,MD,215
PIOCHE,NV,890
PIONEER,CA,956
PIONEER,LA,712
PIONEER,OH,435
PIONEERTOWN,CA,922
PIPE CREEK,TX,780
PIPER CITY,IL,609
PIPERSVILLE,PA,189
PIPESTEM,WV,259
PIPESTONE,MN,561
PIQUA,OH,453
PIRTLEVILLE,AZ,856
PIRU,CA,930
PISCATAWAY,NJ,088
PISECO,NY,121
PISGAH,AL,357
PISGAH,IA,515
PISMO BEACH,CA,934
PITCHER,NY,131
PITKIN,CO,812
PITKIN,LA,706
PITSBURG,OH,453
PITTSBORO,MS,389
PITTSBORO,NC,272
PITTSBURG,CA,945
PITTSBURG,IL,629
PITTSBURG,KS,667
PITTSBURG,KY,407
PITTSBURG,NH,035
PITTSBURG,OK,745
PITTSBURG,TX,756
PITTSBURGH,PA,151
PITTSFIELD,IL,623
PITTSFIELD,MA,012
PITTSFIELD,ME,049
PITTSFIELD,NH,032
PITTSFIELD,PA,163
PITTSFIELD,VT,057
PITTSFORD,MI,492
PITTSFORD,NY,145
PITTSFORD,VT,057
PITTSTON,PA,186
PITTSTOWN,NJ,088
PITTSVIEW,AL,368
PITTSVILLE,MD,218
PITTSVILLE,VA,241
PITTSVILLE,WI,544
PIXLEY,CA,932
PLACEDO,TX,779
PLACENTIA,CA,928
PLACERVILLE,CA,956
PLACERVILLE,CO,814
PLACIDA,FL,339
PLACITAS,NM,870
PLAIN,WI,535
PLAIN CITY,OH,430
PLAIN DEALING,LA,710
PLAINFIELD,CT,063
PLAINFIELD,IA,506
PLAINFIELD,IL,605
PLAINFIELD,IN,461
PLAINFIELD,NH,037
PLAINFIELD,NJ,070
PLAINFIELD,OH,438
PLAINFIELD,PA,170
PLAINFIELD,VT,056
PLAINFIELD,WI,549
PLAINS,GA,317
PLAINS,KS,678
PLAINS,MT,598
PLAINS,PA,187
PLAINS,TX,793
PLAINSBORO,NJ,085
PLAINVIEW,AR,728
PLAINVIEW,MN,559
PLAINVIEW,NE,687
PLAINVIEW,NY,118
PLAINVIEW,TX,790
PLAINVILLE,CT,060
PLAINVILLE,GA,307
PLAINVILLE,IN,475
PLAINVILLE,KS,676
PLAINVILLE,NY,131
PLAINWELL,MI,490
PLAISTOW,NH,038
PLANADA,CA,953
PLANKINTON,SD,573
PLANO,IL,605
PLANO,TX,750
PLANT CITY,FL,335
PLANTATION,FL,333
PLANTERSVILLE,AL,367
PLANTERSVILLE,MS,388
PLANTERSVILLE,TX,773
PLANTSVILLE,CT,064
PLAQUEMINE,LA,707
PLATINA,CA,960
PLATINUM,AK,996
PLATTE,SD,573
PLATTE CITY,MO,640
PLATTEKILL,NY,125
PLATTENVILLE,LA,703
PLATTEVILLE,CO,806
PLATTEVILLE,WI,538
PLATTSBURG,MO,644
PLATTSBURGH,NY,129
PLATTSMOUTH,NE,680
PLAUCHEVILLE,LA,713
PLAYA DEL REY,CA,902
PLAYAS,NM,880
PLAZA,ND,587
PLEASANT CITY,OH,437
PLEASANT DALE,NE,684
PLEASANT GARDEN,NC,273
PLEASANT GROVE,AL,351
PLEASANT GROVE,AR,725
PLEASANT GROVE,CA,956
PLEASANT GROVE,UT,840
PLEASANT HALL,PA,172
PLEASANT HILL,LA,710
PLEASANT HILL,MO,640
PLEASANT HILL,OH,453
PLEASANT HILL,OR,974
PLEASANT HILL,TN,385
PLEASANT MILLS,IN,467
PLEASANT PLAINS,AR,725
PLEASANT PLAINS,IL,626
PLEASANT PRAIRIE,WI,531
PLEASANT RIDGE,MI,480
PLEASANT SHADE,TN,371
PLEASANT UNITY,PA,156
PLEASANT VALLEY,IA,527
PLEASANT VIEW,TN,371
PLEASANTON,CA,945
PLEASANTON,KS,660
PLEASANTON,NE,688
PLEASANTON,TX,780
PLEASANTVILLE,IA,502
PLEASANTVILLE,NY,105
PLEASANTVILLE,PA,163
PLEASANTVILLE,TN,371
PLEDGER,TX,774
PLENTYWOOD,MT,592
PLEVNA,MO,634
PLEVNA,MT,593
PLOVER,IA,505
PLOVER,WI,544
PLUCKEMIN,NJ,079
PLUM,TX,789
PLUM BRANCH,SC,298
PLUM CITY,WI,547
PLUMERVILLE,AR,721
PLUMMER,ID,838
PLUMMER,MN,567
PLUMMERS LANDING,KY,410
PLUMSTEADVILLE,PA,189
PLUMTREE,NC,286
PLUMVILLE,PA,162
PLYMOUTH,CA,956
PLYMOUTH,CT,067
PLYMOUTH,FL,327
PLYMOUTH,IA,504
PLYMOUTH,IL,623
PLYMOUTH,IN,465
PLYMOUTH,MA,023
PLYMOUTH,ME,049
PLYMOUTH,MI,481
PLYMOUTH,NC,279
PLYMOUTH,NE,684
PLYMOUTH,NH,032
PLYMOUTH,NY,138
PLYMOUTH,OH,448
PLYMOUTH,PA,186
PLYMOUTH,UT,843
PLYMOUTH,VT,050
PLYMOUTH,WA,993
PLYMOUTH,WI,530
POCA,WV,251
POCAHONTAS,AR,724
POCAHONTAS,IA,505
POCAHONTAS,IL,622
POCAHONTAS,MO,637
POCAHONTAS,TN,380
POCAHONTAS,VA,246
POCASSET,MA,025
POCATELLO,ID,832
POCOLA,OK,749
POCOMOKE CITY,MD,218
POCONO LAKE,PA,183
POCONO PINES,PA,183
POCONO SUMMIT,PA,183
POCOPSON,PA,193
POESTENKILL,NY,121
POHNPEI,FM,969
POINT,TX,754
POINT ARENA,CA,954
POINT BAKER,AK,999
POINT CLEAR,AL,365
POINT COMFORT,TX,779
POINT HOPE,AK,997
POINT LAY,AK,997
POINT LOOKOUT,MO,657
POINT LOOKOUT,NY,115
POINT MARION,PA,154
POINT OF ROCKS,MD,217
POINT OF ROCKS,WY,829
POINT PLEASANT,PA,189
POINT PLEASANT,WV,255
POINT REYES STATION,CA,949
POINT ROBERTS,WA,982
POINTE A LA HACHE,LA,700
POLACCA,AZ,860
POLAND,ME,042
POLAND,NY,134
POLK,PA,163
POLK CITY,FL,338
POLK CITY,IA,502
POLKTON,NC,281
POLLOCK,ID,835
POLLOCK,LA,714
POLLOCK,SD,576
POLLOCK PINES,CA,957
POLLOCKSVILLE,NC,285
POLLOK,TX,759
POLO,MO,646
POLSON,MT,598
POLVADERA,NM,878
POMARIA,SC,291
POMERENE,AZ,856
POMEROY,IA,505
POMEROY,OH,457
POMEROY,PA,193
POMEROY,WA,993
POMFRET,CT,062
POMFRET,MD,206
POMFRET CENTER,CT,062
POMONA,CA,917
POMONA,MO,657
POMONA,NJ,082
POMONA,NY,109
POMONA PARK,FL,321
POMPANO BEACH,FL,330
POMPEII,MI,488
POMPEY,NY,131
POMPEYS PILLAR,MT,590
POMPTON LAKES,NJ,074
POMPTON PLAINS,NJ,074
PONCA,AR,726
PONCA,NE,687
PONCA CITY,OK,746
PONCE,PR,007
PONCE DE LEON,FL,324
PONCHA SPRINGS,CO,812
PONCHATOULA,LA,704
POND EDDY,NY,127
PONDER,TX,762
PONDERAY,ID,838
PONDEROSA,NM,870
PONEMAH,MN,566
PONETO,IN,467
PONTE VEDRA BEACH,FL,320
PONTIAC,IL,617
PONTIAC,MI,483
PONTOTOC,MS,388
PONTOTOC,TX,768
PONY,MT,597
POOLE,KY,424
POOLER,GA,313
POOLESVILLE,MD,208
POOLVILLE,TX,764
POPE,MS,386
POPE VALLEY,CA,945
POPLAR,MT,592
POPLAR BLUFF,MO,639
POPLAR GROVE,AR,723
POPLAR RIDGE,NY,131
POPLARVILLE,MS,394
POQUONOCK,CT,060
PORCUPINE,SD,577
PORT ALEXANDER,AK,998
PORT ALLEGANY,PA,167
PORT ALLEN,LA,707
PORT ALSWORTH,AK,996
PORT ANGELES,WA,983
PORT ARANSAS,TX,783
PORT ARTHUR,TX,776
PORT AUSTIN,MI,484
PORT BARRE,LA,705
PORT BOLIVAR,TX,776
PORT BYRON,IL,612
PORT BYRON,NY,131
PORT CARBON,PA,179
PORT CHARLOTTE,FL,339
PORT CHESTER,NY,105
PORT CLINTON,OH,434
PORT CLINTON,PA,195
PORT CLYDE,ME,048
PORT COSTA,CA,945
PORT DEPOSIT,MD,219
PORT ELIZABETH,NJ,083
PORT GAMBLE,WA,983
PORT GIBSON,MS,391
PORT GIBSON,NY,145
PORT HADLOCK,WA,983
PORT HEIDEN,AK,995
PORT HENRY,NY,129
PORT HOPE,MI,484
PORT HUENEME,CA,930
PORT HURON,MI,480
PORT ISABEL,TX,785
PORT JEFFERSON,NY,117
PORT JEFFERSON,OH,453
PORT JEFFERSON STATION,NY,117
PORT JERVIS,NY,127
PORT KENT,NY,129
PORT LAVACA,TX,779
PORT LEYDEN,NY,134
PORT LIONS,AK,995
PORT MANSFIELD,TX,785
PORT MATILDA,PA,168
PORT NECHES,TX,776
PORT O CONNOR,TX,779
PORT ORANGE,FL,321
PORT ORCHARD,WA,983
PORT ORFORD,OR,974
PORT PENN,DE,197
PORT READING,NJ,070
PORT REPUBLIC,MD,206
PORT RICHEY,FL,346
PORT ROYAL,KY,400
PORT ROYAL,PA,170
PORT ROYAL,SC,299
PORT ROYAL,VA,225
PORT SAINT JOE,FL,324
PORT SAINT LUCIE,FL,349
PORT SALERNO,FL,349
PORT SANILAC,MI,484
PORT SULPHUR,LA,700
PORT TOBACCO,MD,206
PORT TOWNSEND,WA,983
PORT TREVORTON,PA,178
PORT WASHINGTON,NY,110
PORT WASHINGTON,WI,530
PORT WILLIAM,OH,451
PORTAGE,IN,463
PORTAGE,ME,047
PORTAGE,MI,490
PORTAGE,OH,434
PORTAGE,PA,159
PORTAGE,WI,539
PORTAGE DES SIOUX,MO,633
PORTAGEVILLE,MO,638
PORTAL,GA,304
PORTAL,ND,587
PORTALES,NM,881
PORTER,OK,744
PORTER,TX,773
PORTER RANCH,CA,913
PORTERDALE,GA,300
PORTERVILLE,CA,932
PORTERVILLE,MS,393
PORTHILL,ID,838
PORTIA,AR,724
PORTLAND,AR,716
PORTLAND,CT,064
PORTLAND,IN,473
PORTLAND,ME,040
PORTLAND,MI,488
PORTLAND,MO,650
PORTLAND,ND,582
PORTLAND,NY,147
PORTLAND,OH,457
PORTLAND,OR,970
PORTLAND,PA,183
PORTLAND,TN,371
PORTLAND,TX,783
PORTLANDVILLE,NY,138
PORTOLA,CA,961
PORTSMOUTH,IA,515
PORTSMOUTH,NH,038
PORTSMOUTH,OH,456
PORTSMOUTH,RI,028
PORTSMOUTH,VA,237
PORTVILLE,NY,147
PORUM,OK,744
POSEN,IL,604
POSEN,MI,497
POSEY,CA,932
POSEYVILLE,IN,476
POST,OR,977
POST,TX,793
POST FALLS,ID,838
POST MILLS,VT,050
POSTVILLE,IA,521
POTEAU,OK,749
POTECASI,NC,278
POTEET,TX,780
POTH,TX,781
POTLATCH,ID,838
POTOMAC,IL,618
POTOMAC,MD,208
POTOSI,MO,636
POTOSI,WI,538
POTRERO,CA,919
POTSDAM,NY,136
POTSDAM,OH,453
POTTER,KS,660
POTTER,NE,691
POTTER,WI,541
POTTER VALLEY,CA,954
POTTERSVILLE,MO,657
POTTERSVILLE,NJ,079
POTTERSVILLE,NY,128
POTTERVILLE,MI,488
POTTS CAMP,MS,386
POTTS GROVE,PA,178
POTTSBORO,TX,750
POTTSTOWN,PA,194
POTTSVILLE,AR,728
POTTSVILLE,PA,179
POTWIN,KS,671
POUGHKEEPSIE,AR,725
POUGHKEEPSIE,NY,125
POULAN,GA,317
POULSBO,WA,983
POULTNEY,VT,057
POUND,VA,242
POUND RIDGE,NY,105
POUNDING MILL,VA,246
POWAY,CA,920
POWDER RIVER,WY,826
POWDER SPRINGS,GA,301
POWELL,MO,657
POWELL,OH,430
POWELL,TN,378
POWELL,TX,751
POWELL,WY,824
POWELL BUTTE,OR,977
POWELLSVILLE,NC,279
POWELLTON,WV,251
POWER,MT,594
POWERS,MI,498
POWERS,OR,974
POWERS LAKE,ND,587
POWERS LAKE,WI,531
POWHATAN,AR,724
POWHATAN,LA,710
POWHATAN,VA,231
POWHATAN POINT,OH,439
POWNAL,ME,040
POY SIPPI,WI,549
POYEN,AR,721
POYNETTE,WI,539
POYNOR,TX,757
POYNTELLE,PA,184
PRAGUE,NE,680
PRAGUE,OK,748
PRAIRIE,MS,397
PRAIRIE CITY,IL,614
PRAIRIE CITY,OR,978
PRAIRIE CREEK,IN,478
PRAIRIE DU CHIEN,WI,538
PRAIRIE DU ROCHER,IL,622
PRAIRIE DU SAC,WI,535
PRAIRIE FARM,WI,547
PRAIRIE GROVE,AR,727
PRAIRIE HILL,TX,766
PRAIRIE HOME,MO,650
PRAIRIE LEA,TX,786
PRAIRIE VIEW,TX,774
PRAIRIE VILLAGE,KS,662
PRAIRIETON,IN,478
PRAIRIEVILLE,LA,707
PRATHER,CA,936
PRATT,KS,670
PRATT,WV,251
PRATTSBURGH,NY,148
PRATTSVILLE,AR,721
PRATTVILLE,AL,360
PRAY,MT,590
PREBLE,IN,467
PREBLE,NY,131
PREEMPTION,IL,612
PREMIER,WV,248
PREMONT,TX,783
PRENTICE,WI,545
PRENTISS,MS,394
PRESCOTT,AR,718
PRESCOTT,AZ,863
PRESCOTT,IA,508
PRESCOTT,KS,667
PRESCOTT,MI,487
PRESCOTT,WA,993
PRESCOTT,WI,540
PRESCOTT VALLEY,AZ,863
PRESHO,SD,575
PRESIDIO,TX,798
PRESQUE ISLE,ME,047
PRESQUE ISLE,MI,497
PRESQUE ISLE,WI,545
PRESTON,GA,318
PRESTON,IA,520
PRESTON,ID,832
PRESTON,MD,216
PRESTON,MN,559
PRESTON,MS,393
PRESTON,OK,744
PRESTON,WA,980
PRESTON HOLLOW,NY,124
PRESTONSBURG,KY,416
PRETTY PRAIRIE,KS,675
PREWITT,NM,870
PRICE,TX,756
PRICE,UT,845
PRICEDALE,PA,150
PRICHARD,WV,255
PRIDE,LA,707
PRIDES CROSSING,MA,019
PRIEST RIVER,ID,838
PRIMGHAR,IA,512
PRINCE,WV,259
PRINCE FREDERICK,MD,206
PRINCE GEORGE,VA,238
PRINCESS ANNE,MD,218
PRINCETON,AL,357
PRINCETON,CA,959
PRINCETON,ID,838
PRINCETON,IL,613
PRINCETON,IN,476
PRINCETON,KY,424
PRINCETON,LA,710
PRINCETON,MA,015
PRINCETON,ME,046
PRINCETON,MN,553
PRINCETON,MO,646
PRINCETON,NC,275
PRINCETON,NJ,085
PRINCETON,TX,754
PRINCETON,WI,549
PRINCETON,WV,247
PRINCEVILLE,IL,615
PRINCEWICK,WV,259
PRINEVILLE,OR,977
PRINGLE,SD,577
PRINSBURG,MN,562
PRIOR LAKE,MN,553
PRITCHETT,CO,810
PROBERTA,CA,960
PROCIOUS,WV,251
PROCTOR,AR,723
PROCTOR,OK,744
PROCTOR,TX,764
PROCTOR,VT,057
PROCTORSVILLE,VT,051
PROCTORVILLE,NC,283
PROCTORVILLE,OH,456
PROGRESO,TX,785
PROMPTON,PA,184
PROPHETSTOWN,IL,612
PROSPECT,CT,067
PROSPECT,KY,400
PROSPECT,NY,134
PROSPECT,OR,975
PROSPECT,TN,384
PROSPECT HARBOR,ME,046
PROSPECT HILL,NC,273
PROSPECT PARK,PA,190
PROSPER,TX,750
PROSPERITY,PA,153
PROSPERITY,SC,291
PROSPERITY,WV,259
PROSSER,WA,993
PROTEM,MO,657
PROTIVIN,IA,521
PROVENCAL,LA,714
PROVIDENCE,KY,424
PROVIDENCE,RI,029
PROVIDENCE,UT,843
PROVIDENCE FORGE,VA,231
PROVINCETOWN,MA,026
PROVO,SD,577
PROVO,UT,846
PRUDENCE ISLAND,RI,028
PRUDENVILLE,MI,486
PRUDHOE BAY,AK,997
PRYOR,MT,590
PRYOR,OK,743
PUCKETT,MS,391
PUEBLO,CO,810
PUEBLO OF ACOMA,NM,870
PUKWANA,SD,573
PULASKI,GA,304
PULASKI,IL,629
PULASKI,MS,391
PULASKI,NY,131
PULASKI,TN,384
PULASKI,VA,243
PULASKI,WI,541
PULLMAN,WA,991
PULLMAN,WV,263
PULTENEY,NY,148
PULTNEYVILLE,NY,145
PUNGOTEAGUE,VA,234
PUNTA GORDA,FL,339
PUNXSUTAWNEY,PA,157
PURCELL,MO,648
PURCELL,OK,730
PURCELLVILLE,VA,201
PURCHASE,NY,105
PURDIN,MO,646
PURDON,TX,766
PURDUM,NE,691
PURDY,MO,657
PURDYS,NY,105
PURGITSVILLE,WV,268
PURLEAR,NC,286
PURMELA,TX,765
PURVIS,MS,394
PURYEAR,TN,382
PUT IN BAY,OH,434
PUTNAM,CT,062
PUTNAM,TX,764
PUTNAM HALL,FL,321
PUTNAM STATION,NY,128
PUTNAM VALLEY,NY,105
PUTNEY,GA,317
PUTNEY,KY,408
PUTNEY,VT,053
PUYALLUP,WA,983
PYATT,AR,726
PYLESVILLE,MD,211
PYOTE,TX,797
PYRITES,NY,136
QUAKAKE,PA,182
QUAKER CITY,OH,437
QUAKER HILL,CT,063
QUAKERTOWN,NJ,088
QUAKERTOWN,PA,189
QUANAH,TX,792
QUANTICO,MD,218
QUANTICO,VA,221
QUAPAW,OK,743
QUARRYVILLE,PA,175
QUARTZSITE,AZ,853
QUASQUETON,IA,523
QUEBRADILLAS,PR,006
QUECHEE,VT,050
QUEEN,PA,166
QUEEN ANNE,MD,216
QUEEN CITY,MO,635
QUEEN CITY,TX,755
QUEEN CREEK,AZ,851
QUEENS VILLAGE,NY,114
QUEENSTOWN,MD,216
QUEMADO,NM,878
QUEMADO,TX,788
QUENEMO,KS,665
QUENTIN,PA,170
QUESTA,NM,875
QUILCENE,WA,983
QUINAULT,WA,985
QUINBY,VA,234
QUINCY,CA,959
QUINCY,FL,323
QUINCY,IL,623
QUINCY,IN,474
QUINCY,MA,021
QUINCY,MI,490
QUINCY,PA,172
QUINCY,WA,988
QUINEBAUG,CT,062
QUINHAGAK,AK,996
QUINLAN,TX,754
QUINN,SD,577
QUINQUE,VA,229
QUINTER,KS,677
QUINTON,AL,351
QUINTON,NJ,080
QUINTON,OK,745
QUINTON,VA,231
QUINWOOD,WV,259
QUITAQUE,TX,792
QUITMAN,AR,721
QUITMAN,GA,316
QUITMAN,LA,712
QUITMAN,MS,393
QUITMAN,TX,757
QUOGUE,NY,119
RABUN GAP,GA,305
RACELAND,LA,703
RACINE,MN,559
RACINE,MO,648
RACINE,OH,457
RACINE,WI,534
RACINE,WV,251
RACKERBY,CA,959
RADCLIFF,KY,401
RADCLIFFE,IA,502
RADFORD,VA,241
RADISSON,WI,548
RADIUM SPRINGS,NM,880
RADNOR,OH,430
RADOM,IL,628
RAEFORD,NC,283
RAGLAND,AL,351
RAGLAND,WV,256
RAGLEY,LA,706
RAGO,KS,671
RAHWAY,NJ,070
RAIFORD,FL,320
RAIL ROAD FLAT,CA,952
RAILROAD,PA,173
RAINBOW,TX,760
RAINBOW LAKE,NY,129
RAINELLE,WV,259
RAINIER,OR,970
RAINIER,WA,985
RAINS,SC,295
RAINSVILLE,AL,359
RAINSVILLE,NM,877
RAISIN CITY,CA,936
RAKE,IA,504
RALEIGH,IL,629
RALEIGH,MS,391
RALEIGH,NC,276
RALEIGH,WV,259
RALPH,MI,498
RALSTON,PA,177
RALSTON,WY,824
RAMAH,CO,808
RAMAH,NM,873
RAMER,AL,360
RAMER,TN,383
RAMEY,PA,166
RAMONA,CA,920
RAMONA,KS,674
RAMONA,OK,740
RAMONA,SD,570
RAMPART,AK,997
RAMSAY,MT,597
RAMSEY,IL,620
RANBURNE,AL,362
RANCHESTER,WY,828
RANCHO CORDOVA,CA,956
RANCHO CUCAMONGA,CA,917
RANCHO MIRAGE,CA,922
RANCHO SANTA FE,CA,920
RANCHO SANTA MARGARITA,CA,926
RANCHOS DE TAOS,NM,875
RANCOCAS,NJ,080
RAND,CO,804
RANDALL,IA,502
RANDALL,MN,564
RANDALLSTOWN,MD,211
RANDLE,WA,983
RANDLEMAN,NC,273
RANDLETT,OK,735
RANDOLPH,AL,367
RANDOLPH,KS,665
RANDOLPH,MA,023
RANDOLPH,NE,687
RANDOLPH,NY,147
RANDOLPH,OH,442
RANDOLPH,TX,754
RANDOLPH,UT,840
RANDOLPH,VT,050
RANDOLPH,WI,539
RANDOM LAKE,WI,530
RANDSBURG,CA,935
RANGELEY,ME,049
RANGELY,CO,816
RANGER,GA,307
RANGER,TX,764
RANGER,WV,255
RANIER,MN,566
RANKIN,TX,797
RANSOM,IL,604
RANSOM,KS,675
RANSOM,PA,186
RANSOMVILLE,NY,141
RANSON,WV,254
RANTOUL,IL,618
RAPID CITY,MI,496
RAPID CITY,SD,577
RAPID RIVER,MI,498
RAPIDS CITY,IL,612
RAQUETTE LAKE,NY,134
RARITAN,IL,614
RARITAN,NJ,088
RATCLIFF,AR,729
RATCLIFF,TX,758
RATHDRUM,ID,838
RATLIFF CITY,OK,734
RATON,NM,877
RATTAN,OK,745
RAVEN,KY,418
RAVEN,VA,246
RAVENA,NY,121
RAVENCLIFF,WV,259
RAVENDALE,CA,961
RAVENDEN,AR,724
RAVENEL,SC,294
RAVENNA,MI,494
RAVENNA,NE,688
RAVENNA,OH,442
RAVENSDALE,WA,980
RAVENSWOOD,WV,261
RAVENWOOD,MO,644
RAVIA,OK,734
RAWL,WV,256
RAWLINGS,MD,215
RAWLINS,WY,823
RAY,ND,588
RAY CITY,GA,316
RAYLE,GA,306
RAYMOND,CA,936
RAYMOND,IL,625
RAYMOND,ME,040
RAYMOND,MN,562
RAYMOND,MS,391
RAYMOND,MT,592
RAYMOND,NE,684
RAYMOND,NH,030
RAYMOND,OH,430
RAYMOND,SD,572
RAYMOND,WA,985
RAYMONDVILLE,NY,136
RAYMONDVILLE,TX,785
RAYNE,LA,705
RAYNESFORD,MT,594
RAYNHAM,MA,027
RAYNHAM CENTER,MA,027
RAYSAL,WV,248
RAYTOWN,MO,641
RAYVILLE,LA,712
RAYVILLE,MO,640
RAYWOOD,TX,775
READER,WV,261
READFIELD,ME,043
READFIELD,WI,549
READING,MA,018
READING,MI,492
READING,PA,196
READING,VT,050
READING CENTER,NY,148
READINGTON,NJ,088
READLYN,IA,506
READSBORO,VT,053
READSTOWN,WI,546
READYVILLE,TN,371
REAGAN,TN,383
REAGAN,TX,766
REALITOS,TX,783
REAMSTOWN,PA,175
REARDAN,WA,990
REBERSBURG,PA,168
RECLUSE,WY,827
RECTOR,AR,724
RECTORTOWN,VA,201
RED BANK,NJ,077
RED BAY,AL,355
RED BLUFF,CA,960
RED BOILING SPRINGS,TN,371
RED BUD,IL,622
RED CLIFF,CO,816
RED CLOUD,NE,689
RED CREEK,NY,131
RED DEVIL,AK,996
RED FEATHER LAKES,CO,805
RED HILL,PA,180
RED HOOK,NY,125
RED HOUSE,WV,251
RED JACKET,WV,256
RED LAKE,MN,566
RED LAKE FALLS,MN,567
RED LEVEL,AL,364
RED LION,PA,173
RED LODGE,MT,590
RED OAK,GA,302
RED OAK,IA,515
RED OAK,NC,278
RED OAK,OK,745
RED OAK,TX,751
RED RIVER,NM,875
RED ROCK,AZ,851
RED ROCK,OK,746
RED ROCK,TX,786
RED SPRINGS,NC,283
RED VALLEY,AZ,865
RED WING,CO,810
RED WING,MN,550
REDBY,MN,566
REDCREST,CA,955
REDDELL,LA,705
REDDICK,FL,326
REDDICK,IL,609
REDDING,CA,960
REDDING,CT,068
REDDING CENTER,CT,068
REDDING RIDGE,CT,068
REDFIELD,AR,721
REDFIELD,IA,502
REDFIELD,KS,667
REDFIELD,NY,134
REDFIELD,SD,574
REDFORD,MI,482
REDFORD,NY,129
REDGRANITE,WI,549
REDIG,SD,577
REDKEY,IN,473
REDLANDS,CA,923
REDMON,IL,619
REDMOND,OR,977
REDMOND,UT,846
REDMOND,WA,980
REDONDO BEACH,CA,902
REDOWL,SD,577
REDROCK,NM,880
REDVALE,CO,814
REDWATER,TX,755
REDWAY,CA,955
REDWOOD,MS,391
REDWOOD,NY,136
REDWOOD,VA,241
REDWOOD CITY,CA,940
REDWOOD ESTATES,CA,950
REDWOOD FALLS,MN,562
REDWOOD VALLEY,CA,954
REED CITY,MI,496
REED POINT,MT,590
REEDER,ND,576
REEDERS,PA,183
REEDLEY,CA,936
REEDS,MO,648
REEDS SPRING,MO,657
REEDSBURG,WI,539
REEDSPORT,OR,974
REEDSVILLE,PA,170
REEDSVILLE,WI,542
REEDSVILLE,WV,265
REEDVILLE,VA,225
REELSVILLE,IN,461
REESE,MI,487
REESEVILLE,WI,535
REESVILLE,OH,451
REEVESVILLE,SC,294
REFORM,AL,354
REFTON,PA,175
REFUGIO,TX,783
REGENT,ND,586
REGINA,KY,415
REGISTER,GA,304
REGO PARK,NY,113
REHOBOTH,MA,027
REHOBOTH,NM,873
REHOBOTH BEACH,DE,199
REHRERSBURG,PA,195
REIDSVILLE,GA,304
REIDSVILLE,NC,273
REIDVILLE,SC,293
REISTERSTOWN,MD,211
REKLAW,TX,757
RELIANCE,SD,575
REMBERT,SC,291
REMBRANDT,IA,505
REMER,MN,566
REMINGTON,IN,479
REMSEN,IA,510
REMSEN,NY,134
REMSENBURG,NY,119
REMUS,MI,493
RENA LARA,MS,387
RENFREW,PA,160
RENICK,MO,652
RENICK,WV,249
RENO,NV,895
RENO,OH,457
RENO,PA,163
RENOVO,PA,177
RENSSELAER,IN,479
RENSSELAER,NY,121
RENSSELAER FALLS,NY,136
RENSSELAERVILLE,NY,121
RENTIESVILLE,OK,744
RENTON,WA,980
RENTZ,GA,310
RENVILLE,MN,562
RENWICK,IA,505
REPTON,AL,364
REPUBLIC,MI,498
REPUBLIC,MO,657
REPUBLIC,OH,448
REPUBLIC,PA,154
REPUBLIC,WA,991
RESACA,GA,307
RESCUE,CA,956
RESCUE,VA,234
RESEDA,CA,913
RESERVE,LA,700
RESERVE,MT,592
RESERVE,NM,878
RESTON,VA,201
RETSOF,NY,145
REVA,SD,576
REVELO,KY,426
REVERE,MA,021
REVERE,PA,189
REVILLO,SD,572
REVLOC,PA,159
REW,PA,167
REWEY,WI,535
REX,GA,302
REX,NC,283
REXBURG,ID,834
REXFORD,MT,599
REXFORD,NY,120
REXMONT,PA,170
REXVILLE,NY,148
REYDELL,AR,721
REYDON,OK,736
REYNO,AR,724
REYNOLDS,GA,310
REYNOLDS,IL,612
REYNOLDS,IN,479
REYNOLDS,ND,582
REYNOLDSBURG,OH,430
REYNOLDSVILLE,PA,158
REYNOLDSVILLE,WV,264
RHAME,ND,586
RHEEMS,PA,175
RHINE,GA,310
RHINEBECK,NY,125
RHINECLIFF,NY,125
RHINEHART,LA,713
RHINELANDER,WI,545
RHOADESVILLE,VA,225
RHODELL,WV,259
RHODES,IA,502
RHODES,MI,486
RHODHISS,NC,286
RHODODENDRON,OR,970
RHOME,TX,760
RIALTO,CA,923
RIB LAKE,WI,544
RIBERA,NM,875
RICE,MN,563
RICE,TX,751
RICE LAKE,WI,548
RICEBORO,GA,313
RICEVILLE,IA,504
RICEVILLE,TN,373
RICH CREEK,VA,241
RICH HILL,MO,647
RICH SQUARE,NC,278
RICHARDS,MO,647
RICHARDS,TX,778
RICHARDSON,TX,750
RICHARDTON,ND,586
RICHBORO,PA,189
RICHBURG,NY,147
RICHEY,MT,592
RICHEYVILLE,PA,153
RICHFIELD,ID,833
RICHFIELD,KS,679
RICHFIELD,NC,281
RICHFIELD,NE,680
RICHFIELD,OH,442
RICHFIELD,PA,170
RICHFIELD,UT,846
RICHFIELD SPRINGS,NY,134
RICHFORD,NY,138
RICHFORD,VT,054
RICHGROVE,CA,932
RICHLAND,GA,318
RICHLAND,IA,525
RICHLAND,IN,476
RICHLAND,MI,490
RICHLAND,MO,655
RICHLAND,MS,392
RICHLAND,MT,592
RICHLAND,NJ,083
RICHLAND,NY,131
RICHLAND,OR,978
RICHLAND,PA,170
RICHLAND,SC,296
RICHLAND,TX,766
RICHLAND CENTER,WI,535
RICHLAND SPRINGS,TX,768
RICHLANDS,NC,285
RICHLANDS,VA,246
RICHLANDTOWN,PA,189
RICHMOND,CA,948
RICHMOND,IL,600
RICHMOND,IN,473
RICHMOND,KY,404
RICHMOND,MA,012
RICHMOND,ME,043
RICHMOND,MI,480
RICHMOND,MN,563
RICHMOND,MO,640
RICHMOND,OH,439
RICHMOND,RI,028
RICHMOND,TX,774
RICHMOND,UT,843
RICHMOND,VA,232
RICHMOND,VT,054
RICHMOND DALE,OH,456
RICHMOND HILL,GA,313
RICHMOND HILL,NY,114
RICHMONDVILLE,NY,121
RICHTON,MS,394
RICHVALE,CA,959
RICHVIEW,IL,628
RICHVILLE,MI,487
RICHVILLE,MN,565
RICHVILLE,NY,136
RICHWOOD,NJ,080
RICHWOOD,OH,433
RICHWOOD,WV,262
RICKETTS,IA,514
RICKMAN,TN,385
RICKREALL,OR,973
RICO,CO,813
RIDDLE,OR,974
RIDDLESBURG,PA,166
RIDDLETON,TN,371
RIDERWOOD,MD,211
RIDGE,MD,206
RIDGE,NY,119
RIDGE FARM,IL,618
RIDGECREST,CA,935
RIDGECREST,NC,287
RIDGEFIELD,NJ,076
RIDGEFIELD,WA,986
RIDGEFIELD PARK,NJ,076
RIDGELAND,MS,391
RIDGELAND,SC,299
RIDGELAND,WI,547
RIDGELEY,WV,267
RIDGELY,MD,216
RIDGELY,TN,380
RIDGETOP,TN,371
RIDGEVIEW,SD,576
RIDGEVILLE,IN,473
RIDGEVILLE,SC,294
RIDGEVILLE CORNERS,OH,435
RIDGEWAY,NC,275
RIDGEWAY,SC,291
RIDGEWAY,VA,241
RIDGEWOOD,NJ,074
RIDGEWOOD,NY,113
RIDGWAY,CO,814
RIDGWAY,IL,629
RIDGWAY,PA,158
RIDLEY PARK,PA,190
RIDOTT,IL,610
RIEGELSVILLE,PA,180
RIEGELWOOD,NC,284
RIENZI,MS,388
RIESEL,TX,766
RIFLE,CO,816
RIGA,MI,492
RIGBY,ID,834
RIGGINS,ID,835
RILEY,IN,478
RILEY,KS,665
RILEY,OR,977
RILLITO,AZ,856
RIMERSBURG,PA,162
RIMFOREST,CA,923
RIMROCK,AZ,863
RINCON,GA,313
RINCON,NM,879
RINCON,PR,006
RINDGE,NH,034
RINER,VA,241
RINEYVILLE,KY,401
RINGGOLD,GA,307
RINGGOLD,LA,710
RINGGOLD,VA,245
RINGLE,WI,544
RINGLING,MT,596
RINGOES,NJ,085
RINGOLD,OK,747
RINGSTED,IA,505
RINGTOWN,PA,179
RINGWOOD,IL,600
RINGWOOD,NJ,074
RINGWOOD,OK,737
RIO,IL,614
RIO,WV,267
RIO BLANCO,PR,007
RIO DELL,CA,955
RIO FRIO,TX,788
RIO GRANDE,NJ,082
RIO GRANDE,OH,456
RIO GRANDE,PR,007
RIO GRANDE CITY,TX,785
RIO HONDO,TX,785
RIO LINDA,CA,956
RIO MEDINA,TX,780
RIO OSO,CA,956
RIO RANCHO,NM,871
RIO RICO,AZ,856
RIO VISTA,CA,945
RIO VISTA,TX,760
RION,SC,291
RIPARIUS,NY,128
RIPLEY,MS,386
RIPLEY,NY,147
RIPLEY,OH,451
RIPLEY,TN,380
RIPLEY,WV,252
RIPON,CA,953
RIPON,WI,549
RIPPLEMEAD,VA,241
RIPPON,WV,254
RIPTON,VT,057
RIRIE,ID,834
RISCO,MO,638
RISING CITY,NE,686
RISING FAWN,GA,307
RISING STAR,TX,764
RISING SUN,IN,470
RISING SUN,MD,219
RISINGSUN,OH,434
RISON,AR,716
RITTER,OR,978
RITTMAN,OH,442
RITZVILLE,WA,991
RIVER EDGE,NJ,076
RIVER FALLS,AL,364
RIVER FALLS,WI,540
RIVER FOREST,IL,603
RIVER GROVE,IL,601
RIVER OAKS,TX,761
RIVER ROUGE,MI,482
RIVER VALE,NJ,076
RIVERBANK,CA,953
RIVERDALE,CA,936
RIVERDALE,GA,302
RIVERDALE,IL,608
RIVERDALE,MD,207
RIVERDALE,MI,488
RIVERDALE,ND,585
RIVERDALE,NJ,074
RIVERHEAD,NY,119
RIVERSIDE,CA,925
RIVERSIDE,IA,523
RIVERSIDE,MI,490
RIVERSIDE,MO,641
RIVERSIDE,PA,178
RIVERSIDE,RI,029
RIVERSIDE,TX,773
RIVERSIDE,UT,843
RIVERSIDE,WA,988
RIVERTON,CT,060
RIVERTON,IA,516
RIVERTON,IL,625
RIVERTON,KS,667
RIVERTON,NE,689
RIVERTON,UT,840
RIVERTON,WV,268
RIVERTON,WY,825
RIVERVIEW,FL,335
RIVERVIEW,MI,481
RIVES JUNCTION,MI,492
RIVESVILLE,WV,265
RIVIERA,TX,783
RIVIERA BEACH,FL,334
RIXEYVILLE,VA,227
RIXFORD,PA,167
ROACHDALE,IN,461
ROAN MOUNTAIN,TN,376
ROANN,IN,469
ROANOKE,AL,362
ROANOKE,IL,615
ROANOKE,IN,467
ROANOKE,LA,705
ROANOKE,TX,762
ROANOKE,VA,240
ROANOKE RAPIDS,NC,278
ROARING RIVER,NC,286
ROARING SPRING,PA,166
ROARING SPRINGS,TX,792
ROARK,KY,409
ROBARDS,KY,424
ROBBINS,CA,956
ROBBINS,IL,604
ROBBINS,NC,273
ROBBINS,TN,378
ROBBINSTON,ME,046
ROBBINSVILLE,NC,287
ROBELINE,LA,714
ROBERSONVILLE,NC,278
ROBERT,LA,704
ROBERT LEE,TX,769
ROBERTA,GA,310
ROBERTS,ID,834
ROBERTS,IL,609
ROBERTS,MT,590
ROBERTS,WI,540
ROBERTSDALE,AL,365
ROBERTSDALE,PA,166
ROBERTSON,WY,829
ROBERTSVILLE,MO,630
ROBERTSVILLE,OH,446
ROBESONIA,PA,195
ROBINSON,IL,624
ROBINSON,KS,665
ROBINSON,ND,584
ROBINSON,PA,159
ROBINSON CREEK,KY,415
ROBINSONVILLE,MS,386
ROBSON,WV,251
ROBSTOWN,TX,783
ROBY,MO,655
ROBY,TX,795
ROCHDALE,MA,015
ROCHELLE,GA,310
ROCHELLE,IL,610
ROCHELLE PARK,NJ,076
ROCHEPORT,MO,652
ROCHESTER,IL,625
ROCHESTER,IN,469
ROCHESTER,MA,027
ROCHESTER,MI,483
ROCHESTER,MN,559
ROCHESTER,NH,038
ROCHESTER,NY,146
ROCHESTER,PA,150
ROCHESTER,VT,057
ROCHESTER,WI,531
ROCHESTER HILLS,MI,483
ROCHESTER MILLS,PA,157
ROCHFORD,SD,577
ROCIADA,NM,877
ROCK,KS,671
ROCK,MI,498
ROCK,WV,247
ROCK CAVE,WV,262
ROCK CITY,IL,610
ROCK CITY FALLS,NY,128
ROCK CREEK,OH,440
ROCK CREEK,WV,251
ROCK FALLS,IL,610
ROCK GLEN,PA,182
ROCK HALL,MD,216
ROCK HILL,NY,127
ROCK HILL,SC,297
ROCK ISLAND,IL,612
ROCK ISLAND,TN,385
ROCK ISLAND,TX,774
ROCK ISLAND,WA,988
ROCK POINT,AZ,865
ROCK PORT,MO,644
ROCK RAPIDS,IA,512
ROCK RIVER,WY,820
ROCK SPRING,GA,307
ROCK SPRINGS,WY,829
ROCK TAVERN,NY,125
ROCK VALLEY,IA,512
ROCK VIEW,WV,248
ROCKAWAY BEACH,OR,971
ROCKAWAY PARK,NY,116
ROCKBRIDGE,IL,620
ROCKBRIDGE,OH,431
ROCKBRIDGE BATHS,VA,244
ROCKDALE,TX,765
ROCKFORD,AL,351
ROCKFORD,IA,504
ROCKFORD,IL,610
ROCKFORD,MI,493
ROCKFORD,MN,553
ROCKFORD,OH,458
ROCKFORD,TN,378
ROCKFORD,WA,990
ROCKHILL FURNACE,PA,172
ROCKHOLDS,KY,407
ROCKHOUSE,KY,415
ROCKINGHAM,NC,283
ROCKLAKE,ND,583
ROCKLAND,DE,197
ROCKLAND,ID,832
ROCKLAND,MA,023
ROCKLAND,ME,048
ROCKLAND,MI,499
ROCKLAND,WI,546
ROCKLEDGE,GA,304
ROCKLIN,CA,956
ROCKMART,GA,301
ROCKPORT,IL,623
ROCKPORT,IN,476
ROCKPORT,KY,423
ROCKPORT,MA,019
ROCKPORT,TX,783
ROCKPORT,WA,982
ROCKSPRINGS,TX,788
ROCKTON,IL,610
ROCKTON,PA,158
ROCKVALE,CO,812
ROCKVALE,TN,371
ROCKVILLE,IN,478
ROCKVILLE,MD,208
ROCKVILLE,MN,563
ROCKVILLE,RI,028
ROCKVILLE,UT,847
ROCKVILLE,VA,231
ROCKVILLE CENTRE,NY,115
ROCKWALL,TX,750
ROCKWELL,IA,504
ROCKWELL,NC,281
ROCKWELL CITY,IA,505
ROCKWOOD,IL,622
ROCKWOOD,ME,044
ROCKWOOD,MI,481
ROCKWOOD,PA,155
ROCKWOOD,TN,378
ROCKWOOD,TX,768
ROCKY COMFORT,MO,648
ROCKY FACE,GA,307
ROCKY FORD,CO,810
ROCKY FORD,GA,304
ROCKY GAP,VA,243
ROCKY HILL,CT,060
ROCKY HILL,NJ,085
ROCKY MOUNT,NC,278
ROCKY MOUNT,VA,241
ROCKY POINT,NC,284
ROCKY POINT,NY,117
ROCKY RIDGE,MD,217
ROCKY RIDGE,OH,434
ROCKY RIVER,OH,441
ROCKY TOP,TN,377
RODANTHE,NC,279
RODEO,CA,945
RODEO,NM,880
RODERFIELD,WV,248
RODESSA,LA,710
RODMAN,NY,136
RODUCO,NC,279
ROE,AR,721
ROEBUCK,SC,293
ROFF,OK,748
ROGERS,AR,727
ROGERS,CT,062
ROGERS,MN,553
ROGERS,ND,584
ROGERS,NM,881
ROGERS,OH,444
ROGERS,TX,765
ROGERS CITY,MI,497
ROGERSVILLE,AL,356
ROGERSVILLE,MO,657
ROGERSVILLE,PA,153
ROGERSVILLE,TN,378
ROGGEN,CO,806
ROGUE RIVER,OR,975
ROHNERT PARK,CA,949
ROLAND,AR,721
ROLAND,IA,502
ROLAND,OK,749
ROLESVILLE,NC,275
ROLETTE,ND,583
ROLFE,IA,505
ROLLA,KS,679
ROLLA,MO,654
ROLLA,ND,583
ROLLING FORK,MS,391
ROLLING PRAIRIE,IN,463
ROLLINGBAY,WA,980
ROLLINGSTONE,MN,559
ROLLINS,MT,599
ROLLINSFORD,NH,038
ROLLINSVILLE,CO,804
ROMA,TX,785
ROMANCE,AR,721
ROMAYOR,TX,773
ROME,GA,301
ROME,IL,615
ROME,MS,387
ROME,NY,134
ROME,PA,188
ROME CITY,IN,467
ROMEO,CO,811
ROMEO,MI,480
ROMEOVILLE,IL,604
ROMNEY,WV,267
ROMULUS,MI,481
ROMULUS,NY,145
RONALD,WA,989
RONAN,MT,598
RONCEVERTE,WV,249
RONCO,PA,154
RONDA,NC,286
RONKONKOMA,NY,117
RONKS,PA,175
ROODHOUSE,IL,620
ROOPVILLE,GA,301
ROOSEVELT,AZ,855
ROOSEVELT,MN,566
ROOSEVELT,NJ,085
ROOSEVELT,NY,115
ROOSEVELT,OK,735
ROOSEVELT,TX,768
ROOSEVELT,UT,840
ROOSEVELT,WA,993
ROOSEVELTOWN,NY,136
ROOTSTOWN,OH,442
ROPESVILLE,TX,793
ROSALIA,KS,671
ROSALIA,WA,991
ROSAMOND,CA,935
ROSANKY,TX,789
ROSBURG,WA,986
ROSCOE,IL,610
ROSCOE,MO,647
ROSCOE,MT,590
ROSCOE,PA,154
ROSCOE,SD,574
ROSCOE,TX,795
ROSCOMMON,MI,486
ROSE,NE,687
ROSE,NY,145
ROSE BUD,AR,721
ROSE CITY,MI,486
ROSE CREEK,MN,559
ROSE HILL,KS,671
ROSE HILL,MS,393
ROSE HILL,NC,284
ROSEAU,MN,567
ROSEBORO,NC,283
ROSEBUD,MO,630
ROSEBUD,SD,575
ROSEBUD,TX,765
ROSEBURG,OR,974
ROSEDALE,IN,478
ROSEDALE,LA,707
ROSEDALE,MD,212
ROSEDALE,MS,387
ROSEDALE,NY,114
ROSEDALE,VA,242
ROSEDALE,WV,266
ROSEGLEN,ND,587
ROSELAND,FL,329
ROSELAND,LA,704
ROSELAND,NE,689
ROSELAND,NJ,070
ROSELAND,VA,229
ROSELAWN,IN,463
ROSELLE,IL,601
ROSELLE,NJ,072
ROSEMEAD,CA,917
ROSEMONT,NJ,085
ROSEMONT,WV,264
ROSEMOUNT,MN,550
ROSENBERG,TX,774
ROSENDALE,NY,124
ROSENDALE,WI,549
ROSENHAYN,NJ,083
ROSEPINE,LA,706
ROSEVILLE,CA,956
ROSEVILLE,IL,614
ROSEVILLE,MI,480
ROSEVILLE,OH,437
ROSEWOOD,OH,430
ROSHARON,TX,775
ROSHOLT,SD,572
ROSHOLT,WI,544
ROSINE,KY,423
ROSLINDALE,MA,021
ROSLYN,NY,115
ROSLYN,SD,572
ROSLYN,WA,989
ROSLYN HEIGHTS,NY,115
ROSMAN,NC,287
ROSS,CA,949
ROSS,ND,587
ROSS,OH,450
ROSS,TX,766
ROSSBURG,OH,453
ROSSER,TX,751
ROSSITER,PA,157
ROSSTON,AR,718
ROSSVILLE,GA,307
ROSSVILLE,IL,609
ROSSVILLE,KS,665
ROSSVILLE,PA,173
ROSSVILLE,TN,380
ROSTRAVER TOWNSHIP,PA,150
ROSWELL,GA,300
ROSWELL,NM,882
ROTA,MP,969
ROTAN,TX,795
ROTHBURY,MI,494
ROTHSAY,MN,565
ROTHSCHILD,WI,544
ROTTERDAM JUNCTION,NY,121
ROUGEMONT,NC,275
ROUGH AND READY,CA,959
ROUGON,LA,707
ROULETTE,PA,167
ROUND HILL,VA,201
ROUND LAKE,IL,600
ROUND LAKE,MN,561
ROUND LAKE,NY,121
ROUND MOUNTAIN,CA,960
ROUND MOUNTAIN,NV,890
ROUND MOUNTAIN,TX,786
ROUND POND,ME,045
ROUND ROCK,TX,786
ROUND TOP,TX,789
ROUNDHEAD,OH,433
ROUNDHILL,KY,422
ROUNDUP,MT,590
ROUSES POINT,NY,129
ROUSEVILLE,PA,163
ROUZERVILLE,PA,172
ROVER,AR,728
ROWAN,IA,504
ROWE,NM,875
ROWE,VA,246
ROWENA,TX,768
ROWLAND,NC,283
ROWLAND,PA,184
ROWLAND HEIGHTS,CA,917
ROWLESBURG,WV,264
ROWLETT,TX,750
ROWLEY,IA,523
ROWLEY,MA,019
ROXANA,KY,418
ROXBORO,NC,275
ROXBURY,CT,067
ROXBURY,KS,674
ROXBURY,MA,021
ROXBURY,ME,042
ROXBURY,NY,124
ROXBURY,PA,172
ROXBURY CROSSING,MA,021
ROXIE,MS,396
ROXOBEL,NC,278
ROXTON,TX,754
ROY,MT,594
ROY,NM,877
ROY,UT,840
ROY,WA,985
ROYAL,AR,719
ROYAL,IA,513
ROYAL,IL,618
ROYAL CITY,WA,993
ROYAL OAK,MD,216
ROYAL OAK,MI,480
ROYAL PALM BEACH,FL,334
ROYERSFORD,PA,194
ROYSE CITY,TX,751
ROYSTON,GA,306
ROZEL,KS,675
ROZET,WY,827
RUBICON,WI,530
RUBY,AK,997
RUBY,NY,124
RUBY,VA,225
RUCKERSVILLE,VA,229
RUDD,IA,504
RUDOLPH,OH,434
RUDOLPH,WI,544
RUDY,AR,729
RUDYARD,MT,595
RUFE,OK,747
RUFFIN,SC,294
RUFUS,OR,970
RUGBY,ND,583
RUIDOSO,NM,883
RUIDOSO DOWNS,NM,883
RULE,TX,795
RULEVILLE,MS,387
RUMELY,MI,498
RUMFORD,ME,042
RUMFORD,RI,029
RUMNEY,NH,032
RUMSEY,CA,956
RUMSON,NJ,077
RUNGE,TX,781
RUNNELLS,IA,502
RUNNING SPRINGS,CA,923
RUPERT,ID,833
RUPERT,VT,057
RUPERT,WV,259
RURAL HALL,NC,270
RURAL RETREAT,VA,243
RURAL RIDGE,PA,150
RURAL VALLEY,PA,162
RUSH,CO,808
RUSH,NY,145
RUSH CENTER,KS,675
RUSH CITY,MN,550
RUSH SPRINGS,OK,730
RUSH VALLEY,UT,840
RUSHFORD,MN,559
RUSHFORD,NY,147
RUSHLAND,PA,189
RUSHMORE,MN,561
RUSHVILLE,IL,626
RUSHVILLE,IN,461
RUSHVILLE,MO,644
RUSHVILLE,NY,145
RUSHVILLE,PA,188
RUSK,TX,757
RUSSELL,AR,721
RUSSELL,IA,502
RUSSELL,IL,600
RUSSELL,KS,676
RUSSELL,MA,010
RUSSELL,MN,561
RUSSELL,NY,136
RUSSELL,PA,163
RUSSELL SPRINGS,KY,426
RUSSELLS POINT,OH,433
RUSSELLTON,PA,150
RUSSELLVILLE,AL,356
RUSSELLVILLE,AR,728
RUSSELLVILLE,IN,461
RUSSELLVILLE,KY,422
RUSSELLVILLE,MO,650
RUSSELLVILLE,SC,294
RUSSELLVILLE,TN,378
RUSSIA,OH,453
RUSSIAN MISSION,AK,996
RUSTBURG,VA,245
RUSTON,LA,712
RUTH,MI,484
RUTHER GLEN,VA,225
RUTHERFORD,CA,945
RUTHERFORD,NJ,070
RUTHERFORD COLLEGE,NC,286
RUTHERFORDTON,NC,281
RUTHTON,MN,561
RUTHVEN,IA,513
RUTHVILLE,VA,231
RUTLAND,MA,015
RUTLAND,VT,057
RUTLEDGE,GA,306
RUTLEDGE,MO,635
RUTLEDGE,TN,378
RYAN,IA,523
RYAN,OK,735
RYDAL,GA,301
RYDE,CA,956
RYDER,ND,587
RYDERWOOD,WA,985
RYE,CO,810
RYE,NY,105
RYE,TX,773
RYE BEACH,NH,038
RYEGATE,MT,590
RYLAND,AL,357
S COFFEYVILLE,OK,740
SABANA GRANDE,PR,006
SABANA HOYOS,PR,006
SABANA SECA,PR,009
SABETHA,KS,665
SABILLASVILLE,MD,217
SABIN,MN,565
SABINA,OH,451
SABINAL,TX,788
SABINE PASS,TX,776
SABINSVILLE,PA,169
SABULA,IA,520
SAC CITY,IA,505
SACATON,AZ,851
SACKETS HARBOR,NY,136
SACO,ME,040
SACO,MT,592
SACRAMENTO,CA,958
SACRAMENTO,NM,883
SACRAMENTO,PA,179
SACRED HEART,MN,562
SACUL,TX,757
SADDLE BROOK,NJ,076
SADIEVILLE,KY,403
SADLER,TX,762
SADORUS,IL,618
SADSBURYVILLE,PA,193
SAEGERTOWN,PA,164
SAFETY HARBOR,FL,346
SAFFELL,AR,725
SAFFORD,AL,367
SAFFORD,AZ,855
SAG HARBOR,NY,119
SAGAMORE,MA,025
SAGAMORE,PA,162
SAGAMORE BEACH,MA,025
SAGAPONACK,NY,119
SAGE,AR,725
SAGINAW,AL,351
SAGINAW,MI,486
SAGINAW,MN,557
SAGINAW,MO,648
SAGLE,ID,838
SAGUACHE,CO,811
SAHUARITA,AZ,856
SAINT AGATHA,ME,047
SAINT ALBANS,ME,049
SAINT ALBANS,MO,630
SAINT ALBANS,NY,114
SAINT ALBANS,VT,054
SAINT ALBANS,WV,251
SAINT ALBANS BAY,VT,054
SAINT AMANT,LA,707
SAINT ANNE,IL,609
SAINT ANSGAR,IA,504
SAINT ANTHONY,IA,502
SAINT ANTHONY,ID,834
SAINT ANTHONY,IN,475
SAINT AUGUSTINE,FL,320
SAINT BENEDICT,LA,704
SAINT BENEDICT,OR,973
SAINT BENEDICT,PA,157
SAINT BERNICE,IN,478
SAINT BONAVENTURE,NY,147
SAINT BONIFACIUS,MN,553
SAINT CHARLES,IA,502
SAINT CHARLES,ID,832
SAINT CHARLES,IL,601
SAINT CHARLES,MI,486
SAINT CHARLES,MN,559
SAINT CHARLES,MO,633
SAINT CLAIR,MN,560
SAINT CLAIR,MO,630
SAINT CLAIR,PA,179
SAINT CLAIR SHORES,MI,480
SAINT CLAIRSVILLE,OH,439
SAINT CLOUD,FL,347
SAINT CLOUD,MN,563
SAINT CROIX FALLS,WI,540
SAINT DAVID,AZ,856
SAINT DAVID,IL,615
SAINT EDWARD,NE,686
SAINT ELIZABETH,MO,650
SAINT ELMO,AL,365
SAINT ELMO,IL,624
SAINT FRANCIS,AR,724
SAINT FRANCIS,KS,677
SAINT FRANCIS,ME,047
SAINT FRANCIS,MN,550
SAINT FRANCIS,SD,575
SAINT FRANCISVILLE,IL,624
SAINT FRANCISVILLE,LA,707
SAINT GABRIEL,LA,707
SAINT GEORGE,GA,315
SAINT GEORGE,KS,665
SAINT GEORGE,ME,048
SAINT GEORGE,SC,294
SAINT GEORGE,UT,847
SAINT GEORGE ISLAND,AK,995
SAINT GEORGES,DE,197
SAINT HEDWIG,TX,781
SAINT HELEN,MI,486
SAINT HELENA,CA,945
SAINT HELENA ISLAND,SC,299
SAINT HELENS,KY,413
SAINT HELENS,OR,970
SAINT HENRY,OH,458
SAINT HILAIRE,MN,567
SAINT IGNACE,MI,497
SAINT IGNATIUS,MT,598
SAINT INIGOES,MD,206
SAINT JACOB,IL,622
SAINT JAMES,MN,560
SAINT JAMES,MO,655
SAINT JAMES,NY,117
SAINT JAMES CITY,FL,339
SAINT JO,TX,762
SAINT JOE,AR,726
SAINT JOE,IN,467
SAINT JOHN,IN,463
SAINT JOHN,WA,991
SAINT JOHNS,AZ,859
SAINT JOHNS,FL,322
SAINT JOHNS,MI,488
SAINT JOHNS,OH,458
SAINT JOHNS,PA,182
SAINT JOHNSBURY,VT,058
SAINT JOHNSBURY CENTER,VT,058
SAINT JOHNSVILLE,NY,134
SAINT JOSEPH,IL,618
SAINT JOSEPH,LA,713
SAINT JOSEPH,MN,563
SAINT JOSEPH,MO,645
SAINT JOSEPH,TN,384
SAINT LANDRY,LA,713
SAINT LEO,FL,335
SAINT LEONARD,MD,206
SAINT LIBORY,IL,622
SAINT LOUIS,MI,488
SAINT LOUIS,MO,631
SAINT LOUIS,OK,748
SAINT LOUISVILLE,OH,430
SAINT LUCAS,IA,521
SAINT MARIES,ID,838
SAINT MARKS,FL,323
SAINT MARTIN,MN,563
SAINT MARTINVILLE,LA,705
SAINT MARY,KY,400
SAINT MARY,MO,636
SAINT MARY OF THE WOODS,IN,478
SAINT MARYS,AK,996
SAINT MARYS,GA,315
SAINT MARYS,IA,502
SAINT MARYS,KS,665
SAINT MARYS,OH,458
SAINT MARYS,PA,158
SAINT MARYS,WV,261
SAINT MARYS CITY,MD,206
SAINT MATTHEWS,SC,291
SAINT MEINRAD,IN,475
SAINT MICHAEL,AK,996
SAINT MICHAEL,MN,553
SAINT MICHAEL,PA,159
SAINT MICHAELS,AZ,865
SAINT MICHAELS,MD,216
SAINT NAZIANZ,WI,542
SAINT ONGE,SD,577
SAINT PARIS,OH,430
SAINT PATRICK,MO,634
SAINT PAUL,IN,472
SAINT PAUL,KS,667
SAINT PAUL,KY,411
SAINT PAUL,MN,551
SAINT PAUL,NE,688
SAINT PAUL,OR,971
SAINT PAUL ISLAND,AK,996
SAINT PAULS,NC,283
SAINT PETER,IL,628
SAINT PETER,MN,560
SAINT PETERS,MO,633
SAINT PETERS,PA,194
SAINT PETERSBURG,FL,337
SAINT PETERSBURG,PA,160
SAINT REGIS,MT,598
SAINT REGIS FALLS,NY,129
SAINT ROSE,LA,700
SAINT SIMONS ISLAND,GA,315
SAINT STEPHEN,SC,294
SAINT STEPHENS,AL,365
SAINT STEPHENS,WY,825
SAINT STEPHENS CHURCH,VA,230
SAINT THOMAS,ND,582
SAINT THOMAS,PA,172
SAINT XAVIER,MT,590
SAINTE GENEVIEVE,MO,636
SAINTE MARIE,IL,624
SAIPAN,MP,969
SALADO,AR,725
SALADO,TX,765
SALAMANCA,NY,147
SALE CITY,GA,317
SALE CREEK,TN,373
SALEM,AL,368
SALEM,AR,725
SALEM,FL,323
SALEM,IA,526
SALEM,IL,628
SALEM,IN,471
SALEM,KY,420
SALEM,MA,019
SALEM,MO,654
SALEM,NH,030
SALEM,NM,879
SALEM,NY,128
SALEM,OH,444
SALEM,OR,973
SALEM,SC,296
SALEM,SD,570
SALEM,UT,846
SALEM,VA,241
SALEM,WI,531
SALEM,WV,264
SALEMBURG,NC,283
SALFORD,PA,189
SALFORDVILLE,PA,189
SALIDA,CA,953
SALIDA,CO,812
SALINA,KS,674
SALINA,OK,743
SALINA,PA,156
SALINA,UT,846
SALINAS,CA,939
SALINAS,PR,007
SALINE,LA,710
SALINE,MI,481
SALINENO,TX,785
SALINEVILLE,OH,439
SALISBURY,CT,060
SALISBURY,MD,218
SALISBURY,MO,652
SALISBURY,NC,281
SALISBURY,NH,032
SALISBURY,PA,155
SALISBURY,VT,057
SALISBURY CENTER,NY,134
SALISBURY MILLS,NY,125
SALITPA,AL,365
SALIX,IA,510
SALIX,PA,159
SALKUM,WA,985
SALLEY,SC,291
SALLIS,MS,391
SALLISAW,OK,749
SALMON,ID,834
SALOME,AZ,853
SALONA,PA,177
SALSBURY COVE,ME,046
SALT LAKE CITY,UT,841
SALT ROCK,WV,255
SALTERS,SC,295
SALTILLO,MS,388
SALTILLO,PA,172
SALTILLO,TN,383
SALTSBURG,PA,156
SALTVILLE,VA,243
SALUDA,NC,287
SALUDA,SC,290
SALUDA,VA,231
SALYER,CA,955
SALYERSVILLE,KY,414
SAMANTHA,AL,354
SAMARIA,MI,481
SAMSON,AL,364
SAN ACACIA,NM,878
SAN ANDREAS,CA,952
SAN ANGELO,TX,769
SAN ANSELMO,CA,949
SAN ANTONIO,FL,335
SAN ANTONIO,NM,878
SAN ANTONIO,PR,006
SAN ANTONIO,TX,782
SAN ARDO,CA,934
SAN AUGUSTINE,TX,759
SAN BENITO,TX,785
SAN BERNARDINO,CA,924
SAN BRUNO,CA,940
SAN CARLOS,AZ,855
SAN CARLOS,CA,940
SAN CLEMENTE,CA,926
SAN CRISTOBAL,NM,875
SAN DIEGO,CA,920
SAN DIMAS,CA,917
SAN ELIZARIO,TX,798
SAN FELIPE,TX,774
SAN FERNANDO,CA,913
SAN FIDEL,NM,870
SAN FRANCISCO,CA,941
SAN GABRIEL,CA,917
SAN GERMAN,PR,006
SAN GERONIMO,CA,949
SAN GREGORIO,CA,940
SAN JACINTO,CA,925
SAN JOAQUIN,CA,936
SAN JON,NM,884
SAN JOSE,CA,950
SAN JOSE,IL,626
SAN JOSE,NM,875
SAN JUAN,PR,009
SAN JUAN,TX,785
SAN JUAN BAUTISTA,CA,950
SAN JUAN CAPISTRANO,CA,926
SAN LEANDRO,CA,945
SAN LORENZO,CA,945
SAN LORENZO,PR,007
SAN LUCAS,CA,939
SAN LUIS,AZ,853
SAN LUIS,CO,811
SAN LUIS OBISPO,CA,934
SAN MANUEL,AZ,856
SAN MARCOS,CA,920
SAN MARCOS,TX,786
SAN MARINO,CA,911
SAN MARTIN,CA,950
SAN MATEO,CA,944
SAN MATEO,FL,321
SAN MIGUEL,CA,934
SAN MIGUEL,NM,880
SAN PABLO,CA,948
SAN PABLO,CO,811
SAN PATRICIO,NM,883
SAN PEDRO,CA,907
SAN PERLITA,TX,785
SAN QUENTIN,CA,949
SAN RAFAEL,CA,949
SAN RAFAEL,NM,870
SAN RAMON,CA,945
SAN SABA,TX,768
SAN SEBASTIAN,PR,006
SAN SIMON,AZ,856
SAN YGNACIO,TX,780
SAN YSIDRO,CA,921
SAN YSIDRO,NM,870
SANATORIUM,MS,391
SANBORN,IA,512
SANBORN,MN,560
SANBORN,ND,584
SANBORN,NY,141
SANBORNTON,NH,032
SANBORNVILLE,NH,038
SAND COULEE,MT,594
SAND CREEK,MI,492
SAND CREEK,WI,547
SAND FORK,WV,264
SAND LAKE,MI,493
SAND LAKE,NY,121
SAND POINT,AK,996
SAND SPRINGS,MT,590
SAND SPRINGS,OK,740
SANDBORN,IN,475
SANDERS,AZ,865
SANDERS,KY,410
SANDERSON,TX,798
SANDERSVILLE,GA,310
SANDERSVILLE,MS,394
SANDHILL,MS,391
SANDIA PARK,NM,870
SANDOWN,NH,038
SANDPOINT,ID,838
SANDSTON,VA,231
SANDSTONE,MN,550
SANDSTONE,WV,259
SANDUSKY,MI,484
SANDUSKY,OH,448
SANDWICH,IL,605
SANDWICH,MA,025
SANDY,OR,970
SANDY,UT,840
SANDY CREEK,NY,131
SANDY HOOK,KY,411
SANDY HOOK,MS,394
SANDY LAKE,PA,161
SANDY POINT,VA,225
SANDY RIDGE,NC,270
SANDY SPRINGS,SC,296
SANDYVILLE,OH,446
SANDYVILLE,WV,252
SANFORD,CO,811
SANFORD,FL,327
SANFORD,ME,040
SANFORD,MI,486
SANFORD,NC,273
SANFORD,TX,790
SANGER,CA,936
SANGER,TX,762
SANGERFIELD,NY,134
SANIBEL,FL,339
SANOSTEE,NM,874
SANTA,ID,838
SANTA ANA,CA,927
SANTA ANNA,TX,768
SANTA BARBARA,CA,931
SANTA CLARA,CA,950
SANTA CLARA,NM,880
SANTA CLARA,UT,847
SANTA CLARITA,CA,913
SANTA CLAUS,IN,475
SANTA CRUZ,CA,950
SANTA CRUZ,NM,875
SANTA ELENA,TX,785
SANTA FE,NM,875
SANTA FE,TN,384
SANTA FE,TX,775
SANTA FE SPRINGS,CA,906
SANTA ISABEL,PR,007
SANTA MARGARITA,CA,934
SANTA MARIA,CA,934
SANTA MARIA,TX,785
SANTA MONICA,CA,904
SANTA PAULA,CA,930
SANTA RITA,GU,969
SANTA RITA PARK,CA,936
SANTA ROSA,CA,954
SANTA ROSA,NM,884
SANTA ROSA BEACH,FL,324
SANTA TERESA,NM,880
SANTA YNEZ,CA,934
SANTA YSABEL,CA,920
SANTAQUIN,UT,846
SANTEE,CA,920
SANTEE,SC,291
SANTO,TX,764
SANTO DOMINGO PUEBLO,NM,870
SAPELO ISLAND,GA,313
SAPPHIRE,NC,287
SAPULPA,OK,740
SARAGOSA,TX,797
SARAH,MS,386
SARAH ANN,WV,256
SARALAND,AL,365
SARANAC,MI,488
SARANAC,NY,129
SARANAC LAKE,NY,129
SARASOTA,FL,342
SARATOGA,AR,718
SARATOGA,CA,950
SARATOGA,IN,473
SARATOGA,NC,278
SARATOGA,TX,775
SARATOGA,WY,823
SARATOGA SPRINGS,NY,128
SARCOXIE,MO,648
SARDINIA,OH,451
SARDIS,AL,367
SARDIS,GA,304
SARDIS,MS,386
SARDIS,OH,439
SARDIS,TN,383
SAREPTA,LA,710
SARGENT,GA,302
SARGENT,NE,688
SARGENTS,CO,812
SARITA,TX,783
SARONA,WI,548
SARVER,PA,160
SASABE,AZ,856
SASAKWA,OK,748
SASSAMANSVILLE,PA,194
SASSER,GA,398
SATANTA,KS,678
SATARTIA,MS,391
SATELLITE BEACH,FL,329
SATSOP,WA,985
SATSUMA,AL,365
SATSUMA,FL,321
SAUCIER,MS,395
SAUGATUCK,MI,494
SAUGERTIES,NY,124
SAUGUS,MA,019
SAUK CENTRE,MN,563
SAUK CITY,WI,535
SAUK RAPIDS,MN,563
SAULSBURY,TN,380
SAULT SAINTE MARIE,MI,497
SAUNEMIN,IL,617
SAUQUOIT,NY,134
SAUSALITO,CA,949
SAVAGE,MD,207
SAVAGE,MT,592
SAVANNA,IL,610
SAVANNA,OK,745
SAVANNAH,GA,314
SAVANNAH,MO,644
SAVANNAH,NY,131
SAVANNAH,OH,448
SAVANNAH,TN,383
SAVERY,WY,823
SAVOONGA,AK,997
SAVOY,IL,618
SAVOY,MA,012
SAWMILL,AZ,865
SAWYER,KS,671
SAWYER,MI,491
SAWYER,MN,557
SAWYER,ND,587
SAWYER,OK,747
SAWYERVILLE,AL,367
SAWYERVILLE,IL,620
SAXAPAHAW,NC,273
SAXEVILLE,WI,549
SAXIS,VA,234
SAXON,WI,545
SAXONBURG,PA,160
SAXTON,PA,166
SAXTONS RIVER,VT,051
SAYBROOK,IL,617
SAYLORSBURG,PA,183
SAYNER,WI,545
SAYRE,OK,736
SAYRE,PA,188
SAYREVILLE,NJ,088
SAYVILLE,NY,117
SCALES MOUND,IL,610
SCALF,KY,409
SCAMMON BAY,AK,996
SCANDIA,MN,550
SCANDINAVIA,WI,549
SCAPPOOSE,OR,970
SCARBOROUGH,ME,040
SCARBRO,WV,259
SCARSDALE,NY,105
SCENIC,SD,577
SCHAEFFERSTOWN,PA,170
SCHAGHTICOKE,NY,121
SCHALLER,IA,510
SCHAUMBURG,IL,601
SCHELL CITY,MO,647
SCHELLER,IL,628
SCHENECTADY,NY,123
SCHENEVUS,NY,121
SCHENLEY,PA,156
SCHERERVILLE,IN,463
SCHERTZ,TX,781
SCHLATER,MS,389
SCHLESWIG,IA,514
SCHLEY,VA,231
SCHNECKSVILLE,PA,180
SCHNEIDER,IN,463
SCHODACK LANDING,NY,121
SCHOFIELD,WI,544
SCHOHARIE,NY,121
SCHOOLEYS MOUNTAIN,NJ,078
SCHRIEVER,LA,703
SCHROEDER,MN,556
SCHROON LAKE,NY,128
SCHULENBURG,TX,789
SCHULTER,OK,744
SCHURZ,NV,894
SCHUYLER,NE,686
SCHUYLER,VA,229
SCHUYLER FALLS,NY,129
SCHUYLER LAKE,NY,134
SCHUYLERVILLE,NY,128
SCHWERTNER,TX,765
SCIENCE HILL,KY,425
SCIO,NY,148
SCIO,OH,439
SCIO,OR,973
SCIOTA,PA,183
SCIOTO FURNACE,OH,456
SCIPIO,IN,472
SCIPIO,UT,846
SCIPIO CENTER,NY,131
SCITUATE,MA,020
SCOBEY,MT,592
SCOOBA,MS,393
SCOTCH PLAINS,NJ,070
SCOTIA,NE,688
SCOTIA,SC,299
SCOTLAND,CT,062
SCOTLAND,GA,310
SCOTLAND,PA,172
SCOTLAND,SD,570
SCOTLAND,TX,763
SCOTLAND NECK,NC,278
SCOTRUN,PA,183
SCOTT,AR,721
SCOTT,LA,705
SCOTT,OH,458
SCOTT BAR,CA,960
SCOTT CITY,KS,678
SCOTT DEPOT,WV,255
SCOTTDALE,PA,156
SCOTTOWN,OH,456
SCOTTS,MI,490
SCOTTS,NC,286
SCOTTS HILL,TN,383
SCOTTS MILLS,OR,973
SCOTTS VALLEY,CA,950
SCOTTSBLUFF,NE,693
SCOTTSBORO,AL,357
SCOTTSBURG,IN,471
SCOTTSBURG,OR,974
SCOTTSBURG,VA,245
SCOTTSDALE,AZ,852
SCOTTSMOOR,FL,327
SCOTTSVILLE,KY,421
SCOTTSVILLE,NY,145
SCOTTSVILLE,TX,756
SCOTTSVILLE,VA,245
SCOTTVILLE,MI,494
SCRANTON,AR,728
SCRANTON,IA,514
SCRANTON,KS,665
SCRANTON,ND,586
SCRANTON,PA,185
SCRANTON,SC,295
SCREVEN,GA,315
SCROGGINS,TX,754
SCURRY,TX,751
SE REE,KY,401
SEA CLIFF,NY,115
SEA GIRT,NJ,087
SEA ISLE CITY,NJ,082
SEABECK,WA,983
SEABROOK,SC,299
SEABROOK,TX,775
SEADRIFT,TX,779
SEAFORD,DE,199
SEAFORD,NY,117
SEAFORD,VA,236
SEAGRAVES,TX,793
SEAHURST,WA,980
SEAL BEACH,CA,907
SEAL COVE,ME,046
SEAL HARBOR,ME,046
SEALE,AL,368
SEALEVEL,NC,285
SEALSTON,VA,225
SEALY,TX,774
SEAMAN,OH,456
SEARCHLIGHT,NV,890
SEARCY,AR,721
SEARSMONT,ME,049
SEARSPORT,ME,049
SEASIDE,CA,939
SEASIDE,OR,971
SEASIDE HEIGHTS,NJ,087
SEASIDE PARK,NJ,087
SEATAC,WA,981
SEATONVILLE,IL,613
SEATTLE,WA,981
SEAVIEW,WA,986
SEBAGO,ME,040
SEBASCO ESTATES,ME,045
SEBASTIAN,FL,329
SEBASTIAN,TX,785
SEBASTOPOL,CA,954
SEBASTOPOL,MS,393
SEBEKA,MN,564
SEBEWAING,MI,487
SEBREE,KY,424
SEBRING,FL,338
SEBRING,OH,446
SECAUCUS,NJ,070
SECOND MESA,AZ,860
SECRETARY,MD,216
SECTION,AL,357
SEDALIA,CO,801
SEDALIA,IN,460
SEDALIA,KY,420
SEDALIA,MO,653
SEDALIA,NC,273
SEDALIA,OH,431
SEDAN,KS,673
SEDAN,NM,884
SEDGEWICKVILLE,MO,637
SEDGWICK,AR,724
SEDGWICK,CO,807
SEDGWICK,KS,671
SEDGWICK,ME,046
SEDLEY,VA,238
SEDONA,AZ,863
SEEKONK,MA,027
SEELEY,CA,922
SEELEY LAKE,MT,598
SEELYVILLE,IN,478
SEFFNER,FL,335
SEGUIN,TX,781
SEIAD VALLEY,CA,960
SEIBERT,CO,808
SEILING,OK,736
SELAH,WA,989
SELAWIK,AK,997
SELBY,SD,574
SELBYVILLE,DE,199
SELDEN,KS,677
SELDEN,NY,117
SELDOVIA,AK,996
SELIGMAN,AZ,863
SELIGMAN,MO,657
SELINSGROVE,PA,178
SELKIRK,NY,121
SELLERSBURG,IN,471
SELLERSVILLE,PA,189
SELLS,AZ,856
SELMA,AL,367
SELMA,CA,936
SELMA,IN,473
SELMA,NC,275
SELMA,OR,975
SELMA,VA,244
SELMAN CITY,TX,756
SELMER,TN,383
SEMINARY,MS,394
SEMINOLE,FL,337
SEMINOLE,OK,748
SEMINOLE,PA,162
SEMINOLE,TX,793
SEMMES,AL,365
SEMORA,NC,273
SENATH,MO,638
SENATOBIA,MS,386
SENECA,IL,613
SENECA,KS,665
SENECA,MO,648
SENECA,NM,884
SENECA,OR,978
SENECA,SC,296
SENECA,WI,546
SENECA CASTLE,NY,145
SENECA FALLS,NY,131
SENECA ROCKS,WV,268
SENECAVILLE,OH,437
SENEY,MI,498
SENOIA,GA,302
SENTINEL,OK,736
SEQUATCHIE,TN,373
SEQUIM,WA,983
SERAFINA,NM,875
SERENA,IL,605
SERGEANT BLUFF,IA,510
SERVIA,IN,469
SESSER,IL,628
SETH,WV,251
SEVEN MILE,OH,450
SEVEN VALLEYS,PA,173
SEVERANCE,CO,805
SEVERANCE,NY,128
SEVERN,MD,211
SEVERN,NC,278
SEVERNA PARK,MD,211
SEVERY,KS,671
SEVIERVILLE,TN,378
SEVILLE,OH,442
SEWANEE,TN,373
SEWARD,AK,996
SEWARD,IL,610
SEWARD,NE,683
SEWARD,PA,159
SEWAREN,NJ,070
SEWELL,NJ,080
SEWICKLEY,PA,151
SEXTONS CREEK,KY,409
SEXTONVILLE,WI,535
SEYMOUR,CT,064
SEYMOUR,IA,525
SEYMOUR,IL,618
SEYMOUR,IN,472
SEYMOUR,MO,657
SEYMOUR,TN,378
SEYMOUR,TX,763
SEYMOUR,WI,541
SHABBONA,IL,605
SHACKLEFORDS,VA,230
SHADE GAP,PA,172
SHADEHILL,SD,576
SHADY COVE,OR,975
SHADY DALE,GA,310
SHADY GROVE,PA,172
SHADY POINT,OK,749
SHADY SIDE,MD,207
SHADY SPRING,WV,259
SHADY VALLEY,TN,376
SHADYSIDE,OH,439
SHAFER,MN,550
SHAFTER,CA,932
SHAFTSBURG,MI,488
SHAGELUK,AK,996
SHAKOPEE,MN,553
SHAKTOOLIK,AK,997
SHALLOTTE,NC,284
SHALLOWATER,TX,793
SHAMBAUGH,IA,516
SHAMOKIN,PA,178
SHAMROCK,OK,740
SHAMROCK,TX,790
SHANDAKEN,NY,124
SHANDON,CA,934
SHANDON,OH,450
SHANIKO,OR,970
SHANKSVILLE,PA,155
SHANNOCK,RI,028
SHANNON,AL,351
SHANNON,GA,301
SHANNON,IL,610
SHANNON,MS,388
SHAPLEIGH,ME,040
SHARON,CT,060
SHARON,GA,306
SHARON,KS,671
SHARON,MA,020
SHARON,MS,391
SHARON,OK,738
SHARON,PA,161
SHARON,SC,297
SHARON,VT,050
SHARON,WI,535
SHARON CENTER,OH,442
SHARON HILL,PA,190
SHARON SPRINGS,KS,677
SHARON SPRINGS,NY,120
SHARPES,FL,329
SHARPLES,WV,251
SHARPS,VA,225
SHARPS CHAPEL,TN,378
SHARPSBURG,GA,302
SHARPSBURG,MD,217
SHARPSBURG,NC,278
SHARPTOWN,MD,218
SHARTLESVILLE,PA,195
SHASTA,CA,960
SHASTA LAKE,CA,960
SHATTUC,IL,622
SHATTUCK,OK,738
SHAUCK,OH,433
SHAVER LAKE,CA,936
SHAVERTOWN,PA,187
SHAW,MS,387
SHAW AFB,SC,291
SHAW ISLAND,WA,982
SHAWANO,WI,541
SHAWMUT,ME,049
SHAWMUT,MT,590
SHAWNEE,CO,804
SHAWNEE,KS,662
SHAWNEE,OK,748
SHAWNEE ON DELAWARE,PA,183
SHAWSVILLE,VA,241
SHAWVILLE,PA,168
SHEAKLEYVILLE,PA,161
SHEBOYGAN,WI,530
SHEBOYGAN FALLS,WI,530
SHEDD,OR,973
SHEEP SPRINGS,NM,873
SHEEPRANCH,CA,952
SHEFFIELD,AL,356
SHEFFIELD,IA,504
SHEFFIELD,IL,613
SHEFFIELD,MA,012
SHEFFIELD,PA,163
SHEFFIELD,TX,797
SHEFFIELD,VT,058
SHELBINA,MO,634
SHELBURN,IN,478
SHELBURNE,VT,054
SHELBURNE FALLS,MA,013
SHELBY,AL,351
SHELBY,IN,463
SHELBY,MI,494
SHELBY,MS,387
SHELBY,MT,594
SHELBY,NC,281
SHELBY,OH,448
SHELBY GAP,KY,415
SHELBY TOWNSHIP,MI,483
SHELBYVILLE,IL,625
SHELBYVILLE,IN,461
SHELBYVILLE,KY,400
SHELBYVILLE,MI,493
SHELBYVILLE,MO,634
SHELBYVILLE,TN,371
SHELBYVILLE,TX,759
SHELDAHL,IA,502
SHELDON,IA,512
SHELDON,IL,609
SHELDON,MO,647
SHELDON,SC,299
SHELDON,WI,547
SHELDON SPRINGS,VT,054
SHELDONVILLE,MA,020
SHELL,WY,824
SHELL KNOB,MO,657
SHELL LAKE,WI,548
SHELL ROCK,IA,506
SHELLEY,ID,832
SHELLMAN,GA,317
SHELLSBURG,IA,523
SHELOCTA,PA,157
SHELTER ISLAND,NY,119
SHELTER ISLAND HEIGHTS,NY,119
SHELTON,CT,064
SHELTON,NE,688
SHELTON,WA,985
SHENANDOAH,IA,516
SHENANDOAH,PA,179
SHENANDOAH,VA,228
SHENANDOAH JUNCTION,WV,254
SHENOROCK,NY,105
SHEPARDSVILLE,IN,478
SHEPHERD,MI,488
SHEPHERD,MT,590
SHEPHERD,TX,773
SHEPHERDSTOWN,WV,254
SHEPHERDSVILLE,KY,401
SHEPPARD AFB,TX,763
SHEPPTON,PA,182
SHERBORN,MA,017
SHERBURN,MN,561
SHERBURNE,NY,134
SHERIDAN,AR,721
SHERIDAN,CA,956
SHERIDAN,IL,605
SHERIDAN,IN,460
SHERIDAN,MI,488
SHERIDAN,MT,597
SHERIDAN,NY,141
SHERIDAN,OR,973
SHERIDAN,TX,774
SHERIDAN,WY,828
SHERIDAN LAKE,CO,810
SHERMAN,CT,067
SHERMAN,IL,626
SHERMAN,ME,047
SHERMAN,MS,388
SHERMAN,NY,147
SHERMAN,TX,750
SHERMAN OAKS,CA,914
SHERMANS DALE,PA,170
SHERRARD,IL,612
SHERRILL,AR,721
SHERRILL,IA,520
SHERRILLS FORD,NC,286
SHERRODSVILLE,OH,446
SHERWOOD,AR,721
SHERWOOD,MI,490
SHERWOOD,ND,587
SHERWOOD,OH,435
SHERWOOD,OR,971
SHERWOOD,WI,541
SHERWOOD FOREST,MD,214
SHEVLIN,MN,566
SHEYENNE,ND,583
SHICKLEY,NE,684
SHICKSHINNY,PA,186
SHIDLER,OK,746
SHILOH,NJ,083
SHILOH,TN,383
SHINER,TX,779
SHINGLE SPRINGS,CA,956
SHINGLEHOUSE,PA,167
SHINGLETON,MI,498
SHINGLETOWN,CA,960
SHINNSTON,WV,264
SHIOCTON,WI,541
SHIPMAN,IL,626
SHIPPENSBURG,PA,172
SHIPPENVILLE,PA,162
SHIPPINGPORT,PA,150
SHIPROCK,NM,874
SHIPSHEWANA,IN,465
SHIRLAND,IL,610
SHIRLEY,AR,721
SHIRLEY,IL,617
SHIRLEY,IN,473
SHIRLEY,MA,014
SHIRLEY,NY,119
SHIRLEYSBURG,PA,172
SHIRO,TX,778
SHISHMAREF,AK,997
SHOALS,IN,475
SHOALS,WV,255
SHOBONIER,IL,628
SHOEMAKERSVILLE,PA,195
SHOKAN,NY,124
SHONTO,AZ,860
SHOOK,MO,639
SHOREHAM,NY,117
SHOREHAM,VT,057
SHORELINE,WA,981
SHORT CREEK,WV,260
SHORT HILLS,NJ,070
SHORTER,AL,360
SHORTSVILLE,NY,145
SHOSHONE,CA,923
SHOSHONE,ID,833
SHOSHONI,WY,826
SHOW LOW,AZ,859
SHREVE,OH,446
SHREVEPORT,LA,711
SHREWSBURY,MA,015
SHREWSBURY,PA,173
SHRUB OAK,NY,105
SHUBUTA,MS,393
SHUMWAY,IL,624
SHUNGNAK,AK,997
SHUQUALAK,MS,393
SHUSHAN,NY,128
SIASCONSET,MA,025
SIBLEY,IA,512
SIBLEY,IL,617
SIBLEY,LA,710
SIBLEY,MS,391
SICILY ISLAND,LA,713
SICKLERVILLE,NJ,080
SIDELL,IL,618
SIDMAN,PA,159
SIDNAW,MI,499
SIDNEY,IA,516
SIDNEY,IL,618
SIDNEY,IN,465
SIDNEY,MI,488
SIDNEY,MT,592
SIDNEY,NE,691
SIDNEY,NY,138
SIDNEY,OH,453
SIDNEY CENTER,NY,138
SIDON,MS,389
SIERRA BLANCA,TX,798
SIERRA CITY,CA,961
SIERRA MADRE,CA,910
SIERRA VISTA,AZ,856
SIERRAVILLE,CA,961
SIGEL,IL,624
SIGEL,PA,158
SIGNAL MOUNTAIN,TN,373
SIGOURNEY,IA,525
SIKES,LA,714
SIKESTON,MO,638
SILAS,AL,369
SILER CITY,NC,273
SILETZ,OR,973
SILEX,MO,633
SILOAM SPRINGS,AR,727
SILSBEE,TX,776
SILVA,MO,639
SILVANA,WA,982
SILVER,TX,769
SILVER BAY,MN,556
SILVER BAY,NY,128
SILVER CITY,MS,391
SILVER CITY,NM,880
SILVER CITY,NV,894
SILVER CREEK,GA,301
SILVER CREEK,MS,396
SILVER CREEK,NE,686
SILVER CREEK,NY,141
SILVER CREEK,WA,985
SILVER GROVE,KY,410
SILVER LAKE,KS,665
SILVER LAKE,MN,553
SILVER LAKE,NH,038
SILVER LAKE,NY,145
SILVER LAKE,OR,976
SILVER PLUME,CO,804
SILVER POINT,TN,385
SILVER SPRING,MD,209
SILVER SPRING,PA,175
SILVER SPRINGS,FL,344
SILVER SPRINGS,NV,894
SILVER SPRINGS,NY,145
SILVER STAR,MT,597
SILVERDALE,PA,189
SILVERDALE,WA,983
SILVERHILL,AL,365
SILVERPEAK,NV,890
SILVERTHORNE,CO,804
SILVERTON,CO,814
SILVERTON,ID,838
SILVERTON,OR,973
SILVERTON,TX,792
SIMI VALLEY,CA,930
SIMLA,CO,808
SIMMESPORT,LA,713
SIMMS,MT,594
SIMMS,TX,755
SIMON,WV,248
SIMONTON,TX,774
SIMPSON,KS,674
SIMPSON,LA,714
SIMPSON,NC,278
SIMPSON,WV,264
SIMPSONVILLE,KY,400
SIMPSONVILLE,MD,211
SIMPSONVILLE,SC,296
SIMSBURY,CT,060
SINAI,SD,570
SINCLAIR,ME,047
SINCLAIRVILLE,NY,147
SINKING SPRING,OH,451
SINSINAWA,WI,538
SINTON,TX,783
SIOUX CENTER,IA,512
SIOUX CITY,IA,511
SIOUX FALLS,SD,571
SIOUX RAPIDS,IA,505
SIPESVILLE,PA,155
SIPSEY,AL,355
SISTER BAY,WI,542
SISTERS,OR,977
SISTERSVILLE,WV,261
SITKA,AK,998
SIX LAKES,MI,488
SIX MILE,SC,296
SIX MILE RUN,PA,166
SKAGWAY,AK,998
SKAMOKAWA,WA,986
SKANDIA,MI,498
SKANEATELES,NY,131
SKANEATELES FALLS,NY,131
SKANEE,MI,499
SKELTON,WV,259
SKIATOOK,OK,740
SKIDMORE,TX,783
SKIPPACK,PA,194
SKOKIE,IL,600
SKOWHEGAN,ME,049
SKULL VALLEY,AZ,863
SKWENTNA,AK,996
SKYFOREST,CA,923
SKYKOMISH,WA,982
SKYLAND,NC,287
SKYTOP,PA,183
SLAGLE,LA,714
SLANESVILLE,WV,254
SLATE HILL,NY,109
SLATEDALE,PA,180
SLATER,CO,816
SLATER,MO,653
SLATER,SC,296
SLATERSVILLE,RI,028
SLATERVILLE SPRINGS,NY,148
SLATINGTON,PA,180
SLATON,TX,793
SLATYFORK,WV,262
SLAUGHTER,LA,707
SLAYDEN,TN,371
SLAYTON,MN,561
SLEDGE,MS,386
SLEEPY EYE,MN,560
SLEEPY HOLLOW,NY,105
SLEETMUTE,AK,996
SLICK,OK,740
SLICKVILLE,PA,156
SLIDELL,LA,704
SLIDELL,TX,762
SLIGO,PA,162
SLINGERLANDS,NY,121
SLOAN,IA,510
SLOANSVILLE,NY,121
SLOATSBURG,NY,109
SLOCOMB,AL,363
SLOUGHHOUSE,CA,956
SLOVAN,PA,150
SMACKOVER,AR,717
SMALLWOOD,NY,127
SMARR,GA,310
SMARTSVILLE,CA,959
SMARTT,TN,373
SMETHPORT,PA,167
SMILEY,TX,781
SMITH,KY,408
SMITH,NV,894
SMITH CENTER,KS,669
SMITH LAKE,NM,873
SMITH RIVER,CA,955
SMITHBURG,WV,264
SMITHDALE,MS,396
SMITHERS,WV,251
SMITHFIELD,IL,614
SMITHFIELD,ME,049
SMITHFIELD,NC,275
SMITHFIELD,OH,439
SMITHFIELD,PA,154
SMITHFIELD,RI,029
SMITHFIELD,UT,843
SMITHFIELD,VA,234
SMITHFIELD,WV,264
SMITHLAND,IA,510
SMITHLAND,KY,420
SMITHMILL,PA,166
SMITHS STATION,AL,368
SMITHSBURG,MD,217
SMITHSHIRE,IL,614
SMITHTON,IL,622
SMITHTON,MO,653
SMITHTON,PA,154
SMITHTOWN,NY,117
SMITHVILLE,AR,724
SMITHVILLE,GA,317
SMITHVILLE,IN,474
SMITHVILLE,MO,640
SMITHVILLE,OH,446
SMITHVILLE,OK,749
SMITHVILLE,TN,371
SMITHVILLE,TX,789
SMITHVILLE,WV,261
SMITHVILLE FLATS,NY,138
SMITHWICK,SD,577
SMOCK,PA,154
SMOKERUN,PA,166
SMOKETOWN,PA,175
SMOOT,WY,831
SMYER,TX,793
SMYRNA,DE,199
SMYRNA,GA,300
SMYRNA,NC,285
SMYRNA,NY,134
SMYRNA,SC,297
SMYRNA,TN,371
SMYRNA MILLS,ME,047
SNEADS,FL,324
SNEADS FERRY,NC,284
SNEEDVILLE,TN,377
SNELLING,CA,953
SNELLVILLE,GA,300
SNOHOMISH,WA,982
SNOOK,TX,778
SNOQUALMIE PASS,WA,980
SNOVER,MI,484
SNOW CAMP,NC,273
SNOW HILL,MD,218
SNOW HILL,NC,285
SNOW LAKE,AR,723
SNOW SHOE,PA,168
SNOWFLAKE,AZ,859
SNOWMASS VILLAGE,CO,816
SNOWSHOE,WV,262
SNOWVILLE,UT,843
SNYDER,CO,807
SNYDER,NE,686
SNYDER,OK,735
SNYDER,TX,795
SOAP LAKE,WA,988
SOCORRO,NM,878
SOCORRO,TX,799
SOD,WV,255
SODA SPRINGS,CA,957
SODA SPRINGS,ID,832
SODDY DAISY,TN,373
SODUS,MI,491
SODUS,NY,145
SOLANA BEACH,CA,920
SOLANO,NM,877
SOLDIER,IA,515
SOLDIER,KS,664
SOLDIER,KY,411
SOLDOTNA,AK,996
SOLEBURY,PA,189
SOLEDAD,CA,939
SOLEN,ND,585
SOLGOHACHIA,AR,721
SOLOMON,AZ,855
SOLOMON,KS,674
SOLOMONS,MD,206
SOLON,IA,523
SOLON,ME,049
SOLON,OH,441
SOLON SPRINGS,WI,548
SOLSBERRY,IN,474
SOLVANG,CA,934
SOLWAY,MN,566
SOMERDALE,NJ,080
SOMERDALE,OH,446
SOMERS,CT,060
SOMERS,IA,505
SOMERS,MT,599
SOMERS,NY,105
SOMERS,WI,531
SOMERS POINT,NJ,082
SOMERSET,CA,956
SOMERSET,IN,469
SOMERSET,KY,425
SOMERSET,MA,027
SOMERSET,MI,492
SOMERSET,NJ,088
SOMERSET,OH,437
SOMERSET,PA,155
SOMERSET,TX,780
SOMERSET,WI,540
SOMERSET CENTER,MI,492
SOMERSVILLE,CT,060
SOMERSWORTH,NH,038
SOMERTON,AZ,853
SOMERVILLE,AL,356
SOMERVILLE,IN,476
SOMERVILLE,MA,021
SOMERVILLE,OH,450
SOMERVILLE,TN,380
SOMERVILLE,TX,778
SOMONAUK,IL,605
SONDHEIMER,LA,712
SONNETTE,MT,593
SONOITA,AZ,856
SONOMA,CA,954
SONORA,CA,953
SONORA,KY,427
SONORA,TX,769
SONTAG,MS,396
SONYEA,NY,145
SOPCHOPPY,FL,323
SOPER,OK,747
SOPERTON,GA,304
SOPHIA,WV,259
SORENTO,IL,620
SORRENTO,FL,327
SORRENTO,ME,046
SOSO,MS,394
SOUDAN,MN,557
SOULSBYVILLE,CA,953
SOUR LAKE,TX,776
SOURIS,ND,587
SOUTH AMBOY,NJ,088
SOUTH BARRE,MA,010
SOUTH BARRE,VT,056
SOUTH BELOIT,IL,610
SOUTH BEND,IN,465
SOUTH BEND,WA,985
SOUTH BERWICK,ME,039
SOUTH BETHLEHEM,NY,121
SOUTH BOSTON,MA,021
SOUTH BOSTON,VA,245
SOUTH BOUND BROOK,NJ,088
SOUTH BRISTOL,ME,045
SOUTH BURLINGTON,VT,054
SOUTH BUTLER,NY,131
SOUTH BYRON,NY,145
SOUTH CAIRO,NY,124
SOUTH CANAAN,PA,184
SOUTH CARROLLTON,KY,423
SOUTH CARVER,MA,023
SOUTH CASCO,ME,040
SOUTH CHARLESTON,OH,453
SOUTH CHARLESTON,WV,253
SOUTH CHATHAM,MA,026
SOUTH CHINA,ME,043
SOUTH CLE ELUM,WA,989
SOUTH COLBY,WA,983
SOUTH COLTON,NY,136
SOUTH DARTMOUTH,MA,027
SOUTH DAYTON,NY,141
SOUTH DAYTONA,FL,321
SOUTH DEERFIELD,MA,013
SOUTH DENNIS,MA,026
SOUTH DENNIS,NJ,082
SOUTH DOS PALOS,CA,936
SOUTH EASTON,MA,023
SOUTH EGREMONT,MA,012
SOUTH ENGLISH,IA,523
SOUTH FALLSBURG,NY,127
SOUTH FORK,CO,811
SOUTH FORK,PA,159
SOUTH FREEPORT,ME,040
SOUTH GARDINER,ME,043
SOUTH GATE,CA,902
SOUTH GIBSON,PA,188
SOUTH GLASTONBURY,CT,060
SOUTH GRAFTON,MA,015
SOUTH HACKENSACK,NJ,076
SOUTH HADLEY,MA,010
SOUTH HAMILTON,MA,019
SOUTH HARWICH,MA,026
SOUTH HAVEN,KS,671
SOUTH HAVEN,MI,490
SOUTH HAVEN,MN,553
SOUTH HEART,ND,586
SOUTH HEIGHTS,PA,150
SOUTH HERO,VT,054
SOUTH HILL,VA,239
SOUTH HOLLAND,IL,604
SOUTH HOUSTON,TX,775
SOUTH INTERNATIONAL FALLS,MN,566
SOUTH JAMESPORT,NY,119
SOUTH JORDAN,UT,840
SOUTH LAKE TAHOE,CA,961
SOUTH LANCASTER,MA,015
SOUTH LEBANON,OH,450
SOUTH LEE,MA,012
SOUTH LONDONDERRY,VT,051
SOUTH LYME,CT,063
SOUTH LYON,MI,481
SOUTH MIAMI,FL,331
SOUTH MILFORD,IN,467
SOUTH MILLS,NC,279
SOUTH MILWAUKEE,WI,531
SOUTH MONTROSE,PA,188
SOUTH MOUNTAIN,PA,172
SOUTH NAKNEK,AK,996
SOUTH NEW BERLIN,NY,138
SOUTH ORANGE,NJ,070
SOUTH ORLEANS,MA,026
SOUTH OTSELIC,NY,131
SOUTH OZONE PARK,NY,114
SOUTH PADRE ISLAND,TX,785
SOUTH PARIS,ME,042
SOUTH PASADENA,CA,910
SOUTH PEKIN,IL,615
SOUTH PITTSBURG,TN,373
SOUTH PLAINFIELD,NJ,070
SOUTH PLAINS,TX,792
SOUTH PLYMOUTH,NY,138
SOUTH POINT,OH,456
SOUTH PORTLAND,ME,041
SOUTH PORTSMOUTH,KY,411
SOUTH PRAIRIE,WA,983
SOUTH RANGE,MI,499
SOUTH RANGE,WI,548
SOUTH RICHMOND HILL,NY,114
SOUTH RIVER,NJ,088
SOUTH ROXANA,IL,620
SOUTH ROYALTON,VT,050
SOUTH RYEGATE,VT,050
SOUTH SAINT PAUL,MN,550
SOUTH SALEM,NY,105
SOUTH SALT LAKE,UT,841
SOUTH SAN FRANCISCO,CA,940
SOUTH SEAVILLE,NJ,082
SOUTH SHORE,KY,411
SOUTH SHORE,SD,572
SOUTH SIOUX CITY,NE,687
SOUTH STANDARD,IL,626
SOUTH STRAFFORD,VT,050
SOUTH SUTTON,NH,032
SOUTH TAMWORTH,NH,038
SOUTH THOMASTON,ME,048
SOUTH VIENNA,OH,453
SOUTH WALES,NY,141
SOUTH WALPOLE,MA,020
SOUTH WAYNE,WI,535
SOUTH WEBSTER,OH,456
SOUTH WELLFLEET,MA,026
SOUTH WHITLEY,IN,467
SOUTH WILLIAMSON,KY,415
SOUTH WILMINGTON,IL,604
SOUTH WINDHAM,CT,062
SOUTH WINDHAM,ME,040
SOUTH WINDSOR,CT,060
SOUTH WOODSTOCK,VT,050
SOUTH YARMOUTH,MA,026
SOUTHAMPTON,MA,010
SOUTHAMPTON,NJ,080
SOUTHAMPTON,NY,119
SOUTHAMPTON,PA,189
SOUTHAVEN,MS,386
SOUTHBOROUGH,MA,017
SOUTHBRIDGE,MA,015
SOUTHBURY,CT,064
SOUTHEASTERN,PA,190
SOUTHERN PINES,NC,283
SOUTHFIELD,MA,012
SOUTHFIELD,MI,480
SOUTHFIELDS,NY,109
SOUTHGATE,MI,481
SOUTHINGTON,CT,064
SOUTHINGTON,OH,444
SOUTHLAKE,TX,760
SOUTHMAYD,TX,762
SOUTHMONT,NC,273
SOUTHOLD,NY,119
SOUTHPORT,CT,064
SOUTHPORT,ME,045
SOUTHSIDE,WV,251
SOUTHWEST,PA,156
SOUTHWEST HARBOR,ME,046
SOUTHWICK,MA,010
SOUTHWORTH,WA,983
SPADE,TX,793
SPALDING,MI,498
SPALDING,NE,686
SPANAWAY,WA,983
SPANGLE,WA,990
SPANGLER,PA,157
SPANISH FORK,UT,846
SPANISHBURG,WV,258
SPARKILL,NY,109
SPARKMAN,AR,717
SPARKS,GA,316
SPARKS,NV,894
SPARKS GLENCOE,MD,211
SPARR,FL,321
SPARROW BUSH,NY,127
SPARTA,GA,310
SPARTA,IL,622
SPARTA,MI,493
SPARTA,MO,656
SPARTA,NC,286
SPARTA,NJ,078
SPARTA,OH,433
SPARTA,TN,385
SPARTA,WI,546
SPARTANBURG,SC,293
SPAVINAW,OK,743
SPEARFISH,SD,577
SPEARMAN,TX,790
SPEARSVILLE,LA,712
SPEARVILLE,KS,678
SPECULATOR,NY,121
SPEED,NC,278
SPEEDWELL,TN,378
SPEER,IL,614
SPELTER,WV,264
SPENCER,IA,513
SPENCER,IN,474
SPENCER,MA,015
SPENCER,NC,281
SPENCER,NE,687
SPENCER,NY,148
SPENCER,OH,442
SPENCER,OK,730
SPENCER,TN,385
SPENCER,VA,241
SPENCER,WV,252
SPENCERPORT,NY,145
SPENCERTOWN,NY,121
SPENCERVILLE,MD,208
SPENCERVILLE,OH,458
SPEONK,NY,119
SPERRY,OK,740
SPERRYVILLE,VA,227
SPICELAND,IN,473
SPICER,MN,562
SPICEWOOD,TX,786
SPILLVILLE,IA,521
SPINNERSTOWN,PA,189
SPIRIT LAKE,IA,513
SPIRIT LAKE,ID,838
SPIRO,OK,749
SPIVEY,KS,671
SPLENDORA,TX,773
SPOFFORD,NH,034
SPOKANE,WA,992
SPOKANE VALLEY,WA,990
SPOONER,WI,548
SPOTSYLVANIA,VA,225
SPOTTSWOOD,VA,244
SPOUT SPRING,VA,245
SPRAGGS,PA,153
SPRAGUE,NE,684
SPRAGUE,WA,990
SPRAKERS,NY,121
SPRAY,OR,978
SPRING,TX,773
SPRING BRANCH,TX,780
SPRING BROOK,NY,141
SPRING CHURCH,PA,156
SPRING CITY,PA,194
SPRING CITY,TN,373
SPRING CITY,UT,846
SPRING CREEK,NV,898
SPRING CREEK,TN,383
SPRING DALE,WV,259
SPRING GAP,MD,215
SPRING GARDEN,AL,362
SPRING GLEN,NY,124
SPRING GLEN,PA,179
SPRING GREEN,WI,535
SPRING GROVE,IL,600
SPRING GROVE,MN,559
SPRING GROVE,PA,173
SPRING GROVE,VA,238
SPRING HILL,FL,346
SPRING HILL,KS,660
SPRING HILL,TN,371
SPRING HOPE,NC,278
SPRING LAKE,MI,494
SPRING LAKE,NC,283
SPRING LAKE,NJ,077
SPRING MILLS,PA,168
SPRING RUN,PA,172
SPRING VALLEY,CA,919
SPRING VALLEY,IL,613
SPRING VALLEY,MN,559
SPRING VALLEY,OH,453
SPRING VALLEY,WI,547
SPRINGBORO,OH,450
SPRINGBROOK,IA,520
SPRINGDALE,AR,727
SPRINGDALE,UT,847
SPRINGDALE,WA,991
SPRINGER,NM,877
SPRINGER,OK,734
SPRINGERTON,IL,628
SPRINGERVILLE,AZ,859
SPRINGFIELD,AR,721
SPRINGFIELD,CO,810
SPRINGFIELD,GA,313
SPRINGFIELD,IL,627
SPRINGFIELD,KY,400
SPRINGFIELD,LA,704
SPRINGFIELD,MA,011
SPRINGFIELD,ME,044
SPRINGFIELD,MN,560
SPRINGFIELD,MO,658
SPRINGFIELD,NH,032
SPRINGFIELD,NJ,070
SPRINGFIELD,OH,455
SPRINGFIELD,OR,974
SPRINGFIELD,SC,291
SPRINGFIELD,SD,570
SPRINGFIELD,TN,371
SPRINGFIELD,VA,221
SPRINGFIELD,WI,531
SPRINGFIELD CENTER,NY,133
SPRINGFIELD GARDENS,NY,114
SPRINGHILL,LA,710
SPRINGS,PA,155
SPRINGTOWN,PA,180
SPRINGTOWN,TX,760
SPRINGVALE,GA,317
SPRINGVIEW,NE,687
SPRINGVILLE,AL,351
SPRINGVILLE,CA,932
SPRINGVILLE,IN,474
SPRINGVILLE,NY,141
SPRINGVILLE,TN,382
SPRINGVILLE,UT,846
SPRINGWATER,NY,145
SPROTT,AL,367
SPRUCE,MI,487
SPRUCE CREEK,PA,166
SPRUCE HEAD,ME,048
SPRUCE PINE,AL,355
SPRUCE PINE,NC,287
SPUR,TX,793
SPURGEON,IN,475
SPURGER,TX,776
SQUIRE,WV,248
ST JOHN,KS,675
ST JOHN,VI,008
ST PETE BEACH,FL,337
ST THOMAS,VI,008
STACY,MN,550
STACYVILLE,IA,504
STACYVILLE,ME,047
STAFFORD,KS,675
STAFFORD,OH,437
STAFFORD,TX,774
STAFFORD,VA,224
STAFFORD SPRINGS,CT,060
STAFFORDSVILLE,KY,412
STAFFORDVILLE,CT,060
STAHLSTOWN,PA,156
STAMBAUGH,MI,499
STAMFORD,CT,068
STAMFORD,NE,689
STAMFORD,NY,121
STAMFORD,TX,795
STAMPING GROUND,KY,403
STAMPS,AR,718
STANAFORD,WV,259
STANARDSVILLE,VA,229
STANBERRY,MO,644
STANCHFIELD,MN,550
STANDARD,CA,953
STANDARD,IL,613
STANDISH,CA,961
STANDISH,MI,486
STANFIELD,AZ,851
STANFIELD,NC,281
STANFIELD,OR,978
STANFORD,CA,943
STANFORD,IL,617
STANFORD,IN,474
STANFORD,KY,404
STANFORD,MT,594
STANHOPE,IA,502
STANHOPE,NJ,078
STANLEY,ID,832
STANLEY,ND,587
STANLEY,NY,145
STANLEY,VA,228
STANLEY,WI,547
STANTON,AL,367
STANTON,CA,906
STANTON,KY,403
STANTON,MI,488
STANTON,MO,630
STANTON,ND,585
STANTON,NE,687
STANTON,NJ,088
STANTON,TN,380
STANTON,TX,797
STANTONSBURG,NC,278
STANWOOD,IA,523
STANWOOD,MI,493
STANWOOD,WA,982
STAPLES,MN,564
STAPLES,TX,786
STAPLETON,GA,308
STAPLETON,NE,691
STAR,ID,836
STAR,MS,391
STAR,NC,273
STAR,TX,768
STAR CITY,AR,716
STAR CITY,IN,469
STAR JUNCTION,PA,154
STAR LAKE,NY,136
STAR PRAIRIE,WI,540
STAR TANNERY,VA,226
STARBUCK,MN,563
STARBUCK,WA,993
STARFORD,PA,157
STARK,KS,667
STARK CITY,MO,648
STARKE,FL,320
STARKS,LA,706
STARKSBORO,VT,054
STARKVILLE,MS,397
STARKWEATHER,ND,583
STARRUCCA,PA,184
START,LA,712
STARTEX,SC,293
STARTUP,WA,982
STATE CENTER,IA,502
STATE COLLEGE,PA,168
STATE LINE,IN,479
STATE LINE,MS,393
STATE LINE,PA,172
STATE PARK,SC,291
STATE ROAD,NC,286
STATE UNIVERSITY,AR,724
STATELINE,NV,894
STATEN ISLAND,NY,103
STATENVILLE,GA,316
STATESBORO,GA,304
STATESVILLE,NC,286
STATHAM,GA,306
STATTS MILLS,WV,252
STAUNTON,IL,620
STAUNTON,IN,478
STAUNTON,VA,244
STAYTON,OR,973
STEAMBOAT ROCK,IA,506
STEAMBOAT SPRINGS,CO,804
STEAMBURG,NY,147
STEARNS,KY,426
STEBBINS,AK,996
STEDMAN,NC,283
STEELE,AL,359
STEELE,ND,584
STEELE CITY,NE,684
STEELEVILLE,IL,622
STEELTON,PA,171
STEENS,MS,397
STEGER,IL,604
STEHEKIN,WA,988
STEINHATCHEE,FL,323
STELLA,MO,648
STELLA,NC,285
STEM,NC,275
STENDAL,IN,475
STEPHEN,MN,567
STEPHENS,AR,717
STEPHENS,GA,306
STEPHENS CITY,VA,226
STEPHENSON,MI,498
STEPHENSON,VA,226
STEPHENSON,WV,258
STEPHENSPORT,KY,401
STEPHENTOWN,NY,121
STEPHENVILLE,TX,764
STERLING,AK,996
STERLING,CO,807
STERLING,IL,610
STERLING,KS,675
STERLING,MA,015
STERLING,MI,486
STERLING,ND,585
STERLING,NY,131
STERLING,OK,735
STERLING,PA,184
STERLING,UT,846
STERLING,VA,200
STERLING CITY,TX,769
STERLING FOREST,NY,109
STERLING HEIGHTS,MI,483
STERLINGTON,LA,712
STERRETT,AL,351
STETSON,ME,044
STETSONVILLE,WI,544
STEUBEN,ME,046
STEUBENVILLE,OH,439
STEVENS POINT,WI,544
STEVENS VILLAGE,AK,997
STEVENSON,AL,357
STEVENSON,MD,211
STEVENSON,WA,986
STEVENSVILLE,MD,216
STEVENSVILLE,MI,491
STEVENSVILLE,MT,598
STEVENSVILLE,PA,188
STEVINSON,CA,953
STEWARD,IL,605
STEWARDSON,IL,624
STEWART,MN,553
STEWART,MS,397
STEWART,TN,371
STEWARTS POINT,CA,954
STEWARTSTOWN,PA,173
STEWARTSVILLE,MO,644
STEWARTSVILLE,NJ,088
STEWARTVILLE,MN,559
STICKNEY,SD,573
STIDHAM,OK,744
STIGLER,OK,744
STILLMAN VALLEY,IL,610
STILLMORE,GA,304
STILLWATER,ME,044
STILLWATER,MN,550
STILLWATER,NJ,078
STILLWATER,NY,121
STILLWATER,OK,740
STILWELL,KS,660
STILWELL,OK,749
STINESVILLE,IN,474
STINNETT,TX,790
STINSON BEACH,CA,949
STIRLING,NJ,079
STIRLING CITY,CA,959
STITES,ID,835
STITTVILLE,NY,134
STOCKBRIDGE,GA,302
STOCKBRIDGE,MA,012
STOCKBRIDGE,MI,492
STOCKBRIDGE,VT,057
STOCKBRIDGE,WI,530
STOCKDALE,PA,154
STOCKDALE,TX,781
STOCKERTOWN,PA,180
STOCKHOLM,ME,047
STOCKLAND,IL,609
STOCKPORT,IA,526
STOCKTON,CA,952
STOCKTON,IA,527
STOCKTON,IL,610
STOCKTON,KS,676
STOCKTON,MN,559
STOCKTON,MO,657
STOCKTON,NJ,085
STOCKTON,NY,147
STOCKTON,UT,840
STOCKTON SPRINGS,ME,049
STOCKVILLE,NE,690
STOCKWELL,IN,479
STODDARD,NH,034
STODDARD,WI,546
STOKES,NC,278
STOKESDALE,NC,273
STOLLINGS,WV,256
STONE LAKE,WI,548
STONE MOUNTAIN,GA,300
STONE RIDGE,NY,124
STONEFORT,IL,629
STONEGA,VA,242
STONEHAM,CO,807
STONEHAM,MA,021
STONEHAM,ME,042
STONEVILLE,MS,387
STONEVILLE,NC,270
STONEWALL,LA,710
STONEWALL,MS,393
STONEWALL,NC,285
STONEWALL,OK,748
STONINGTON,IL,625
STONINGTON,ME,046
STONY BROOK,NY,117
STONY CREEK,NY,128
STONY CREEK,VA,238
STONY POINT,NC,286
STONY POINT,NY,109
STONY RIDGE,OH,434
STONYFORD,CA,959
STORDEN,MN,561
STORM LAKE,IA,505
STORRS MANSFIELD,CT,062
STORY,AR,719
STORY,WY,828
STORY CITY,IA,502
STOTTVILLE,NY,121
STOUGHTON,MA,020
STOUGHTON,WI,535
STOUT,IA,506
STOUTSVILLE,MO,652
STOVALL,NC,275
STOVER,MO,650
STOW,MA,017
STOW,NY,147
STOW,OH,442
STOWE,VT,056
STOWELL,TX,776
STOY,IL,624
STOYSTOWN,PA,155
STRAFFORD,MO,657
STRAFFORD,NH,038
STRAFFORD,VT,050
STRANDQUIST,MN,567
STRANGE CREEK,WV,266
STRASBURG,IL,624
STRASBURG,ND,585
STRASBURG,OH,446
STRASBURG,PA,175
STRASBURG,VA,226
STRATFORD,CA,932
STRATFORD,CT,066
STRATFORD,IA,502
STRATFORD,NJ,080
STRATFORD,NY,134
STRATFORD,OK,748
STRATFORD,TX,790
STRATFORD,WA,988
STRATHMERE,NJ,082
STRATHMORE,CA,932
STRATTANVILLE,PA,162
STRATTON,CO,808
STRATTON,ME,049
STRATTON,NE,690
STRATTON,OH,439
STRAUGHN,IN,473
STRAUSSTOWN,PA,195
STRAWBERRY,AR,724
STRAWBERRY PLAINS,TN,378
STRAWBERRY POINT,IA,520
STRAWN,IL,617
STRAWN,TX,764
STREATOR,IL,613
STREET,MD,211
STREETER,ND,584
STREETMAN,TX,758
STRINGER,MS,394
STRINGTOWN,OK,745
STROH,IN,467
STROMSBURG,NE,686
STRONG,AR,717
STRONG,ME,049
STRONG CITY,KS,668
STRONGHURST,IL,614
STRONGSVILLE,OH,441
STROUD,OK,740
STROUDSBURG,PA,183
STRUM,WI,547
STRUTHERS,OH,444
STRYKER,MT,599
STRYKER,OH,435
STRYKERSVILLE,NY,141
STUART,FL,349
STUART,IA,502
STUART,NE,687
STUART,OK,745
STUART,VA,241
STUARTS DRAFT,VA,244
STUDIO CITY,CA,916
STUDLEY,VA,231
STURBRIDGE,MA,015
STURDIVANT,MO,637
STURGEON,MO,652
STURGEON,PA,150
STURGEON BAY,WI,542
STURGEON LAKE,MN,557
STURGIS,KY,424
STURGIS,MI,490
STURGIS,MS,397
STURGIS,SD,577
STURKIE,AR,725
STURTEVANT,WI,531
STUTTGART,AR,721
STUTTGART,KS,676
STUYVESANT,NY,121
STUYVESANT FALLS,NY,121
SUAMICO,WI,541
SUBIACO,AR,728
SUBLETTE,IL,613
SUBLETTE,KS,678
SUBLIMITY,OR,973
SUCCASUNNA,NJ,078
SUCCESS,AR,724
SUDAN,TX,793
SUDBURY,MA,017
SUDLERSVILLE,MD,216
SUFFERN,NY,109
SUFFIELD,CT,060
SUFFOLK,VA,234
SUGAR CITY,CO,810
SUGAR CITY,ID,834
SUGAR GROVE,IL,605
SUGAR GROVE,OH,431
SUGAR GROVE,PA,163
SUGAR GROVE,VA,243
SUGAR GROVE,WV,268
SUGAR HILL,NH,035
SUGAR LAND,TX,774
SUGAR LOAF,NY,109
SUGAR RUN,PA,188
SUGAR TREE,TN,383
SUGAR VALLEY,GA,307
SUGARCREEK,OH,446
SUGARLOAF,CA,923
SUISUN CITY,CA,945
SUITLAND,MD,207
SULA,MT,598
SULLIGENT,AL,355
SULLIVAN,IL,619
SULLIVAN,IN,478
SULLIVAN,KY,424
SULLIVAN,ME,046
SULLIVAN,MO,630
SULLIVAN,NH,034
SULLIVAN,WV,258
SULLY,IA,502
SULPHUR,LA,706
SULPHUR,OK,730
SULPHUR BLUFF,TX,754
SULPHUR ROCK,AR,725
SULPHUR SPRINGS,AR,727
SULPHUR SPRINGS,IN,473
SULPHUR SPRINGS,OH,448
SULPHUR SPRINGS,TX,754
SULTAN,WA,982
SULTANA,CA,936
SUMAS,WA,982
SUMATRA,FL,323
SUMATRA,MT,590
SUMAVA RESORTS,IN,463
SUMERCO,WV,255
SUMERDUCK,VA,227
SUMITON,AL,351
SUMMER LAKE,OR,976
SUMMER SHADE,KY,421
SUMMERDALE,AL,365
SUMMERDALE,PA,170
SUMMERFIELD,FL,344
SUMMERFIELD,IL,622
SUMMERFIELD,LA,710
SUMMERFIELD,NC,273
SUMMERFIELD,OH,437
SUMMERLAND,CA,930
SUMMERLAND KEY,FL,330
SUMMERSVILLE,WV,266
SUMMERTON,SC,291
SUMMERTOWN,TN,384
SUMMERVILLE,GA,307
SUMMERVILLE,SC,294
SUMMIT,AR,726
SUMMIT,MS,396
SUMMIT,NJ,079
SUMMIT,NY,121
SUMMIT,SD,572
SUMMIT,UT,847
SUMMIT ARGO,IL,605
SUMMIT HILL,PA,182
SUMMIT POINT,WV,254
SUMMIT STATION,OH,430
SUMMIT STATION,PA,179
SUMMITVILLE,NY,127
SUMMITVILLE,OH,439
SUMMITVILLE,TN,373
SUMNER,GA,317
SUMNER,IA,506
SUMNER,IL,624
SUMNER,ME,042
SUMNER,MS,389
SUMNER,NE,688
SUMNER,TX,754
SUMNER,WA,983
SUMNEYTOWN,PA,180
SUMPTER,OR,978
SUMRALL,MS,394
SUMTER,SC,291
SUMTERVILLE,FL,335
SUN,LA,704
SUN CITY,AZ,853
SUN CITY,FL,335
SUN CITY CENTER,FL,335
SUN CITY WEST,AZ,853
SUN PRAIRIE,WI,535
SUN RIVER,MT,594
SUN VALLEY,AZ,860
SUN VALLEY,CA,913
SUN VALLEY,ID,833
SUNBRIGHT,TN,378
SUNBURG,MN,562
SUNBURST,MT,594
SUNBURY,NC,279
SUNBURY,OH,430
SUNBURY,PA,178
SUNDANCE,WY,827
SUNDOWN,TX,793
SUNFIELD,MI,488
SUNFLOWER,MS,387
SUNLAND,CA,910
SUNLAND PARK,NM,880
SUNMAN,IN,470
SUNNY SIDE,GA,302
SUNNYSIDE,NY,111
SUNNYSIDE,UT,845
SUNNYSIDE,WA,989
SUNNYVALE,CA,940
SUNOL,CA,945
SUNRAY,TX,790
SUNRISE BEACH,MO,650
SUNSET,LA,705
SUNSET,ME,046
SUNSET,TX,762
SUNSET BEACH,CA,907
SUNSHINE,LA,707
SUNSPOT,NM,883
SUPAI,AZ,864
SUPERIOR,AZ,851
SUPERIOR,CO,800
SUPERIOR,IA,513
SUPERIOR,MT,598
SUPERIOR,NE,689
SUPERIOR,WI,548
SUPERIOR,WY,829
SUPPLY,NC,284
SUQUAMISH,WA,983
SURFSIDE,CA,907
SURFSIDE BEACH,SC,295
SURGOINSVILLE,TN,378
SURING,WI,541
SURPRISE,AZ,853
SURRENCY,GA,315
SURRY,ME,046
SURRY,VA,238
SURVEYOR,WV,259
SUSANVILLE,CA,961
SUSQUEHANNA,PA,184
SUSSEX,NJ,074
SUSSEX,VA,238
SUTERSVILLE,PA,150
SUTHERLAND,IA,510
SUTHERLAND,NE,691
SUTHERLAND,VA,238
SUTHERLAND SPRINGS,TX,781
SUTHERLIN,OR,974
SUTHERLIN,VA,245
SUTTER,CA,959
SUTTER CREEK,CA,956
SUTTON,AK,996
SUTTON,MA,015
SUTTON,NE,689
SUTTON,WV,266
SUTTONS BAY,MI,496
SUWANEE,GA,300
SUWANNEE,FL,326
SWAIN,NY,148
SWAINSBORO,GA,304
SWAMPSCOTT,MA,019
SWAN VALLEY,ID,834
SWANNANOA,NC,287
SWANS ISLAND,ME,046
SWANSBORO,NC,285
SWANSEA,MA,027
SWANSEA,SC,291
SWANTON,MD,215
SWANTON,NE,684
SWANTON,OH,435
SWANTON,VT,054
SWANVILLE,MN,563
SWARTHMORE,PA,190
SWARTSWOOD,NJ,078
SWARTZ,LA,712
SWARTZ CREEK,MI,484
SWEA CITY,IA,505
SWEDESBORO,NJ,080
SWEDESBURG,IA,526
SWEEDEN,KY,422
SWEET,ID,836
SWEET GRASS,MT,594
SWEET HOME,AR,721
SWEET HOME,OR,973
SWEET HOME,TX,779
SWEET SPRINGS,MO,653
SWEET WATER,AL,367
SWEETSER,IN,469
SWEETWATER,TN,378
SWEETWATER,TX,795
SWIFTON,AR,724
SWIFTOWN,MS,389
SWIFTWATER,PA,183
SWINK,CO,810
SWINK,OK,747
SWISHER,IA,523
SWISSHOME,OR,974
SWITCHBACK,WV,248
SWITZ CITY,IN,474
SWITZER,WV,256
SWORDS CREEK,VA,246
SYBERTSVILLE,PA,182
SYCAMORE,AL,351
SYCAMORE,GA,317
SYCAMORE,IL,601
SYCAMORE,KS,673
SYCAMORE,OH,448
SYCAMORE,PA,153
SYCAMORE,SC,298
SYDNEY,FL,335
SYKESTON,ND,584
SYKESVILLE,MD,217
SYKESVILLE,PA,158
SYLACAUGA,AL,350
SYLMAR,CA,913
SYLVA,NC,287
SYLVAN BEACH,NY,131
SYLVAN GROVE,KS,674
SYLVANIA,AL,359
SYLVANIA,GA,304
SYLVANIA,OH,435
SYLVANIA,PA,169
SYLVESTER,GA,317
SYLVESTER,WV,251
SYOSSET,NY,117
SYRACUSE,IN,465
SYRACUSE,KS,678
SYRACUSE,MO,653
SYRACUSE,NE,683
SYRACUSE,NY,131
SYRACUSE,OH,457
TABERG,NY,134
TABERNASH,CO,804
TABIONA,UT,840
TABLE GROVE,IL,614
TABOR,IA,516
TABOR,SD,570
TABOR CITY,NC,284
TACNA,AZ,853
TACOMA,WA,984
TACONIC,CT,060
TACONITE,MN,557
TAD,WV,252
TAFT,CA,932
TAFT,OK,744
TAFTON,PA,184
TAFTSVILLE,VT,050
TAFTVILLE,CT,063
TAHLEQUAH,OK,744
TAHOE CITY,CA,961
TAHOE VISTA,CA,961
TAHOKA,TX,793
TAHOLAH,WA,985
TAHOMA,CA,961
TAHUYA,WA,985
TAIBAN,NM,881
TAKOMA PARK,MD,209
TAKOTNA,AK,996
TALBERT,KY,413
TALBOTT,TN,378
TALBOTTON,GA,318
TALCO,TX,754
TALCOTT,WV,249
TALIHINA,OK,745
TALISHEEK,LA,704
TALKEETNA,AK,996
TALLADEGA,AL,351
TALLAHASSEE,FL,323
TALLAPOOSA,GA,301
TALLAPOOSA,MO,638
TALLASSEE,AL,360
TALLEVAST,FL,342
TALLMADGE,OH,442
TALLMAN,NY,109
TALLULAH,LA,712
TALLULAH FALLS,GA,305
TALMAGE,CA,954
TALMAGE,KS,674
TALMAGE,NE,683
TALMAGE,PA,175
TALOGA,OK,736
TALPA,TX,768
TAMA,IA,523
TAMAQUA,PA,182
TAMARAC,FL,333
TAMARACK,MN,557
TAMAROA,IL,628
TAMMS,IL,629
TAMPA,FL,336
TAMPICO,IL,612
TAMUNING,GU,969
TAMWORTH,NH,038
TANACROSS,AK,997
TANANA,AK,997
TANEYTOWN,MD,217
TANGENT,OR,973
TANGERINE,FL,327
TANGIER,VA,234
TANGIPAHOA,LA,704
TANNER,AL,356
TANNERSVILLE,NY,124
TANNERSVILLE,PA,183
TAOS,NM,875
TAOS SKI VALLEY,NM,875
TAPPAHANNOCK,VA,225
TAPPAN,NY,109
TAPPEN,ND,584
TARBORO,NC,278
TARENTUM,PA,150
TARIFF,WV,252
TARKIO,MO,644
TARLTON,OH,431
TARPLEY,TX,788
TARPON SPRINGS,FL,346
TARRS,PA,156
TARZAN,TX,797
TARZANA,CA,913
TASLEY,VA,234
TATAMY,PA,180
TATITLEK,AK,996
TATUM,NM,882
TATUM,SC,295
TATUM,TX,756
TATUMS,OK,734
TAUNTON,MA,027
TAUNTON,MN,562
TAVARES,FL,327
TAVERNIER,FL,330
TAWAS CITY,MI,487
TAYLOR,AR,718
TAYLOR,AZ,859
TAYLOR,LA,710
TAYLOR,MI,481
TAYLOR,ND,586
TAYLOR,PA,185
TAYLOR,TX,765
TAYLOR,WI,546
TAYLOR RIDGE,IL,612
TAYLOR SPRINGS,IL,620
TAYLORS,SC,296
TAYLORS FALLS,MN,550
TAYLORS ISLAND,MD,216
TAYLORSTOWN,PA,153
TAYLORSVILLE,CA,959
TAYLORSVILLE,GA,301
TAYLORSVILLE,IN,472
TAYLORSVILLE,KY,400
TAYLORSVILLE,MS,391
TAYLORSVILLE,NC,286
TAYLORSVILLE,UT,841
TAYLORVILLE,IL,625
TAZEWELL,VA,246
TCHULA,MS,391
TEA,SD,570
TEACHEY,NC,284
TEAGUE,TX,758
TEANECK,NJ,076
TEASDALE,UT,847
TEAYS,WV,255
TEBBETTS,MO,650
TECATE,CA,919
TECHNY,IL,600
TECOPA,CA,923
TECUMSEH,KS,665
TECUMSEH,MI,492
TECUMSEH,NE,683
TECUMSEH,OK,748
TEEC NOS POS,AZ,865
TEHACHAPI,CA,935
TEHAMA,CA,960
TEHUACANA,TX,766
TEKAMAH,NE,680
TEKOA,WA,838
TEKONSHA,MI,490
TELEPHONE,TX,754
TELFERNER,TX,779
TELFORD,PA,189
TELFORD,TN,376
TELL,TX,792
TELL CITY,IN,475
TELLER,AK,997
TELLICO PLAINS,TN,373
TELLURIDE,CO,814
TELOGIA,FL,323
TEMECULA,CA,925
TEMPE,AZ,852
TEMPERANCE,MI,481
TEMPLE,GA,301
TEMPLE,ME,049
TEMPLE,OK,735
TEMPLE,PA,195
TEMPLE,TX,765
TEMPLE CITY,CA,917
TEMPLE HILLS,MD,200
TEMPLE TERRACE,FL,336
TEMPLETON,CA,934
TEMPLETON,IA,514
TEMPLETON,MA,014
TEMPLETON,PA,162
TEMPLEVILLE,MD,216
TEN MILE,TN,378
TEN SLEEP,WY,824
TENAFLY,NJ,076
TENAHA,TX,759
TENAKEE SPRINGS,AK,998
TENANTS HARBOR,ME,048
TENDOY,ID,834
TENMILE,OR,974
TENNANT,IA,515
TENNENT,NJ,077
TENNESSEE COLONY,TX,758
TENNGA,GA,307
TENNILLE,GA,310
TENNYSON,TX,769
TERERRO,NM,875
TERLINGUA,TX,798
TERLTON,OK,740
TERRA ALTA,WV,267
TERRA BELLA,CA,932
TERRA CEIA,FL,342
TERRAL,OK,735
TERRE HAUTE,IN,478
TERRE HILL,PA,175
TERREBONNE,OR,977
TERRELL,TX,751
TERRETON,ID,834
TERRIL,IA,513
TERRY,MS,391
TERRY,MT,593
TERRYVILLE,CT,067
TESCOTT,KS,674
TESUQUE,NM,875
TETLIN,AK,997
TETON,ID,834
TETON VILLAGE,WY,830
TETONIA,ID,834
TEUTOPOLIS,IL,624
TEWKSBURY,MA,018
TEXARKANA,AR,755
TEXARKANA,TX,718
TEXAS CITY,TX,775
TEXHOMA,OK,739
TEXICO,NM,881
TEXLINE,TX,790
THATCHER,AZ,855
THAWVILLE,IL,609
THAXTON,VA,241
THAYER,IL,626
THAYER,KS,667
THAYER,MO,656
THAYNE,WY,831
THE COLONY,TX,750
THE DALLES,OR,970
THE PLAINS,OH,457
THE PLAINS,VA,201
THE ROCK,GA,302
THE SEA RANCH,CA,954
THEBES,IL,629
THEDFORD,NE,691
THENDARA,NY,134
THEODORE,AL,365
THEODOSIA,MO,657
THERESA,NY,136
THERMAL,CA,922
THERMOPOLIS,WY,824
THETFORD,VT,050
THIBODAUX,LA,703
THICKET,TX,773
THIEF RIVER FALLS,MN,567
THIELLS,NY,109
THIENSVILLE,WI,530
THOMAS,OK,736
THOMAS,WV,262
THOMASTON,CT,067
THOMASTON,GA,302
THOMASTON,TX,779
THOMASTOWN,MS,391
THOMASVILLE,AL,367
THOMASVILLE,GA,317
THOMASVILLE,NC,273
THOMASVILLE,PA,173
THOMPSON,IA,504
THOMPSON,ND,582
THOMPSON FALLS,MT,598
THOMPSONS STATION,TN,371
THOMPSONVILLE,IL,628
THOMPSONVILLE,MI,496
THOMPSONVILLE,NY,127
THOMSON,GA,308
THONOTOSASSA,FL,335
THOR,IA,505
THOREAU,NM,873
THORN HILL,TN,378
THORNBURG,IA,502
THORNBURG,VA,225
THORNDALE,TX,765
THORNDIKE,MA,010
THORNDIKE,ME,049
THORNE BAY,AK,999
THORNTON,CA,956
THORNTON,IA,504
THORNTON,IL,604
THORNTON,TX,766
THORNTOWN,IN,460
THORNVILLE,OH,430
THORNWOOD,NY,105
THORP,WA,989
THORP,WI,547
THORPE,WV,248
THORSBY,AL,351
THOUSAND OAKS,CA,913
THOUSAND PALMS,CA,922
THRALL,TX,765
THREE FORKS,MT,597
THREE LAKES,WI,545
THREE MILE BAY,NY,136
THREE OAKS,MI,491
THREE RIVERS,CA,932
THREE RIVERS,MI,490
THREE RIVERS,TX,780
THREE SPRINGS,PA,172
THROCKMORTON,TX,764
THURMAN,IA,516
THURMONT,MD,217
THURSTON,NE,680
THURSTON,OH,431
TIBBIE,AL,365
TICKFAW,LA,704
TICONDEROGA,NY,128
TIDEWATER,OR,973
TIDIOUTE,PA,163
TIERRA AMARILLA,NM,875
TIETON,WA,989
TIFF,MO,636
TIFF CITY,MO,648
TIFFIN,OH,448
TIFTON,GA,317
TIGERTON,WI,544
TIGERVILLE,SC,296
TIGNALL,GA,306
TIGRETT,TN,380
TIJERAS,NM,870
TILDEN,IL,622
TILDEN,NE,687
TILDEN,TX,780
TILGHMAN,MD,216
TILINE,KY,420
TILLAMOOK,OR,971
TILLAR,AR,716
TILLATOBA,MS,389
TILLEDA,WI,549
TILLER,OR,974
TILLERY,NC,278
TILLSON,NY,124
TILLY,AR,726
TILTON,NH,032
TIMBER LAKE,SD,576
TIMBERLAKE,NC,275
TIMBERON,NM,883
TIMBERVILLE,VA,228
TIMBLIN,PA,157
TIMBO,AR,726
TIMMONSVILLE,SC,291
TIMPSON,TX,759
TINGLEY,IA,508
TINLEY PARK,IL,604
TINNIE,NM,883
TINSLEY,MS,391
TIOGA,LA,714
TIOGA,ND,588
TIOGA,PA,169
TIOGA,TX,762
TIONA,PA,163
TIONESTA,PA,163
TIPP CITY,OH,453
TIPPO,MS,389
TIPTON,CA,932
TIPTON,IA,527
TIPTON,IN,460
TIPTON,KS,674
TIPTON,MI,492
TIPTON,MO,650
TIPTON,PA,166
TIPTON,TN,380
TIPTONVILLE,TN,380
TIRE HILL,PA,159
TISCH MILLS,WI,542
TISHOMINGO,MS,388
TISHOMINGO,OK,734
TITONKA,IA,504
TITUS,AL,360
TITUSVILLE,FL,327
TITUSVILLE,PA,163
TIVERTON,RI,028
TIVOLI,NY,125
TIVOLI,TX,779
TOA ALTA,PR,009
TOA BAJA,PR,009
TOANO,VA,231
TOAST,NC,270
TOBACCOVILLE,NC,270
TOBYHANNA,PA,184
TOCCOA,GA,305
TOCCOA FALLS,GA,305
TOCCOPOLA,MS,388
TOFTE,MN,556
TOGIAK,AK,996
TOIVOLA,MI,499
TOKELAND,WA,985
TOKIO,ND,583
TOKSOOK BAY,AK,996
TOLAR,TX,764
TOLEDO,IL,624
TOLEDO,OH,434
TOLEDO,OR,973
TOLEDO,WA,985
TOLER,KY,415
TOLLAND,CT,060
TOLLESBORO,KY,411
TOLLESON,AZ,853
TOLLHOUSE,CA,936
TOLNA,ND,583
TOLONO,IL,618
TOLOVANA PARK,OR,971
TOLSTOY,SD,574
TOLU,KY,420
TOLUCA,IL,613
TOM BEAN,TX,754
TOMAH,WI,546
TOMAHAWK,WI,544
TOMALES,CA,949
TOMBALL,TX,773
TOMBSTONE,AZ,856
TOME,NM,870
TOMKINS COVE,NY,109
TOMPKINSVILLE,KY,421
TOMS RIVER,NJ,087
TONASKET,WA,988
TONAWANDA,NY,141
TONEY,AL,357
TONGANOXIE,KS,660
TONICA,IL,613
TONKAWA,OK,746
TONOPAH,AZ,853
TONOPAH,NV,890
TONTITOWN,AR,727
TONTO BASIN,AZ,855
TONTOGANY,OH,435
TONY,WI,545
TOOELE,UT,840
TOOMSBORO,GA,310
TOOMSUBA,MS,393
TOONE,TN,383
TOPANGA,CA,902
TOPAWA,AZ,856
TOPEKA,IL,615
TOPEKA,IN,465
TOPEKA,KS,666
TOPINABEE,MI,497
TOPMOST,KY,418
TOPOCK,AZ,864
TOPONAS,CO,804
TOPPENISH,WA,989
TOPPING,VA,231
TOPSFIELD,MA,019
TOPSFIELD,ME,044
TOPTON,PA,195
TOQUERVILLE,UT,847
TORBERT,LA,707
TORNILLO,TX,798
TORONTO,KS,667
TORONTO,OH,439
TORONTO,SD,572
TORRANCE,CA,905
TORRANCE,PA,157
TORREON,NM,870
TORRINGTON,CT,067
TORRINGTON,WY,822
TOSTON,MT,596
TOTOWA,NJ,075
TOTZ,KY,408
TOUCHET,WA,993
TOUGALOO,MS,391
TOUGHKENAMON,PA,193
TOULON,IL,614
TOUTLE,WA,986
TOVEY,IL,625
TOWANDA,IL,617
TOWANDA,KS,671
TOWANDA,PA,188
TOWAOC,CO,813
TOWER,MN,557
TOWER CITY,ND,580
TOWER CITY,PA,179
TOWER HILL,IL,625
TOWN CREEK,AL,356
TOWNER,ND,587
TOWNLEY,AL,355
TOWNSEND,GA,313
TOWNSEND,MA,014
TOWNSEND,MT,596
TOWNSEND,TN,378
TOWNSEND,VA,234
TOWNSEND,WI,541
TOWNSHEND,VT,053
TOWNSHIP OF WASHINGTON,NJ,076
TOWNSVILLE,NC,275
TOWNVILLE,SC,296
TOWSON,MD,212
TOXEY,AL,369
TOYAH,TX,797
TRABUCO CANYON,CA,926
TRACY,CA,953
TRACY,MN,561
TRACYS LANDING,MD,207
TRACYTON,WA,983
TRADE,TN,376
TRAER,IA,506
TRAFALGAR,IN,461
TRAFFORD,PA,150
TRANQUILITY,NJ,078
TRANQUILLITY,CA,936
TRANSFER,PA,161
TRANSYLVANIA,LA,712
TRAPPER CREEK,AK,996
TRASKWOOD,AR,721
TRAVELERS REST,SC,296
TRAVER,CA,936
TRAVERSE CITY,MI,496
TREECE,KS,667
TREGO,MT,599
TREICHLERS,PA,180
TREMENTINA,NM,884
TREMONT,IL,615
TREMONT,MS,388
TREMONT CITY,OH,453
TREMONTON,UT,843
TREMPEALEAU,WI,546
TRENARY,MI,498
TRENTON,FL,326
TRENTON,GA,307
TRENTON,IL,622
TRENTON,MI,481
TRENTON,MO,646
TRENTON,NC,285
TRENTON,ND,588
TRENTON,NE,690
TRENTON,NJ,086
TRENTON,OH,450
TRENTON,SC,298
TRENTON,TN,383
TRENTON,TX,754
TRENTON,UT,843
TRES PIEDRAS,NM,875
TRES PINOS,CA,950
TRESCKOW,PA,182
TREXLERTOWN,PA,180
TREYNOR,IA,515
TRIADELPHIA,WV,260
TRIANGLE,VA,221
TRIBES HILL,NY,121
TRIBUNE,KS,678
TRILBY,FL,335
TRILLA,IL,624
TRIMBLE,MO,644
TRIMONT,MN,561
TRINIDAD,CA,955
TRINIDAD,CO,810
TRINIDAD,TX,751
TRINITY,AL,356
TRINITY,NC,273
TRINITY,TX,758
TRINITY CENTER,CA,960
TRINWAY,OH,438
TRION,GA,307
TRIPOLI,IA,506
TRIPOLI,WI,545
TRIPP,SD,573
TRIUMPH,IL,613
TRIVOLI,IL,615
TRONA,CA,935
TROPIC,UT,847
TROSKY,MN,561
TROSPER,KY,409
TROUP,TX,757
TROUPSBURG,NY,148
TROUT,LA,713
TROUT CREEK,MI,499
TROUT CREEK,MT,598
TROUT CREEK,NY,138
TROUT LAKE,MI,497
TROUT LAKE,WA,986
TROUT RUN,PA,177
TROUTDALE,OR,970
TROUTDALE,VA,243
TROUTMAN,NC,281
TROUTVILLE,VA,241
TROXELVILLE,PA,178
TROY,AL,360
TROY,ID,838
TROY,IL,622
TROY,IN,475
TROY,KS,660
TROY,ME,049
TROY,MI,480
TROY,MO,633
TROY,MT,599
TROY,NC,273
TROY,NY,121
TROY,OH,453
TROY,PA,169
TROY,SC,298
TROY,TN,382
TROY,TX,765
TROY,VT,058
TROY,WV,263
TROY GROVE,IL,613
TROY MILLS,IA,523
TRUCHAS,NM,875
TRUCKEE,CA,961
TRUESDALE,IA,505
TRUJILLO ALTO,PR,009
TRUMAN,MN,560
TRUMANN,AR,724
TRUMANSBURG,NY,148
TRUMBAUERSVILLE,PA,189
TRURO,IA,502
TRURO,MA,026
TRUSSVILLE,AL,351
TRUTH OR CONSEQUENCES,NM,879
TRUXTON,MO,633
TRUXTON,NY,131
TRYON,NC,287
TRYON,NE,691
TRYON,OK,748
TSAILE,AZ,865
TUALATIN,OR,970
TUBA CITY,AZ,860
TUBAC,AZ,856
TUCKAHOE,NJ,082
TUCKAHOE,NY,107
TUCKER,AR,721
TUCKER,GA,300
TUCKERMAN,AR,724
TUCSON,AZ,857
TUCUMCARI,NM,884
TUJUNGA,CA,910
TUKWILA,WA,981
TULARE,CA,932
TULAROSA,NM,883
TULELAKE,CA,961
TULETA,TX,781
TULIA,TX,790
TULLAHOMA,TN,373
TULLOS,LA,714
TULLY,NY,131
TULSA,OK,741
TULUKSAK,AK,996
TUMACACORI,AZ,856
TUMWATER,WA,985
TUNAS,MO,657
TUNBRIDGE,VT,050
TUNICA,LA,707
TUNICA,MS,386
TUNKHANNOCK,PA,186
TUNNEL,NY,138
TUNNEL CITY,WI,546
TUNNEL HILL,GA,307
TUNNEL HILL,IL,629
TUNNELTON,IN,474
TUNTUTULIAK,AK,996
TUNUNAK,AK,996
TUOLUMNE,CA,953
TUPELO,AR,721
TUPELO,MS,388
TUPELO,OK,745
TUPMAN,CA,932
TUPPER LAKE,NY,129
TUPPERS PLAINS,OH,457
TURBEVILLE,SC,291
TURBOTVILLE,PA,177
TURIN,GA,302
TURIN,IA,510
TURIN,NY,134
TURKEY,NC,283
TURKEY CITY,PA,160
TURKEY CREEK,LA,705
TURLOCK,CA,953
TURNER,AR,723
TURNER,ME,042
TURNER,MT,595
TURNERS,MO,657
TURNERS FALLS,MA,013
TURNERSBURG,NC,286
TURNERVILLE,GA,305
TURON,KS,675
TURPIN,OK,739
TURRELL,AR,723
TURTLE CREEK,WV,252
TURTLE LAKE,ND,585
TURTLE LAKE,WI,548
TURTLEPOINT,PA,167
TURTLETOWN,TN,373
TUSCALOOSA,AL,354
TUSCARAWAS,OH,446
TUSCARORA,NV,898
TUSCOLA,IL,619
TUSCOLA,TX,795
TUSCUMBIA,AL,356
TUSCUMBIA,MO,650
TUSKEGEE,AL,360
TUSKEGEE INSTITUTE,AL,360
TUSTIN,CA,927
TUSTIN,MI,496
TUTTLE,ND,584
TUTTLE,OK,730
TUTWILER,MS,389
TWAIN,CA,959
TWAIN HARTE,CA,953
TWENTYNINE PALMS,CA,922
TWIG,MN,557
TWILIGHT,WV,252
TWIN BRIDGES,CA,957
TWIN BRIDGES,MT,597
TWIN CITY,GA,304
TWIN FALLS,ID,833
TWIN LAKE,MI,494
TWIN LAKES,MN,560
TWIN LAKES,WI,531
TWIN MOUNTAIN,NH,035
TWIN PEAKS,CA,923
TWIN ROCKS,PA,159
TWIN VALLEY,MN,565
TWINSBURG,OH,440
TWISP,WA,988
TWO BUTTES,CO,810
TWO DOT,MT,590
TWO HARBORS,MN,556
TY TY,GA,317
TYBEE ISLAND,GA,313
TYE,TX,795
TYGH VALLEY,OR,970
TYLER,AL,367
TYLER,MN,561
TYLER,TX,757
TYLERSBURG,PA,163
TYLERSPORT,PA,189
TYLERTON,MD,218
TYLERTOWN,MS,396
TYNAN,TX,783
TYNDALL,SD,570
TYNGSBORO,MA,018
TYONEK,AK,996
TYRO,KS,673
TYRONE,NM,880
TYRONE,NY,148
TYRONE,OK,739
TYRONE,PA,166
TYRONZA,AR,723
UBLY,MI,484
UCON,ID,834
UDALL,KS,671
UEHLING,NE,680
UHRICHSVILLE,OH,446
UKIAH,CA,954
UKIAH,OR,978
ULEDI,PA,154
ULEN,MN,565
ULLIN,IL,629
ULM,AR,721
ULM,MT,594
ULMAN,MO,650
ULMER,SC,298
ULYSSES,KS,678
ULYSSES,PA,169
UMATILLA,FL,327
UMATILLA,OR,978
UMBARGER,TX,790
UMPIRE,AR,719
UMPQUA,OR,974
UNA,SC,293
UNADILLA,GA,310
UNADILLA,NE,684
UNADILLA,NY,138
UNALAKLEET,AK,996
UNALASKA,AK,996
UNCASVILLE,CT,063
UNDERHILL,VT,054
UNDERHILL CENTER,VT,054
UNDERWOOD,IA,515
UNDERWOOD,MN,565
UNDERWOOD,ND,585
UNDERWOOD,WA,986
UNEEDA,WV,252
UNION,IA,502
UNION,KY,410
UNION,ME,048
UNION,MO,630
UNION,MS,393
UNION,NE,684
UNION,NJ,070
UNION,OR,978
UNION,SC,293
UNION,WA,985
UNION,WV,249
UNION BRIDGE,MD,217
UNION CENTER,SD,577
UNION CENTER,WI,539
UNION CHURCH,MS,396
UNION CITY,CA,945
UNION CITY,GA,302
UNION CITY,IN,453
UNION CITY,MI,490
UNION CITY,NJ,070
UNION CITY,PA,164
UNION CITY,TN,382
UNION FURNACE,OH,431
UNION GAP,WA,989
UNION GROVE,AL,351
UNION GROVE,WI,531
UNION HALL,VA,241
UNION HILL,NY,145
UNION LAKE,MI,483
UNION MILLS,IN,463
UNION PIER,MI,491
UNION POINT,GA,306
UNION SPRINGS,AL,360
UNION SPRINGS,NY,131
UNION STAR,KY,401
UNIONDALE,NY,115
UNIONTOWN,AL,367
UNIONTOWN,AR,729
UNIONTOWN,KS,667
UNIONTOWN,KY,424
UNIONTOWN,OH,446
UNIONTOWN,PA,154
UNIONTOWN,WA,991
UNIONVILLE,IN,474
UNIONVILLE,MO,635
UNIONVILLE,NY,109
UNIONVILLE,OH,440
UNIONVILLE,PA,193
UNIONVILLE,TN,371
UNIONVILLE,VA,225
UNIONVILLE CENTER,OH,430
UNIOPOLIS,OH,458
UNITED,PA,156
UNITY,IL,629
UNITY,ME,049
UNITY,OR,978
UNITY,WI,544
UNITYVILLE,PA,177
UNIVERSAL,IN,478
UNIVERSITY,MS,386
UNIVERSITY OF CT,CT,062
UNIVERSITY PARK,IA,525
UPLAND,CA,917
UPLAND,IN,469
UPLAND,NE,689
UPPER BLACK EDDY,PA,189
UPPER CHICHESTER,PA,190
UPPER DARBY,PA,190
UPPER FAIRMOUNT,MD,218
UPPER FALLS,MD,211
UPPER JAY,NY,129
UPPER LAKE,CA,954
UPPER MARLBORO,MD,207
UPPER SANDUSKY,OH,433
UPPERGLADE,WV,262
UPPERSTRASBURG,PA,172
UPPERVILLE,VA,201
UPTON,KY,427
UPTON,MA,015
UPTON,NY,119
UPTON,WY,827
URANIA,LA,714
URBANA,IA,523
URBANA,IL,618
URBANA,IN,469
URBANA,MO,657
URBANA,OH,430
URBANDALE,IA,503
URBANNA,VA,230
URIAH,AL,364
URICH,MO,647
URSA,IL,623
USAF ACADEMY,CO,808
USK,WA,991
UTE,IA,510
UTE PARK,NM,877
UTICA,IL,613
UTICA,KS,675
UTICA,KY,423
UTICA,MO,646
UTICA,MS,391
UTICA,NE,684
UTICA,NY,134
UTICA,OH,430
UTICA,PA,163
UTICA,SD,570
UTOPIA,TX,788
UTUADO,PR,006
UVALDA,GA,304
UVALDE,TX,788
UWCHLAND,PA,194
UXBRIDGE,MA,015
VACAVILLE,CA,956
VACHERIE,LA,700
VADER,WA,985
VADITO,NM,875
VADO,NM,880
VAIDEN,MS,391
VAIL,AZ,856
VAIL,CO,816
VAIL,IA,514
VAILS GATE,NY,125
VALATIE,NY,121
VALDERS,WI,542
VALDESE,NC,286
VALDEZ,AK,996
VALDOSTA,GA,316
VALE,NC,281
VALE,OR,979
VALE,SD,577
VALENCIA,CA,913
VALENCIA,PA,160
VALENTINE,NE,692
VALENTINE,TX,798
VALERA,TX,768
VALHALLA,NY,105
VALHERMOSO SPRINGS,AL,357
VALIER,IL,628
VALIER,MT,594
VALLECITO,CA,952
VALLECITOS,NM,875
VALLEJO,CA,945
VALLEY,AL,368
VALLEY,NE,680
VALLEY BEND,WV,262
VALLEY CENTER,CA,920
VALLEY CENTER,KS,671
VALLEY CITY,ND,580
VALLEY CITY,OH,442
VALLEY COTTAGE,NY,109
VALLEY FALLS,KS,660
VALLEY FALLS,NY,121
VALLEY FARMS,AZ,851
VALLEY FORD,CA,949
VALLEY FORGE,PA,194
VALLEY FORK,WV,252
VALLEY GROVE,WV,260
VALLEY HEAD,AL,359
VALLEY HEAD,WV,262
VALLEY LEE,MD,206
VALLEY MILLS,TX,766
VALLEY PARK,MO,630
VALLEY PARK,MS,391
VALLEY SPRINGS,AR,726
VALLEY SPRINGS,CA,952
VALLEY STREAM,NY,115
VALLEY VIEW,PA,179
VALLEY VIEW,TX,762
VALLEY VILLAGE,CA,916
VALLEYFORD,WA,990
VALLIANT,OK,747
VALLONIA,IN,472
VALMEYER,IL,622
VALMORA,NM,877
VALMY,NV,894
VALPARAISO,IN,463
VALPARAISO,NE,680
VALRICO,FL,335
VAN,TX,757
VAN,WV,250
VAN ALSTYNE,TX,754
VAN BUREN,AR,729
VAN BUREN,ME,047
VAN BUREN,MO,639
VAN DYNE,WI,549
VAN ETTEN,NY,148
VAN HORN,TX,798
VAN HORNE,IA,523
VAN HORNESVILLE,NY,134
VAN METER,IA,502
VAN NUYS,CA,914
VAN ORIN,IL,613
VAN VLECK,TX,774
VAN VLEET,MS,388
VAN VOORHIS,PA,153
VAN WERT,IA,502
VAN WERT,OH,458
VAN WYCK,SC,297
VANCE,AL,354
VANCE,SC,291
VANCEBORO,ME,044
VANCEBORO,NC,285
VANCEBURG,KY,411
VANCLEAVE,MS,395
VANCOURT,TX,769
VANCOUVER,WA,986
VANDALIA,IL,624
VANDALIA,MO,633
VANDALIA,OH,453
VANDERBILT,MI,497
VANDERBILT,TX,779
VANDERGRIFT,PA,156
VANDERPOOL,TX,788
VANDERWAGEN,NM,873
VANDUSER,MO,637
VANLEER,TN,371
VANNDALE,AR,723
VANTAGE,WA,989
VARDAMAN,MS,388
VARINA,IA,505
VARNA,IL,613
VARNELL,GA,307
VARNEY,WV,256
VARNVILLE,SC,299
VARYSBURG,NY,141
VASHON,WA,980
VASS,NC,283
VASSAR,MI,487
VAUCLUSE,SC,298
VAUGHN,MT,594
VAUGHN,NM,883
VAUGHNSVILLE,OH,458
VEBLEN,SD,572
VEEDERSBURG,IN,479
VEGA,TX,790
VEGA ALTA,PR,006
VEGA BAJA,PR,006
VEGUITA,NM,870
VELARDE,NM,875
VELMA,OK,734
VELPEN,IN,475
VELVA,ND,587
VENANGO,PA,164
VENETA,OR,974
VENETIA,PA,153
VENETIE,AK,997
VENICE,CA,902
VENICE,FL,342
VENTRESS,LA,707
VENTURA,CA,930
VENTURA,IA,504
VENTURIA,ND,584
VENUS,FL,339
VENUS,PA,163
VENUS,TX,760
VERA,OK,740
VERBANK,NY,125
VERDEN,OK,730
VERDI,NV,894
VERDUGO CITY,CA,910
VERDUNVILLE,WV,256
VERGENNES,IL,629
VERGENNES,VT,054
VERIBEST,TX,768
VERMILION,IL,619
VERMILION,OH,440
VERMILLION,MN,550
VERMILLION,SD,570
VERMONT,IL,614
VERMONTVILLE,NY,129
VERNAL,UT,840
VERNDALE,MN,564
VERNER,WV,256
VERNON,AL,355
VERNON,AZ,859
VERNON,CA,900
VERNON,CO,807
VERNON,FL,324
VERNON,IN,472
VERNON,MI,484
VERNON,NJ,074
VERNON,NY,134
VERNON,TX,763
VERNON,UT,840
VERNON,VT,053
VERNON HILL,VA,245
VERNON HILLS,IL,600
VERNON ROCKVILLE,CT,060
VERNONIA,OR,970
VERO BEACH,FL,329
VERONA,IL,604
VERONA,KY,410
VERONA,MS,388
VERONA,NY,134
VERONA,OH,453
VERONA,PA,151
VERONA,VA,244
VERONA,WI,535
VERONA BEACH,NY,131
VERPLANCK,NY,105
VERSAILLES,CT,063
VERSAILLES,IL,623
VERSAILLES,IN,470
VERSAILLES,KY,403
VERSAILLES,MO,650
VERSAILLES,NY,141
VERSAILLES,OH,453
VERSHIRE,VT,050
VESPER,WI,544
VESTA,MN,562
VESTA,VA,241
VESTABURG,MI,488
VESTABURG,PA,153
VESTAL,NY,138
VESTAVIA,AL,352
VESTAVIA HILLS,AL,352
VEVAY,IN,470
VIAN,OK,749
VIBORG,SD,570
VICHY,MO,655
VICI,OK,738
VICKSBURG,MI,490
VICKSBURG,MS,391
VICTOR,CA,952
VICTOR,CO,808
VICTOR,ID,834
VICTOR,MT,598
VICTOR,NY,145
VICTOR,WV,259
VICTORIA,IL,614
VICTORIA,KS,676
VICTORIA,MS,386
VICTORIA,TX,779
VICTORIA,VA,239
VICTORVILLE,CA,923
VICTORY MILLS,NY,128
VIDA,MT,592
VIDA,OR,974
VIDALIA,GA,304
VIDALIA,LA,713
VIDOR,TX,776
VIENNA,GA,310
VIENNA,IL,629
VIENNA,ME,043
VIENNA,MO,655
VIENNA,NJ,078
VIENNA,OH,444
VIENNA,VA,221
VIEQUES,PR,007
VIEWTOWN,VA,227
VILAS,CO,810
VILAS,NC,286
VILLA GRANDE,CA,954
VILLA GROVE,CO,811
VILLA GROVE,IL,619
VILLA MARIA,PA,161
VILLA PARK,IL,601
VILLA RICA,GA,301
VILLA RIDGE,IL,629
VILLA RIDGE,MO,630
VILLAGE MILLS,TX,776
VILLALBA,PR,007
VILLANUEVA,NM,875
VILLARD,MN,563
VILLE PLATTE,LA,705
VILLISCA,IA,508
VILONIA,AR,721
VINA,CA,960
VINALHAVEN,ME,048
VINCENNES,IN,475
VINCENT,AL,351
VINCENT,OH,457
VINE GROVE,KY,401
VINEBURG,CA,954
VINELAND,NJ,083
VINEMONT,AL,351
VINEYARD HAVEN,MA,025
VINING,IA,523
VINITA,OK,743
VINTON,IA,523
VINTON,LA,706
VINTON,OH,456
VINTON,VA,241
VINTONDALE,PA,159
VIOLA,AR,725
VIOLA,IL,614
VIOLA,TN,373
VIOLA,WI,546
VIOLET HILL,AR,725
VIRDEN,IL,626
VIRGIE,KY,415
VIRGIL,KS,668
VIRGILINA,VA,245
VIRGINIA,IL,626
VIRGINIA,MN,557
VIRGINIA BEACH,VA,234
VIRGINIA CITY,MT,597
VIRGINIA CITY,NV,894
VIRGINVILLE,PA,195
VIROQUA,WI,546
VISALIA,CA,932
VISTA,CA,920
VIVIAN,LA,710
VIVIAN,SD,575
VOLBORG,MT,593
VOLCANO,CA,956
VOLCANO,HI,967
VOLGA,SD,570
VOLTAIRE,ND,587
VOLUNTOWN,CT,063
VON ORMY,TX,780
VONORE,TN,378
VOORHEES,NJ,080
VOORHEESVILLE,NY,121
VOSSBURG,MS,393
VOTAW,TX,773
VREDENBURGH,AL,364
W HATFIELD,MA,010
WABAN,MA,024
WABASH,AR,723
WABASH,IN,469
WABASHA,MN,559
WABASSO,FL,329
WABASSO,MN,562
WABBASEKA,AR,721
WABENO,WI,545
WACHAPREAGUE,VA,234
WACISSA,FL,323
WACO,KY,403
WACO,NC,281
WACO,NE,684
WACO,TX,767
WACONIA,MN,553
WADDELL,AZ,853
WADDINGTON,NY,136
WADDY,KY,400
WADE,NC,283
WADENA,IA,521
WADENA,MN,564
WADESBORO,NC,281
WADESTOWN,WV,265
WADESVILLE,IN,476
WADING RIVER,NY,117
WADLEY,AL,362
WADLEY,GA,304
WADMALAW ISLAND,SC,294
WADSWORTH,IL,600
WADSWORTH,NV,894
WADSWORTH,OH,442
WADSWORTH,TX,774
WAELDER,TX,789
WAGENER,SC,291
WAGNER,SD,573
WAGON MOUND,NM,877
WAGONER,OK,744
WAGONTOWN,PA,193
WAGRAM,NC,283
WAHIAWA,HI,967
WAHKON,MN,563
WAHOO,NE,680
WAHPETON,ND,580
WAIALUA,HI,967
WAIANAE,HI,967
WAIKOLOA,HI,967
WAILUKU,HI,967
WAIMANALO,HI,967
WAIMEA,HI,967
WAINSCOTT,NY,119
WAINWRIGHT,AK,997
WAIPAHU,HI,967
WAITSBURG,WA,993
WAITSFIELD,VT,056
WAKE FOREST,NC,275
WAKEENEY,KS,676
WAKEFIELD,KS,674
WAKEFIELD,LA,707
WAKEFIELD,MA,018
WAKEFIELD,MI,499
WAKEFIELD,NE,687
WAKEFIELD,RI,028
WAKEFIELD,VA,238
WAKEMAN,OH,448
WAKITA,OK,737
WALBRIDGE,OH,434
WALBURG,TX,786
WALCOTT,AR,724
WALCOTT,IA,527
WALCOTT,ND,580
WALDEN,CO,804
WALDENBURG,AR,724
WALDO,AR,717
WALDO,FL,326
WALDO,WI,530
WALDOBORO,ME,045
WALDORF,MD,206
WALDORF,MN,560
WALDPORT,OR,973
WALDRON,AR,729
WALDRON,IN,461
WALDRON,MI,492
WALDRON,MO,640
WALDRON,WA,982
WALDWICK,NJ,074
WALES,AK,997
WALES,MA,010
WALES CENTER,NY,141
WALESKA,GA,301
WALFORD,IA,523
WALHALLA,MI,494
WALHALLA,ND,582
WALHALLA,SC,296
WALHONDING,OH,438
WALKER,IA,523
WALKER,KY,409
WALKER,LA,707
WALKER,MN,564
WALKER,MO,647
WALKER VALLEY,NY,125
WALKERSVILLE,MD,217
WALKERSVILLE,WV,263
WALKERTON,IN,465
WALKERTOWN,NC,270
WALKERVILLE,MI,494
WALL,SD,577
WALL LAKE,IA,514
WALLA WALLA,WA,993
WALLACE,CA,952
WALLACE,ID,838
WALLACE,NC,284
WALLACE,NE,691
WALLACE,WV,264
WALLACETON,PA,168
WALLAGRASS,ME,047
WALLAND,TN,378
WALLBACK,WV,252
WALLBURG,NC,273
WALLED LAKE,MI,483
WALLER,TX,774
WALLING,TN,385
WALLINGFORD,CT,064
WALLINGFORD,KY,410
WALLINGFORD,VT,057
WALLIS,TX,774
WALLISVILLE,TX,775
WALLOON LAKE,MI,497
WALLOWA,OR,978
WALLS,MS,386
WALLSBURG,UT,840
WALLULA,WA,993
WALNUT,CA,917
WALNUT,IL,613
WALNUT,MS,386
WALNUT COVE,NC,270
WALNUT CREEK,CA,945
WALNUT CREEK,OH,446
WALNUT GROVE,AL,359
WALNUT GROVE,CA,956
WALNUT GROVE,MN,561
WALNUT GROVE,MS,391
WALNUT RIDGE,AR,724
WALNUT SPRINGS,TX,766
WALNUTPORT,PA,180
WALPOLE,ME,045
WALPOLE,NH,036
WALSENBURG,CO,810
WALSH,CO,810
WALSTON,PA,157
WALSTONBURG,NC,278
WALTERBORO,SC,294
WALTERS,OK,735
WALTERSBURG,PA,154
WALTERVILLE,OR,974
WALTHAM,MA,024
WALTHILL,NE,680
WALTHOURVILLE,GA,313
WALTON,KY,410
WALTON,NY,138
WALTON,OR,974
WALTON,WV,252
WALTONVILLE,IL,628
WAMEGO,KS,665
WAMPSVILLE,NY,131
WAMSUTTER,WY,823
WANAKENA,NY,136
WANAMINGO,MN,559
WANAQUE,NJ,074
WANATAH,IN,463
WANBLEE,SD,575
WANCHESE,NC,279
WANDA,MN,562
WANETA,KY,404
WANETTE,OK,748
WANN,OK,740
WANTAGH,NY,117
WAPAKONETA,OH,458
WAPANUCKA,OK,734
WAPATO,WA,989
WAPELLA,IL,617
WAPELLO,IA,526
WAPITI,WY,824
WAPPAPELLO,MO,639
WAPPINGERS FALLS,NY,125
WAR,WV,248
WARBA,MN,557
WARD,AL,369
WARD,AR,721
WARD,SD,570
WARD COVE,AK,999
WARDA,TX,789
WARDELL,MO,638
WARDEN,WA,988
WARDENSVILLE,WV,268
WARDSBORO,VT,053
WARE,MA,010
WARE NECK,VA,231
WARE SHOALS,SC,296
WAREHAM,MA,025
WARESBORO,GA,315
WARETOWN,NJ,087
WARFORDSBURG,PA,172
WARING,TX,780
WARM SPRINGS,MT,597
WARM SPRINGS,OR,977
WARMINSTER,PA,189
WARNER,NH,032
WARNER,OK,744
WARNER,SD,574
WARNER ROBINS,GA,310
WARNER SPRINGS,CA,920
WARNERS,NY,131
WARNERVILLE,NY,121
WARNOCK,OH,439
WARREN,AR,716
WARREN,ID,836
WARREN,IN,467
WARREN,MA,010
WARREN,ME,048
WARREN,MI,480
WARREN,MN,567
WARREN,NH,032
WARREN,NJ,070
WARREN,OH,444
WARREN,PA,163
WARREN,RI,028
WARREN,TX,776
WARREN,VT,056
WARRENDALE,PA,150
WARRENS,WI,546
WARRENSBURG,IL,625
WARRENSBURG,MO,640
WARRENSBURG,NY,128
WARRENTON,GA,308
WARRENTON,MO,633
WARRENTON,NC,275
WARRENTON,OR,971
WARRENTON,VA,201
WARRENVILLE,IL,605
WARRENVILLE,SC,298
WARRINGTON,PA,189
WARRIOR,AL,351
WARRIORMINE,WV,248
WARROAD,MN,567
WARSAW,IL,623
WARSAW,IN,465
WARSAW,KY,410
WARSAW,MO,653
WARSAW,NC,283
WARSAW,NY,145
WARSAW,OH,438
WARSAW,VA,225
WARTBURG,TN,378
WARTRACE,TN,371
WARWICK,GA,317
WARWICK,MA,013
WARWICK,MD,219
WARWICK,NY,109
WARWICK,RI,028
WASCO,CA,932
WASCO,IL,601
WASCO,OR,970
WASCOTT,WI,548
WASECA,MN,560
WASHBURN,IA,507
WASHBURN,IL,615
WASHBURN,ME,047
WASHBURN,ND,585
WASHBURN,TN,378
WASHBURN,WI,548
WASHINGTON,AR,718
WASHINGTON,CA,959
WASHINGTON,DC,200
WASHINGTON,GA,306
WASHINGTON,IA,523
WASHINGTON,IL,615
WASHINGTON,IN,475
WASHINGTON,KY,410
WASHINGTON,LA,705
WASHINGTON,ME,045
WASHINGTON,MI,480
WASHINGTON,MO,630
WASHINGTON,MS,391
WASHINGTON,NC,278
WASHINGTON,NH,032
WASHINGTON,NJ,078
WASHINGTON,OK,730
WASHINGTON,PA,153
WASHINGTON,TX,778
WASHINGTON,VA,227
WASHINGTON,VT,056
WASHINGTON COURT HOUSE,OH,431
WASHINGTON CROSSING,PA,189
WASHINGTON DEPOT,CT,067
WASHINGTON GROVE,MD,208
WASHINGTON ISLAND,WI,542
WASHINGTON MILLS,NY,134
WASHINGTONVILLE,NY,109
WASHINGTONVILLE,PA,178
WASHOUGAL,WA,986
WASHTA,IA,510
WASILLA,AK,996
WASKISH,MN,566
WASKOM,TX,756
WASSAIC,NY,125
WASTA,SD,577
WATAGA,IL,614
WATER MILL,NY,119
WATER VALLEY,MS,389
WATER VALLEY,TX,769
WATERBORO,ME,040
WATERBURY,CT,067
WATERBURY,VT,056
WATERBURY CENTER,VT,056
WATERFALL,PA,166
WATERFLOW,NM,874
WATERFORD,CA,953
WATERFORD,CT,063
WATERFORD,ME,040
WATERFORD,MI,483
WATERFORD,MS,386
WATERFORD,NY,121
WATERFORD,PA,164
WATERFORD,WI,531
WATERLOO,AL,356
WATERLOO,IA,507
WATERLOO,IL,622
WATERLOO,IN,467
WATERLOO,NE,680
WATERLOO,NY,131
WATERLOO,SC,293
WATERLOO,WI,535
WATERMAN,IL,605
WATERPORT,NY,145
WATERPROOF,LA,713
WATERS,MI,497
WATERSMEET,MI,499
WATERTOWN,CT,067
WATERTOWN,MA,024
WATERTOWN,MN,553
WATERTOWN,NY,136
WATERTOWN,OH,457
WATERTOWN,SD,572
WATERTOWN,TN,371
WATERTOWN,WI,530
WATERVILLE,KS,665
WATERVILLE,ME,049
WATERVILLE,MN,560
WATERVILLE,NY,134
WATERVILLE,OH,435
WATERVILLE,VT,054
WATERVILLE,WA,988
WATERVILLE VALLEY,NH,032
WATERVLIET,MI,490
WATERVLIET,NY,121
WATFORD CITY,ND,588
WATHA,NC,284
WATHENA,KS,660
WATKINS,CO,801
WATKINS,MN,553
WATKINS GLEN,NY,148
WATONGA,OK,737
WATROUS,NM,877
WATSEKA,IL,609
WATSON,AL,351
WATSON,AR,716
WATSON,IL,624
WATSON,LA,707
WATSON,OK,749
WATSONTOWN,PA,177
WATSONVILLE,CA,950
WATTON,MI,499
WATTS,OK,749
WATTSVILLE,AL,351
WAUBAY,SD,572
WAUBUN,MN,565
WAUCHULA,FL,338
WAUCOMA,IA,521
WAUCONDA,IL,600
WAUCONDA,WA,988
WAUKAU,WI,549
WAUKEE,IA,502
WAUKEGAN,IL,600
WAUKENA,CA,932
WAUKESHA,WI,531
WAUKON,IA,521
WAUNA,WA,983
WAUNAKEE,WI,535
WAUNETA,NE,690
WAUPACA,WI,549
WAUPUN,WI,539
WAUREGAN,CT,063
WAURIKA,OK,735
WAUSA,NE,687
WAUSAU,FL,324
WAUSAU,WI,544
WAUSEON,OH,435
WAUTOMA,WI,549
WAUZEKA,WI,538
WAVELAND,IN,479
WAVERLY,FL,338
WAVERLY,GA,315
WAVERLY,IA,506
WAVERLY,IL,626
WAVERLY,KS,668
WAVERLY,MN,553
WAVERLY,NE,684
WAVERLY,NY,148
WAVERLY,OH,456
WAVERLY,PA,184
WAVERLY,TN,371
WAVERLY,VA,238
WAVERLY,WA,990
WAVERLY,WV,261
WAWAKA,IN,467
WAWARSING,NY,124
WAXAHACHIE,TX,751
WAXHAW,NC,281
WAYCROSS,GA,315
WAYLAND,IA,526
WAYLAND,MA,017
WAYLAND,MI,493
WAYLAND,NY,145
WAYLAND,OH,442
WAYMART,PA,184
WAYNE,ME,042
WAYNE,MI,481
WAYNE,NE,687
WAYNE,NJ,074
WAYNE,NY,148
WAYNE,OK,730
WAYNE,WV,255
WAYNE CITY,IL,628
WAYNESBORO,GA,308
WAYNESBORO,MS,393
WAYNESBORO,PA,172
WAYNESBORO,TN,384
WAYNESBORO,VA,229
WAYNESBURG,KY,404
WAYNESBURG,OH,446
WAYNESBURG,PA,153
WAYNESFIELD,OH,458
WAYNESVILLE,GA,315
WAYNESVILLE,IL,617
WAYNESVILLE,MO,655
WAYNESVILLE,NC,287
WAYNESVILLE,OH,450
WAYNETOWN,IN,479
WAYNOKA,OK,738
WAYSIDE,MS,387
WEARE,NH,032
WEATHERFORD,OK,730
WEATHERFORD,TX,760
WEATHERLY,PA,182
WEATOGUE,CT,060
WEAUBLEAU,MO,657
WEAVER,AL,362
WEAVERVILLE,CA,960
WEAVERVILLE,NC,287
WEBB,AL,363
WEBB,MS,389
WEBB CITY,MO,648
WEBBERS FALLS,OK,744
WEBBERVILLE,MI,488
WEBSTER,FL,335
WEBSTER,IN,473
WEBSTER,MA,015
WEBSTER,MN,550
WEBSTER,NC,287
WEBSTER,NY,145
WEBSTER,PA,150
WEBSTER,SD,572
WEBSTER,TX,775
WEBSTER,WI,548
WEBSTER CITY,IA,505
WEBSTER SPRINGS,WV,262
WEBSTERVILLE,VT,056
WEDDERBURN,OR,974
WEDGEFIELD,SC,291
WEDOWEE,AL,362
WEED,CA,960
WEED,NM,883
WEEDSPORT,NY,131
WEEDVILLE,PA,158
WEEKSBURY,KY,416
WEEPING WATER,NE,684
WEESATCHE,TX,779
WEIDMAN,MI,488
WEIKERT,PA,178
WEIMAR,CA,957
WEIMAR,TX,789
WEINER,AR,724
WEIPPE,ID,835
WEIR,MS,397
WEIR,TX,786
WEIRSDALE,FL,321
WEIRTON,WV,260
WEISER,ID,836
WELAKA,FL,321
WELCH,OK,743
WELCH,WV,248
WELCHES,OR,970
WELCHS CREEK,KY,422
WELCOME,MD,206
WELCOME,MN,561
WELCOME,NC,273
WELD,ME,042
WELDON,CA,932
WELDON,IA,502
WELDON,IL,618
WELDONA,CO,806
WELEETKA,OK,748
WELLBORN,FL,320
WELLBORN,TX,778
WELLESLEY,MA,024
WELLESLEY HILLS,MA,024
WELLESLEY ISLAND,NY,136
WELLFLEET,MA,026
WELLFLEET,NE,691
WELLINGTON,CO,805
WELLINGTON,FL,334
WELLINGTON,KS,671
WELLINGTON,MO,640
WELLINGTON,NV,894
WELLINGTON,OH,440
WELLINGTON,TX,790
WELLMAN,IA,523
WELLMAN,TX,793
WELLS,ME,040
WELLS,MI,498
WELLS,MN,560
WELLS,NV,898
WELLS,NY,121
WELLS,TX,759
WELLS,VT,057
WELLS BRIDGE,NY,138
WELLS RIVER,VT,050
WELLS TANNERY,PA,166
WELLSBORO,PA,169
WELLSBURG,IA,506
WELLSBURG,WV,260
WELLSTON,MI,496
WELLSTON,OH,456
WELLSTON,OK,748
WELLSVILLE,NY,148
WELLSVILLE,OH,439
WELLSVILLE,UT,843
WELLTON,AZ,853
WELSH,LA,705
WENATCHEE,WA,988
WENDELL,ID,833
WENDELL,MA,013
WENDELL,NC,275
WENDELL DEPOT,MA,013
WENDEN,AZ,853
WENDOVER,UT,840
WENONA,IL,613
WENTWORTH,NC,273
WENTWORTH,NH,032
WENTWORTH,SD,570
WENTZVILLE,MO,633
WEOGUFKA,AL,351
WEOTT,CA,955
WERNERSVILLE,PA,195
WESCO,MO,655
WESKAN,KS,677
WESLACO,TX,785
WESLEY,IA,504
WESSINGTON,SD,573
WESSINGTON SPRINGS,SD,573
WESSON,MS,391
WEST,MS,391
WEST,TX,766
WEST ALEXANDER,PA,153
WEST ALEXANDRIA,OH,453
WEST BABYLON,NY,117
WEST BALDWIN,ME,040
WEST BARNSTABLE,MA,026
WEST BEND,IA,505
WEST BEND,WI,530
WEST BETHEL,ME,042
WEST BLOCTON,AL,351
WEST BLOOMFIELD,MI,483
WEST BLOOMFIELD,NY,145
WEST BOOTHBAY HARBOR,ME,045
WEST BOXFORD,MA,018
WEST BOYLSTON,MA,015
WEST BRANCH,MI,486
WEST BROOKFIELD,MA,015
WEST BROOKLYN,IL,613
WEST BURKE,VT,058
WEST CAMP,NY,124
WEST CHARLESTON,VT,058
WEST CHATHAM,MA,026
WEST CHAZY,NY,129
WEST CHESTER,OH,450
WEST CHESTER,PA,193
WEST CHESTERFIELD,NH,034
WEST CHICAGO,IL,601
WEST CLARKSVILLE,NY,147
WEST COLUMBIA,SC,290
WEST COLUMBIA,TX,774
WEST CORNWALL,CT,067
WEST COVINA,CA,917
WEST DAVENPORT,NY,138
WEST DENNIS,MA,026
WEST DES MOINES,IA,502
WEST DOVER,VT,053
WEST DUMMERSTON,VT,053
WEST DUNDEE,IL,601
WEST EATON,NY,134
WEST EDMESTON,NY,134
WEST ELIZABETH,PA,150
WEST ELKTON,OH,450
WEST END,NC,273
WEST ENFIELD,ME,044
WEST FALLS,NY,141
WEST FALMOUTH,MA,025
WEST FARGO,ND,580
WEST FARMINGTON,ME,049
WEST FINLEY,PA,153
WEST FORK,AR,727
WEST FRANKFORT,IL,628
WEST FULTON,NY,121
WEST GLACIER,MT,599
WEST GREEN,GA,315
WEST GREENE,AL,354
WEST GROTON,MA,014
WEST GROVE,PA,193
WEST HALIFAX,VT,053
WEST HAMLIN,WV,255
WEST HARTFORD,CT,061
WEST HARTLAND,CT,060
WEST HARWICH,MA,026
WEST HAVEN,CT,065
WEST HAVERSTRAW,NY,109
WEST HELENA,AR,723
WEST HEMPSTEAD,NY,115
WEST HICKORY,PA,163
WEST HILLS,CA,913
WEST HOLLYWOOD,CA,900
WEST HURLEY,NY,124
WEST HYANNISPORT,MA,026
WEST ISLIP,NY,117
WEST JEFFERSON,NC,286
WEST JEFFERSON,OH,431
WEST JORDAN,UT,840
WEST KENNEBUNK,ME,040
WEST KINGSTON,RI,028
WEST LAFAYETTE,IN,479
WEST LAFAYETTE,OH,438
WEST LEBANON,IN,479
WEST LEBANON,NH,037
WEST LEISENRING,PA,154
WEST LEYDEN,NY,134
WEST LIBERTY,IA,527
WEST LIBERTY,IL,624
WEST LIBERTY,KY,414
WEST LINN,OR,970
WEST MANSFIELD,OH,433
WEST MEMPHIS,AR,723
WEST MIDDLETOWN,PA,153
WEST MILFORD,NJ,074
WEST MILFORD,WV,264
WEST MILLGROVE,OH,434
WEST MILTON,OH,453
WEST MILTON,PA,178
WEST MINERAL,KS,667
WEST MONROE,LA,712
WEST MONROE,NY,131
WEST MYSTIC,CT,063
WEST NEW YORK,NJ,070
WEST NEWBURY,MA,019
WEST NEWBURY,VT,050
WEST NEWFIELD,ME,040
WEST NEWTON,IN,461
WEST NEWTON,MA,024
WEST NEWTON,PA,150
WEST NOTTINGHAM,NH,032
WEST NYACK,NY,109
WEST OLIVE,MI,494
WEST ONEONTA,NY,138
WEST OSSIPEE,NH,038
WEST PADUCAH,KY,420
WEST PALM BEACH,FL,334
WEST PARK,NY,124
WEST PAWLET,VT,057
WEST PETERBOROUGH,NH,034
WEST PITTSBURG,PA,161
WEST PLAINS,MO,657
WEST POINT,AR,721
WEST POINT,CA,952
WEST POINT,GA,318
WEST POINT,IA,526
WEST POINT,MS,397
WEST POINT,NE,687
WEST POINT,NY,109
WEST POINT,PA,194
WEST POINT,VA,231
WEST POLAND,ME,042
WEST RIDGE,AR,723
WEST ROCKPORT,ME,048
WEST ROXBURY,MA,021
WEST RUPERT,VT,057
WEST RUTLAND,VT,057
WEST SACRAMENTO,CA,956
WEST SALEM,IL,624
WEST SALEM,OH,442
WEST SALEM,WI,546
WEST SAND LAKE,NY,121
WEST SAYVILLE,NY,117
WEST SHOKAN,NY,124
WEST SIMSBURY,CT,060
WEST SPRINGFIELD,MA,010
WEST SPRINGFIELD,PA,164
WEST STEWARTSTOWN,NH,035
WEST STOCKBRIDGE,MA,012
WEST STOCKHOLM,NY,136
WEST SUNBURY,PA,160
WEST SWANZEY,NH,034
WEST TISBURY,MA,025
WEST TOPSHAM,VT,050
WEST UNION,IA,521
WEST UNION,IL,624
WEST UNION,OH,456
WEST UNION,SC,296
WEST UNION,WV,263
WEST UNITY,OH,435
WEST VALLEY,NY,141
WEST VALLEY CITY,UT,841
WEST WARDSBORO,VT,053
WEST WAREHAM,MA,025
WEST WARREN,MA,010
WEST WARWICK,RI,028
WEST WENDOVER,NV,898
WEST WINFIELD,NY,133
WEST YELLOWSTONE,MT,597
WEST YORK,IL,624
WESTBOROUGH,MA,015
WESTBROOK,CT,064
WESTBROOK,ME,040
WESTBROOK,MN,561
WESTBROOKVILLE,NY,127
WESTBURY,NY,115
WESTBY,MT,592
WESTBY,WI,546
WESTCHESTER,IL,601
WESTCLIFFE,CO,812
WESTDALE,NY,134
WESTERLO,NY,121
WESTERLY,RI,028
WESTERN,NE,684
WESTERN GROVE,AR,726
WESTERN SPRINGS,IL,605
WESTERNVILLE,NY,134
WESTERVILLE,OH,430
WESTFALL,OR,979
WESTFIELD,IL,624
WESTFIELD,IN,460
WESTFIELD,MA,010
WESTFIELD,ME,047
WESTFIELD,NC,270
WESTFIELD,NJ,070
WESTFIELD,NY,147
WESTFIELD,PA,169
WESTFIELD,WI,539
WESTFIELD CENTER,OH,442
WESTFIR,OR,974
WESTFORD,MA,018
WESTFORD,NY,134
WESTFORD,VT,054
WESTHAMPTON,NY,119
WESTHAMPTON BEACH,NY,119
WESTHOFF,TX,779
WESTHOPE,ND,587
WESTLAKE,OH,441
WESTLAKE,OR,974
WESTLAND,MI,481
WESTLAND,PA,153
WESTLEY,CA,953
WESTLINE,PA,167
WESTMINSTER,CA,926
WESTMINSTER,CO,800
WESTMINSTER,MA,014
WESTMINSTER,MD,211
WESTMINSTER,SC,296
WESTMINSTER,TX,754
WESTMINSTER,VT,051
WESTMINSTER STATION,VT,051
WESTMONT,IL,605
WESTMORELAND,KS,665
WESTMORELAND,NH,034
WESTMORELAND,NY,134
WESTMORELAND,TN,371
WESTMORLAND,CA,922
WESTON,CT,068
WESTON,FL,333
WESTON,ID,832
WESTON,MA,024
WESTON,MI,492
WESTON,MO,640
WESTON,NE,680
WESTON,OH,435
WESTON,OR,978
WESTON,PA,182
WESTON,TX,750
WESTON,VT,051
WESTON,WV,264
WESTONS MILLS,NY,147
WESTOVER,AL,351
WESTOVER,MD,218
WESTOVER,PA,166
WESTPHALIA,IA,515
WESTPHALIA,IN,475
WESTPHALIA,MI,488
WESTPHALIA,MO,650
WESTPOINT,TN,384
WESTPORT,CT,068
WESTPORT,IN,472
WESTPORT,MA,027
WESTPORT,NY,129
WESTPORT,TN,383
WESTPORT,WA,985
WESTPORT POINT,MA,027
WESTSIDE,IA,514
WESTTOWN,NY,109
WESTTOWN,PA,193
WESTVILLE,FL,324
WESTVILLE,IN,463
WESTVILLE,OH,430
WESTVILLE,OK,749
WESTWEGO,LA,700
WESTWOOD,CA,961
WESTWOOD,MA,020
WESTWOOD,NJ,076
WETHERSFIELD,CT,061
WETMORE,CO,812
WETMORE,KS,664
WETMORE,MI,498
WETUMKA,OK,748
WETUMPKA,AL,360
WEVERTOWN,NY,128
WEWAHITCHKA,FL,324
WEWELA,SD,575
WEWOKA,OK,748
WEXFORD,PA,150
WEYANOKE,LA,707
WEYAUWEGA,WI,549
WEYERHAEUSER,WI,548
WEYERS CAVE,VA,244
WHARNCLIFFE,WV,256
WHARTON,OH,433
WHARTON,TX,774
WHARTON,WV,252
WHAT CHEER,IA,502
WHATELY,MA,010
WHEAT RIDGE,CO,800
WHEATCROFT,KY,424
WHEATFIELD,IN,463
WHEATLAND,CA,956
WHEATLAND,IA,527
WHEATLAND,IN,475
WHEATLAND,OK,730
WHEATLAND,PA,161
WHEATLAND,WY,822
WHEATLEY,AR,723
WHEATON,IL,601
WHEATON,MN,562
WHEATON,MO,648
WHEELER,IL,624
WHEELER,MS,388
WHEELER,OR,971
WHEELER,TX,790
WHEELER,WI,547
WHEELERSBURG,OH,456
WHEELING,IL,600
WHEELING,WV,260
WHEELOCK,TX,778
WHEELWRIGHT,KY,416
WHEELWRIGHT,MA,010
WHELEN SPRINGS,AR,717
WHIGHAM,GA,317
WHITAKERS,NC,278
WHITE,GA,301
WHITE,PA,154
WHITE,SD,572
WHITE BIRD,ID,835
WHITE BLUFF,TN,371
WHITE CITY,KS,668
WHITE CITY,OR,975
WHITE CLOUD,MI,493
WHITE COTTAGE,OH,437
WHITE DEER,PA,178
WHITE DEER,TX,790
WHITE EARTH,MN,565
WHITE HALL,AR,716
WHITE HALL,IL,620
WHITE HALL,MD,211
WHITE HALL,VA,229
WHITE HAVEN,PA,186
WHITE HORSE BEACH,MA,023
WHITE HOUSE,TN,371
WHITE LAKE,NY,127
WHITE LAKE,SD,573
WHITE LAKE,WI,544
WHITE MARSH,VA,231
WHITE MILLS,PA,184
WHITE MOUNTAIN,AK,997
WHITE OAK,GA,315
WHITE OAK,TX,756
WHITE OAK,WV,259
WHITE PIGEON,MI,490
WHITE PINE,MI,499
WHITE PINE,TN,378
WHITE PLAINS,GA,306
WHITE PLAINS,KY,424
WHITE PLAINS,NY,106
WHITE RIVER,SD,575
WHITE RIVER JUNCTION,VT,050
WHITE ROCK,NM,875
WHITE ROCK,SC,291
WHITE SALMON,WA,986
WHITE SPRINGS,FL,320
WHITE STONE,SC,293
WHITE STONE,VA,225
WHITE SULPHUR SPRINGS,MT,596
WHITE SULPHUR SPRINGS,NY,127
WHITE SULPHUR SPRINGS,WV,249
WHITE SWAN,WA,989
WHITECLAY,NE,693
WHITEFACE,TX,793
WHITEFIELD,ME,043
WHITEFIELD,NH,035
WHITEFISH,MT,599
WHITEHALL,MI,494
WHITEHALL,MT,597
WHITEHALL,NY,128
WHITEHALL,PA,180
WHITEHALL,WI,547
WHITEHORSE,SD,576
WHITEHOUSE,NJ,088
WHITEHOUSE,OH,435
WHITEHOUSE,TX,757
WHITEHOUSE STATION,NJ,088
WHITELAND,IN,461
WHITELAW,WI,542
WHITEOAK,MO,638
WHITERIVER,AZ,859
WHITEROCKS,UT,840
WHITES CITY,NM,882
WHITESBORO,NJ,082
WHITESBORO,OK,745
WHITESBORO,TX,762
WHITESBURG,GA,301
WHITESBURG,KY,418
WHITESBURG,TN,378
WHITESIDE,MO,633
WHITESIDE,TN,373
WHITESTONE,NY,113
WHITESTOWN,IN,460
WHITESVILLE,KY,423
WHITESVILLE,WV,250
WHITETAIL,MT,592
WHITETHORN,CA,955
WHITEVILLE,NC,284
WHITEVILLE,TN,380
WHITEWATER,KS,671
WHITEWATER,MT,595
WHITEWATER,WI,531
WHITEWOOD,SD,577
WHITEWRIGHT,TX,754
WHITFIELD,MS,391
WHITHARRAL,TX,793
WHITING,IA,510
WHITING,IN,463
WHITING,KS,665
WHITING,ME,046
WHITING,VT,057
WHITINGHAM,VT,053
WHITINSVILLE,MA,015
WHITLASH,MT,595
WHITLEY CITY,KY,426
WHITMAN,MA,023
WHITMAN,NE,693
WHITMAN,WV,256
WHITMIRE,SC,291
WHITMORE,CA,960
WHITNEY,PA,156
WHITNEY,TX,766
WHITNEY POINT,NY,137
WHITSETT,NC,273
WHITT,TX,764
WHITTAKER,MI,481
WHITTEMORE,IA,505
WHITTEMORE,MI,487
WHITTEN,IA,502
WHITTIER,AK,996
WHITTIER,CA,906
WHITTIER,NC,287
WHITTINGTON,IL,628
WHITWELL,TN,373
WIBAUX,MT,593
WICHITA,KS,670
WICHITA FALLS,TX,763
WICKATUNK,NJ,077
WICKENBURG,AZ,853
WICKES,AR,719
WICKETT,TX,797
WICKLIFFE,KY,420
WICKLIFFE,OH,440
WICOMICO,VA,231
WICOMICO CHURCH,VA,225
WICONISCO,PA,170
WIDEN,WV,252
WIDENER,AR,723
WIERGATE,TX,759
WIGGINS,CO,806
WIGGINS,MS,395
WIKIEUP,AZ,853
WILBER,NE,684
WILBERFORCE,OH,453
WILBRAHAM,MA,010
WILBUR,OR,974
WILBUR,WA,991
WILBURN,AR,721
WILBURTON,OK,745
WILCOE,WV,248
WILCOX,NE,689
WILD HORSE,CO,808
WILD ROSE,WI,549
WILDER,ID,836
WILDER,VT,050
WILDERSVILLE,TN,383
WILDIE,KY,404
WILDOMAR,CA,925
WILDORADO,TX,790
WILDSVILLE,LA,713
WILDWOOD,FL,347
WILDWOOD,GA,307
WILDWOOD,MO,630
WILDWOOD,PA,150
WILEY,CO,810
WILEY,GA,305
WILEYVILLE,WV,261
WILKES BARRE,PA,187
WILKESBORO,NC,286
WILKESON,WA,983
WILKINSON,WV,256
WILLACOOCHEE,GA,316
WILLAMINA,OR,973
WILLARD,KY,411
WILLARD,MO,657
WILLARD,MT,593
WILLARD,NC,284
WILLARD,NM,870
WILLARD,NY,145
WILLARD,OH,448
WILLARD,UT,843
WILLARD,WI,544
WILLARDS,MD,218
WILLCOX,AZ,856
WILLERNIE,MN,550
WILLET,NY,138
WILLIAMS,AZ,860
WILLIAMS,CA,959
WILLIAMS,IA,502
WILLIAMS,IN,474
WILLIAMS,MN,566
WILLIAMS,OR,975
WILLIAMS,SC,294
WILLIAMS BAY,WI,531
WILLIAMSBURG,IA,523
WILLIAMSBURG,IN,473
WILLIAMSBURG,KY,407
WILLIAMSBURG,MA,010
WILLIAMSBURG,MI,496
WILLIAMSBURG,NM,879
WILLIAMSBURG,PA,166
WILLIAMSBURG,VA,231
WILLIAMSBURG,WV,249
WILLIAMSFIELD,IL,614
WILLIAMSON,GA,302
WILLIAMSON,IA,502
WILLIAMSON,NY,145
WILLIAMSON,PA,172
WILLIAMSON,WV,256
WILLIAMSPORT,MD,217
WILLIAMSPORT,OH,431
WILLIAMSPORT,PA,177
WILLIAMSPORT,TN,384
WILLIAMSTON,MI,488
WILLIAMSTON,NC,278
WILLIAMSTON,SC,296
WILLIAMSTOWN,KY,410
WILLIAMSTOWN,MA,012
WILLIAMSTOWN,NJ,080
WILLIAMSTOWN,NY,134
WILLIAMSTOWN,VT,056
WILLIAMSTOWN,WV,261
WILLIAMSVILLE,IL,626
WILLIAMSVILLE,MO,639
WILLIAMSVILLE,VT,053
WILLIMANTIC,CT,062
WILLINGBORO,NJ,080
WILLIS,MI,481
WILLIS,TX,773
WILLIS,VA,243
WILLIS WHARF,VA,234
WILLISTON,FL,326
WILLISTON,ND,588
WILLISTON,OH,434
WILLISTON,SC,298
WILLISTON,VT,054
WILLISTON PARK,NY,115
WILLISVILLE,AR,718
WILLISVILLE,IL,629
WILLITS,CA,954
WILLMAR,MN,562
WILLOUGHBY,OH,440
WILLOW,AK,996
WILLOW,NY,124
WILLOW,OK,736
WILLOW CITY,ND,583
WILLOW CREEK,CA,955
WILLOW CREEK,MT,597
WILLOW GROVE,PA,190
WILLOW HILL,IL,624
WILLOW HILL,PA,172
WILLOW LAKE,SD,572
WILLOW RIVER,MN,557
WILLOW SPRING,NC,275
WILLOW SPRINGS,IL,604
WILLOW SPRINGS,MO,657
WILLOW STREET,PA,175
WILLOW WOOD,OH,456
WILLOWBROOK,IL,605
WILLOWICK,OH,440
WILLOWS,CA,959
WILLS POINT,TX,751
WILLSBORO,NY,129
WILLSEYVILLE,NY,138
WILMAR,AR,716
WILMER,AL,365
WILMER,TX,751
WILMETTE,IL,600
WILMINGTON,CA,907
WILMINGTON,DE,198
WILMINGTON,IL,604
WILMINGTON,MA,018
WILMINGTON,NC,284
WILMINGTON,NY,129
WILMINGTON,OH,451
WILMINGTON,VT,053
WILMONT,MN,561
WILMORE,KS,671
WILMORE,KY,403
WILMORE,PA,159
WILMOT,AR,716
WILMOT,SD,572
WILMOT,WI,531
WILSEYVILLE,CA,952
WILSIE,WV,266
WILSON,AR,723
WILSON,KS,674
WILSON,LA,707
WILSON,NC,278
WILSON,NY,141
WILSON,WI,540
WILSON,WY,830
WILSON CREEK,WA,988
WILSONDALE,WV,256
WILSONS MILLS,NC,275
WILSONVILLE,AL,351
WILSONVILLE,IL,620
WILSONVILLE,NE,690
WILSONVILLE,OR,970
WILTON,AL,351
WILTON,AR,718
WILTON,CA,956
WILTON,CT,068
WILTON,IA,527
WILTON,ME,042
WILTON,MN,566
WILTON,ND,585
WILTON,NH,030
WILTON,WI,546
WIMAUMA,FL,335
WIMBERLEY,TX,786
WIMBLEDON,ND,584
WINAMAC,IN,469
WINBURNE,PA,168
WINCHENDON,MA,014
WINCHESTER,AR,716
WINCHESTER,ID,835
WINCHESTER,IL,626
WINCHESTER,IN,473
WINCHESTER,KY,403
WINCHESTER,MA,018
WINCHESTER,NH,034
WINCHESTER,OH,456
WINCHESTER,OR,974
WINCHESTER,TN,373
WINCHESTER,VA,226
WIND GAP,PA,180
WIND RIDGE,PA,153
WINDBER,PA,159
WINDER,GA,306
WINDERMERE,FL,347
WINDHAM,ME,040
WINDHAM,NY,124
WINDHAM,OH,442
WINDOM,KS,674
WINDOM,MN,561
WINDOM,TX,754
WINDOW ROCK,AZ,865
WINDSOR,CA,954
WINDSOR,CO,805
WINDSOR,CT,060
WINDSOR,IL,619
WINDSOR,KY,425
WINDSOR,ME,043
WINDSOR,MO,653
WINDSOR,NC,279
WINDSOR,NJ,085
WINDSOR,PA,173
WINDSOR,SC,298
WINDSOR,VA,234
WINDSOR,VT,050
WINDSOR HEIGHTS,WV,260
WINDSOR LOCKS,CT,060
WINDSOR MILL,MD,212
WINDTHORST,TX,763
WINESBURG,OH,446
WINFALL,NC,279
WINFIELD,AL,355
WINFIELD,IA,526
WINFIELD,IL,601
WINFIELD,KS,671
WINFIELD,MO,633
WINFIELD,PA,178
WINFIELD,TN,378
WINFIELD,TX,754
WINFIELD,WV,252
WING,AL,364
WING,ND,584
WINGATE,IN,479
WINGATE,NC,281
WINGATE,TX,795
WINGDALE,NY,125
WINGER,MN,565
WINGINA,VA,245
WINGO,KY,420
WINIFRED,MT,594
WINIFREDE,WV,252
WINK,TX,797
WINKELMAN,AZ,851
WINLOCK,WA,985
WINN,ME,044
WINN,MI,488
WINNABOW,NC,284
WINNEBAGO,MN,560
WINNEBAGO,NE,680
WINNEBAGO,WI,549
WINNECONNE,WI,549
WINNEMUCCA,NV,894
WINNER,SD,575
WINNETKA,CA,913
WINNETT,MT,590
WINNFIELD,LA,714
WINNIE,TX,776
WINNISQUAM,NH,032
WINNSBORO,LA,712
WINNSBORO,SC,291
WINNSBORO,TX,754
WINONA,MN,559
WINONA,MO,655
WINONA,MS,389
WINONA,OH,444
WINONA,TX,757
WINOOSKI,VT,054
WINSIDE,NE,687
WINSLOW,AR,729
WINSLOW,AZ,860
WINSLOW,IL,610
WINSLOW,IN,475
WINSTED,CT,060
WINSTED,MN,553
WINSTON,MO,646
WINSTON,NM,879
WINSTON,OR,974
WINSTON SALEM,NC,271
WINSTONVILLE,MS,387
WINTER,WI,548
WINTER GARDEN,FL,347
WINTER HARBOR,ME,046
WINTER HAVEN,FL,338
WINTER PARK,CO,804
WINTER PARK,FL,327
WINTER SPRINGS,FL,327
WINTERHAVEN,CA,922
WINTERPORT,ME,044
WINTERS,CA,956
WINTERS,TX,795
WINTERSET,IA,502
WINTERVILLE,MS,387
WINTERVILLE,NC,285
WINTHROP,AR,718
WINTHROP,IA,506
WINTHROP,ME,043
WINTHROP,MN,553
WINTHROP,NY,136
WINTHROP,WA,988
WINTHROP HARBOR,IL,600
WINTON,CA,953
WINTON,NC,279
WIRTZ,VA,241
WISCASSET,ME,045
WISCONSIN DELLS,WI,539
WISCONSIN RAPIDS,WI,544
WISDOM,MT,597
WISE,NC,275
WISE,VA,242
WISE RIVER,MT,597
WISEMAN,AR,725
WISHEK,ND,584
WISHON,CA,936
WISHRAM,WA,986
WISNER,LA,713
WISNER,NE,687
WISTER,OK,749
WITMER,PA,175
WITT,IL,620
WITTENBERG,WI,544
WITTER,AR,727
WITTMAN,MD,216
WITTMANN,AZ,853
WIXOM,MI,483
WOBURN,MA,018
WODEN,IA,504
WODEN,TX,759
WOFFORD HEIGHTS,CA,932
WOLBACH,NE,688
WOLCOTT,CO,816
WOLCOTT,IN,479
WOLCOTT,NY,145
WOLCOTT,VT,056
WOLCOTTVILLE,IN,467
WOLF CREEK,MT,596
WOLF CREEK,OR,974
WOLF LAKE,IL,629
WOLF LAKE,MN,565
WOLF POINT,MT,592
WOLFE CITY,TX,754
WOLFEBORO,NH,038
WOLFEBORO FALLS,NH,038
WOLFFORTH,TX,793
WOLFLAKE,IN,467
WOLFORD,VA,246
WOLFTOWN,VA,227
WOLSEY,SD,573
WOLVERINE,MI,497
WOLVERTON,MN,565
WOMELSDORF,PA,195
WONDER LAKE,IL,600
WONEWOC,WI,539
WOOD,PA,166
WOOD DALE,IL,601
WOOD LAKE,MN,562
WOOD RIDGE,NJ,070
WOOD RIVER,IL,620
WOOD RIVER,NE,688
WOODACRE,CA,949
WOODBERRY FOREST,VA,229
WOODBINE,GA,315
WOODBINE,IA,515
WOODBINE,MD,217
WOODBINE,NJ,082
WOODBOURNE,NY,127
WOODBRIDGE,CA,952
WOODBRIDGE,NJ,070
WOODBRIDGE,VA,220
WOODBURN,IN,467
WOODBURN,OR,970
WOODBURY,CT,067
WOODBURY,GA,302
WOODBURY,KY,422
WOODBURY,TN,371
WOODBURY,VT,056
WOODFORD,VA,225
WOODFORD,WI,535
WOODGATE,NY,134
WOODHAVEN,NY,114
WOODHULL,IL,614
WOODINVILLE,WA,980
WOODLAKE,CA,932
WOODLAKE,TX,758
WOODLAND,AL,362
WOODLAND,CA,956
WOODLAND,IL,609
WOODLAND,MS,397
WOODLAND,PA,168
WOODLAND,WA,986
WOODLAND HILLS,CA,913
WOODLAND MILLS,TN,382
WOODLAND PARK,CO,808
WOODLAWN,IL,628
WOODLAWN,TX,756
WOODLEAF,NC,270
WOODMERE,NY,115
WOODRIDGE,IL,605
WOODRIDGE,NY,127
WOODROW,CO,807
WOODRUFF,AZ,859
WOODRUFF,SC,293
WOODRUFF,UT,840
WOODRUFF,WI,545
WOODSBORO,MD,217
WOODSBORO,TX,783
WOODSFIELD,OH,437
WOODSIDE,DE,199
WOODSIDE,NY,113
WOODSON,AR,721
WOODSON,IL,626
WOODSON,TX,764
WOODSTOCK,AL,351
WOODSTOCK,CT,062
WOODSTOCK,GA,301
WOODSTOCK,IL,600
WOODSTOCK,MN,561
WOODSTOCK,NY,124
WOODSTOCK,VA,226
WOODSTOCK,VT,050
WOODSVILLE,NH,037
WOODVILLE,AL,357
WOODVILLE,FL,323
WOODVILLE,MA,017
WOODVILLE,MS,396
WOODVILLE,OH,434
WOODVILLE,TX,759
WOODVILLE,WI,540
WOODWARD,IA,502
WOODWARD,OK,738
WOODWARD,PA,168
WOODWORTH,LA,714
WOODWORTH,WI,531
WOODY,CA,932
WOODY CREEK,CO,816
WOOLFORD,MD,216
WOOLLUM,KY,409
WOOLRICH,PA,177
WOOLWINE,VA,241
WOONSOCKET,RI,028
WOONSOCKET,SD,573
WOOSTER,AR,721
WOOSTER,OH,446
WOOSUNG,IL,610
WOOTON,KY,417
WORCESTER,MA,016
WORCESTER,NY,121
WORCESTER,PA,194
WORCESTER,VT,056
WORDEN,IL,620
WORDEN,MT,590
WORLAND,WY,824
WORLEY,ID,838
WORTH,IL,604
WORTHAM,TX,766
WORTHINGTON,IA,520
WORTHINGTON,IN,474
WORTHINGTON,MA,010
WORTHINGTON,MN,561
WORTHINGTON,PA,162
WORTHINGTON,WV,265
WORTON,MD,216
WOUNDED KNEE,SD,577
WOXALL,PA,189
WRANGELL,AK,999
WRAY,CO,807
WRAY,GA,317
WREN,OH,458
WRENS,GA,308
WRENSHALL,MN,557
WRENTHAM,MA,020
WRIGHT,AR,721
WRIGHT,KS,678
WRIGHT,MN,557
WRIGHT,WY,827
WRIGHT CITY,MO,633
WRIGHT CITY,OK,747
WRIGHTSTOWN,NJ,085
WRIGHTSVILLE,AR,721
WRIGHTSVILLE,GA,310
WRIGHTSVILLE,PA,173
WRIGHTSVILLE BEACH,NC,284
WRIGHTWOOD,CA,923
WURTSBORO,NY,127
WYACONDA,MO,634
WYALUSING,PA,188
WYANDANCH,NY,117
WYANDOTTE,OK,743
WYANET,IL,613
WYANO,PA,156
WYATT,IN,465
WYATT,MO,638
WYATT,WV,264
WYCKOFF,NJ,074
WYCOMBE,PA,189
WYLIE,TX,750
WYMORE,NE,683
WYNANTSKILL,NY,121
WYNDMERE,ND,580
WYNNBURG,TN,380
WYNNE,AR,723
WYNNEWOOD,OK,730
WYNONA,OK,740
WYOCENA,WI,539
WYOLA,MT,590
WYOMING,IA,523
WYOMING,IL,614
WYOMING,MI,495
WYOMING,MN,550
WYOMING,NY,145
WYOMING,RI,028
WYOMING,WV,248
WYSOX,PA,188
WYTHEVILLE,VA,243
WYTOPITLOCK,ME,044
XENIA,IL,628
XENIA,OH,453
YABUCOA,PR,007
YACHATS,OR,974
YACOLT,WA,986
YADKINVILLE,NC,270
YAKIMA,WA,989
YAKUTAT,AK,996
YALAHA,FL,347
YALE,IL,624
YALE,MI,480
YALE,OK,740
YAMHILL,OR,971
YAMPA,CO,804
YANCEY,TX,788
YANCEYVILLE,NC,272
YANKTON,SD,570
YANTIS,TX,754
YAP,FM,969
YAPHANK,NY,119
YARMOUTH,ME,040
YARNELL,AZ,853
YATES CENTER,KS,667
YATESBORO,PA,162
YAUCO,PR,006
YAZOO CITY,MS,391
YELLOW PINE,ID,836
YELLOW SPRING,WV,268
YELLOW SPRINGS,OH,453
YELLOWSTONE NATIONAL PARK,WY,821
YELLVILLE,AR,726
YELM,WA,985
YEMASSEE,SC,299
YERINGTON,NV,894
YERKES,KY,417
YERMO,CA,923
YESO,NM,881
YETTEM,CA,936
YIGO,GU,969
YOAKUM,TX,779
YODER,CO,808
YODER,KS,675
YODER,WY,822
YOLO,CA,956
YONCALLA,OR,974
YONKERS,NY,107
YORBA LINDA,CA,928
YORK,AL,369
YORK,NE,684
YORK,NY,145
YORK,PA,173
YORK,SC,297
YORK BEACH,ME,039
YORK HARBOR,ME,039
YORK NEW SALEM,PA,173
YORK SPRINGS,PA,173
YORKSHIRE,NY,141
YORKTOWN,AR,716
YORKTOWN,IA,516
YORKTOWN,IN,473
YORKTOWN,TX,781
YORKTOWN,VA,236
YORKTOWN HEIGHTS,NY,105
YORKVILLE,CA,954
YORKVILLE,IL,605
YORKVILLE,TN,383
YOSEMITE NATIONAL PARK,CA,953
YOUNG,AZ,855
YOUNG HARRIS,GA,305
YOUNGSTOWN,OH,445
YOUNGSTOWN,PA,156
YOUNGSVILLE,LA,705
YOUNGSVILLE,NC,275
YOUNGSVILLE,NM,870
YOUNGSVILLE,NY,127
YOUNGSVILLE,PA,163
YOUNGWOOD,PA,156
YOUNTVILLE,CA,945
YPSILANTI,MI,481
YPSILANTI,ND,584
YREKA,CA,960
YUBA CITY,CA,959
YUCAIPA,CA,923
YUCCA,AZ,864
YUCCA VALLEY,CA,922
YUKON,OK,730
YUKON,PA,156
YULAN,NY,127
YULEE,FL,320
YUMA,AZ,853
YUMA,CO,807
YUTAN,NE,680
ZACHARY,LA,707
ZALESKI,OH,456
ZALMA,MO,637
ZAMORA,CA,956
ZANESVILLE,IN,467
ZANESVILLE,OH,437
ZAPATA,TX,780
ZAVALLA,TX,759
ZEARING,IA,502
ZEBULON,GA,302
ZEBULON,NC,275
ZEELAND,MI,494
ZEELAND,ND,585
ZELIENOPLE,PA,160
ZELLWOOD,FL,327
ZENDA,WI,531
ZENIA,CA,955
ZEPHYR COVE,NV,894
ZEPHYRHILLS,FL,335
ZIEGLERVILLE,PA,194
ZILLAH,WA,989
ZIMMERMAN,MN,553
ZION,IL,600
ZIONHILL,PA,189
ZIONSVILLE,IN,460
ZIONVILLE,NC,286
ZIRCONIA,NC,287
ZOAR,OH,446
ZOLFO SPRINGS,FL,338
ZORTMAN,MT,595
ZULLINGER,PA,172
ZUMBROTA,MN,559
ZUNI,NM,873
ZURICH,MT,595
ZWINGLE,IA,520
ZWOLLE,LA,714
