Orig \ Dest,AL_BIR,AL_DEC,AL_MOB,AL_MON,AR_FAY,AR_LIT,AZ_FLA,AZ_PHO,AZ_TUC,CA_FRS,CA_LAX,CA_ONT,CA_SDI,CA_SFR,CA_STK,CO_DEN,CO_GRA,CT_HAR,FL_JAX,FL_LAK,FL_MIA,FL_TAL,GA_ATL,GA_MAC,GA_SAV,GA_TIF,IA_CED,IA_DES,IA_DUB,ID_TWI,IL_BLO,IL_CHI,IL_JOL,IL_QUI,IL_RFD,IL_ROC,IL_TAY,IN_EVA,IN_FTW,IN_GRY,IN_IND,IN_SBD,IN_TER,KS_HUT,KY_BOW,KY_LEX,KY_LOU,LA_NEW,LA_SHR,MA_BOS,MA_SPR,MD_BAL,ME_AUG,MI_DET,MI_RAP,MI_SAG,MN_DUL,MN_MIN,MN_STC,MO_GIR,MO_JEF,MO_JOP,MO_KAN,MO_STL,MS_JAC,MT_BIL,MT_MIS,NC_CHA,NC_GRE,NC_RAL,NC_WIL,ND_BIS,ND_FAR,NE_NPL,NE_OMA,NH_BRI,NJ_ELI,NM_ALB,NV_REN,NV_VEG,NY_ALB,NY_BRN,NY_BUF,NY_ELM,NY_ROC,NY_SYR,OH_CIN,OH_CLE,OH_COL,OH_TOL,OK_OKC,OK_TUL,ON_TOR,OR_MED,OR_PEN,OR_POR,PA_ALL,PA_ERI,PA_HAR,PA_PHI,PA_PIT,QC_MON,SC_CHA,SC_COL,SC_GRE,SD_RAP,SD_SXF,TN_CHA,TN_KNO,TN_MEM,TN_NAS,TX_AMA,TX_ANT,TX_AUS,TX_DAL,TX_ELP,TX_FTW,TX_HOU,TX_LAR,TX_LUB,TX_MCA,TX_TEX,UT_SLC,VA_ALE,VA_NOR,VA_RCH,VA_ROA,VA_WIN,WA_SEA,WA_SPO,WI_EAU,WI_GRE,WI_MAD,WI_MIL,WV_CHA,WV_HUN,WY_GRE
AL_BIR,1.0,83.0,257.0,92.0,553.0,372.0,1562.0,1704.0,1590.0,2152.0,2027.0,1991.0,1998.0,2325.0,2276.0,1325.0,1570.0,1080.0,458.0,566.0,777.0,297.0,147.0,231.0,395.0,327.0,786.0,846.0,804.0,1995.0,613.0,662.0,673.0,638.0,747.0,734.0,525.0,343.0,604.0,633.0,479.0,623.0,451.0,861.0,256.0,404.0,366.0,343.0,453.0,1178.0,1103.0,779.0,1330.0,725.0,738.0,799.0,1133.0,1073.0,1140.0,408.0,630.0,637.0,745.0,498.0,238.0,1820.0,2163.0,393.0,480.0,555.0,562.0,1499.0,1308.0,1163.0,932.0,1263.0,954.0,1243.0,2332.0,1811.0,1084.0,975.0,907.0,954.0,974.0,1044.0,469.0,720.0,570.0,666.0,701.0,637.0,954.0,2627.0,2334.0,2541.0,874.0,816.0,796.0,877.0,752.0,1295.0,433.0,370.0,293.0,1452.0,1112.0,147.0,257.0,234.0,193.0,959.0,862.0,781.0,641.0,1275.0,675.0,667.0,1018.0,986.0,1013.0,512.0,1818.0,745.0,713.0,681.0,515.0,680.0,2616.0,2361.0,983.0,875.0,812.0,761.0,564.0,526.0,1651.0
AL_DEC,83.0,1.0,337.0,172.0,506.0,326.0,1516.0,1659.0,1600.0,2106.0,1981.0,1945.0,2007.0,2279.0,2229.0,1264.0,1509.0,1059.0,538.0,646.0,856.0,377.0,228.0,312.0,476.0,409.0,707.0,767.0,725.0,1916.0,534.0,583.0,594.0,559.0,668.0,655.0,446.0,264.0,525.0,554.0,400.0,544.0,372.0,815.0,177.0,325.0,288.0,421.0,531.0,1157.0,1083.0,759.0,1310.0,646.0,659.0,720.0,1054.0,994.0,1061.0,305.0,551.0,590.0,666.0,419.0,316.0,1741.0,2084.0,474.0,521.0,595.0,643.0,1420.0,1229.0,1084.0,853.0,1242.0,933.0,1197.0,2253.0,1765.0,1064.0,954.0,829.0,942.0,895.0,969.0,390.0,641.0,491.0,587.0,655.0,590.0,875.0,2581.0,2255.0,2462.0,853.0,737.0,775.0,856.0,673.0,1203.0,483.0,451.0,374.0,1373.0,1033.0,127.0,236.0,188.0,114.0,913.0,914.0,836.0,641.0,1285.0,673.0,746.0,1074.0,996.0,1091.0,466.0,1739.0,724.0,761.0,667.0,494.0,660.0,2537.0,2282.0,904.0,796.0,733.0,682.0,500.0,451.0,1573.0
AL_MOB,257.0,337.0,1.0,170.0,637.0,451.0,1559.0,1640.0,1526.0,2229.0,2012.0,1976.0,1933.0,2391.0,2348.0,1409.0,1654.0,1329.0,404.0,512.0,723.0,244.0,327.0,348.0,540.0,327.0,949.0,1010.0,1017.0,2112.0,868.0,917.0,927.0,802.0,1002.0,946.0,779.0,598.0,858.0,888.0,734.0,877.0,706.0,946.0,511.0,659.0,621.0,144.0,405.0,1427.0,1353.0,991.0,1580.0,980.0,993.0,1054.0,1388.0,1222.0,1287.0,568.0,794.0,721.0,909.0,679.0,190.0,1984.0,2327.0,575.0,663.0,737.0,726.0,1700.0,1455.0,1327.0,1096.0,1512.0,1203.0,1239.0,2254.0,1808.0,1334.0,1182.0,1162.0,1204.0,1228.0,1293.0,724.0,975.0,825.0,920.0,796.0,721.0,1209.0,2700.0,2451.0,2658.0,1123.0,1071.0,1045.0,1089.0,1000.0,1545.0,589.0,535.0,475.0,1616.0,1276.0,400.0,509.0,397.0,447.0,955.0,663.0,631.0,594.0,1211.0,628.0,468.0,819.0,939.0,813.0,474.0,1935.0,964.0,896.0,863.0,764.0,930.0,2734.0,2524.0,1238.0,1129.0,1067.0,1016.0,816.0,778.0,1769.0
AL_MON,92.0,172.0,170.0,1.0,642.0,461.0,1651.0,1715.0,1601.0,2241.0,2087.0,2051.0,2008.0,2414.0,2365.0,1414.0,1659.0,1162.0,366.0,474.0,685.0,205.0,161.0,181.0,347.0,197.0,875.0,936.0,893.0,2084.0,703.0,751.0,762.0,727.0,836.0,823.0,614.0,432.0,693.0,722.0,568.0,712.0,541.0,950.0,345.0,493.0,456.0,309.0,463.0,1260.0,1186.0,824.0,1413.0,814.0,827.0,888.0,1222.0,1162.0,1229.0,497.0,719.0,726.0,834.0,587.0,248.0,1909.0,2253.0,408.0,496.0,570.0,559.0,1588.0,1397.0,1252.0,1021.0,1345.0,1036.0,1332.0,2421.0,1900.0,1167.0,1015.0,997.0,1037.0,1063.0,1126.0,558.0,809.0,659.0,755.0,790.0,726.0,1043.0,2716.0,2423.0,2630.0,956.0,905.0,878.0,922.0,835.0,1378.0,444.0,368.0,309.0,1541.0,1201.0,234.0,343.0,323.0,282.0,1048.0,828.0,796.0,652.0,1286.0,685.0,633.0,984.0,997.0,978.0,532.0,1907.0,798.0,729.0,696.0,597.0,763.0,2705.0,2450.0,1073.0,964.0,901.0,850.0,651.0,613.0,1741.0
AR_FAY,553.0,506.0,637.0,642.0,1.0,189.0,1099.0,1241.0,1160.0,1689.0,1563.0,1527.0,1587.0,1861.0,1812.0,803.0,1048.0,1446.0,1008.0,1116.0,1327.0,847.0,698.0,783.0,947.0,879.0,556.0,427.0,626.0,1489.0,528.0,660.0,625.0,410.0,660.0,596.0,458.0,535.0,739.0,667.0,608.0,727.0,533.0,340.0,591.0,705.0,630.0,630.0,308.0,1546.0,1470.0,1190.0,1699.0,899.0,812.0,924.0,820.0,669.0,735.0,338.0,283.0,87.0,236.0,361.0,449.0,1314.0,1657.0,937.0,992.0,1066.0,1113.0,1030.0,843.0,657.0,426.0,1540.0,1316.0,779.0,1826.0,1348.0,1416.0,1337.0,1112.0,1226.0,1179.0,1253.0,717.0,925.0,784.0,836.0,237.0,115.0,1153.0,2163.0,1828.0,2035.0,1236.0,1021.0,1157.0,1259.0,975.0,1481.0,965.0,921.0,844.0,946.0,606.0,661.0,707.0,318.0,529.0,495.0,605.0,528.0,332.0,909.0,359.0,571.0,765.0,614.0,837.0,237.0,1312.0,1196.0,1232.0,1138.0,966.0,1131.0,2110.0,1855.0,754.0,851.0,724.0,738.0,914.0,864.0,1145.0
AR_LIT,372.0,326.0,451.0,461.0,189.0,1.0,1200.0,1343.0,1278.0,1790.0,1664.0,1629.0,1686.0,1963.0,1913.0,962.0,1207.0,1350.0,828.0,936.0,1147.0,667.0,518.0,603.0,767.0,699.0,617.0,614.0,685.0,1665.0,510.0,651.0,631.0,470.0,642.0,615.0,441.0,443.0,716.0,651.0,584.0,711.0,510.0,499.0,411.0,559.0,521.0,444.0,212.0,1448.0,1374.0,1050.0,1601.0,875.0,796.0,908.0,1007.0,856.0,922.0,292.0,346.0,274.0,422.0,347.0,263.0,1501.0,1844.0,757.0,812.0,886.0,933.0,1217.0,1030.0,844.0,613.0,1533.0,1225.0,880.0,1895.0,1449.0,1355.0,1245.0,1062.0,1175.0,1128.0,1203.0,624.0,874.0,725.0,820.0,338.0,274.0,1104.0,2264.0,2004.0,2211.0,1144.0,971.0,1066.0,1148.0,907.0,1433.0,802.0,741.0,664.0,1133.0,792.0,481.0,527.0,138.0,349.0,597.0,592.0,515.0,320.0,964.0,351.0,439.0,752.0,675.0,824.0,144.0,1489.0,1016.0,1052.0,958.0,786.0,951.0,2287.0,2041.0,879.0,857.0,707.0,743.0,734.0,684.0,1322.0
AZ_FLA,1562.0,1516.0,1559.0,1651.0,1099.0,1200.0,1.0,144.0,260.0,592.0,466.0,430.0,490.0,764.0,715.0,766.0,431.0,2446.0,1964.0,2072.0,2282.0,1803.0,1709.0,1793.0,1957.0,1889.0,1434.0,1304.0,1503.0,735.0,1529.0,1661.0,1626.0,1334.0,1660.0,1473.0,1459.0,1535.0,1740.0,1667.0,1608.0,1727.0,1534.0,889.0,1601.0,1706.0,1631.0,1470.0,1153.0,2546.0,2471.0,2191.0,2699.0,1900.0,1813.0,1924.0,1697.0,1547.0,1612.0,1413.0,1283.0,1080.0,1106.0,1362.0,1370.0,1068.0,1040.0,1947.0,2003.0,2077.0,2123.0,1469.0,1664.0,1028.0,1306.0,2540.0,2317.0,322.0,697.0,251.0,2417.0,2338.0,2113.0,2226.0,2179.0,2254.0,1718.0,1926.0,1785.0,1837.0,862.0,968.0,2153.0,1066.0,1074.0,1340.0,2237.0,2022.0,2158.0,2259.0,1975.0,2482.0,1986.0,1932.0,1855.0,1175.0,1426.0,1671.0,1717.0,1328.0,1540.0,608.0,1025.0,1026.0,968.0,474.0,944.0,1211.0,1180.0,641.0,1263.0,1124.0,518.0,2206.0,2242.0,2149.0,1976.0,2141.0,1357.0,1237.0,1631.0,1852.0,1596.0,1739.0,1924.0,1875.0,660.0
AZ_PHO,1704.0,1659.0,1640.0,1715.0,1241.0,1343.0,144.0,1.0,116.0,589.0,372.0,336.0,354.0,752.0,708.0,909.0,574.0,2589.0,2042.0,2149.0,2360.0,1881.0,1848.0,1932.0,2096.0,1906.0,1576.0,1447.0,1646.0,878.0,1671.0,1803.0,1769.0,1477.0,1803.0,1616.0,1601.0,1678.0,1883.0,1810.0,1751.0,1870.0,1677.0,1032.0,1744.0,1848.0,1774.0,1519.0,1251.0,2689.0,2613.0,2334.0,2842.0,2042.0,1955.0,2067.0,1840.0,1689.0,1755.0,1556.0,1426.0,1223.0,1248.0,1505.0,1469.0,1212.0,1183.0,2094.0,2145.0,2219.0,2262.0,1612.0,1806.0,1171.0,1448.0,2683.0,2460.0,464.0,772.0,292.0,2559.0,2481.0,2256.0,2369.0,2322.0,2396.0,1860.0,2068.0,1928.0,1979.0,1005.0,1110.0,2296.0,1060.0,1217.0,1334.0,2379.0,2164.0,2300.0,2402.0,2118.0,2624.0,2082.0,2071.0,1994.0,1318.0,1569.0,1814.0,1860.0,1471.0,1682.0,750.0,980.0,1008.0,1068.0,430.0,1034.0,1173.0,1135.0,744.0,1218.0,1252.0,661.0,2349.0,2385.0,2291.0,2118.0,2284.0,1505.0,1380.0,1774.0,1995.0,1739.0,1881.0,2066.0,2017.0,803.0
AZ_TUC,1590.0,1600.0,1526.0,1601.0,1160.0,1278.0,260.0,116.0,1.0,705.0,488.0,452.0,409.0,867.0,824.0,892.0,690.0,2508.0,1928.0,2035.0,2246.0,1767.0,1734.0,1818.0,1982.0,1791.0,1514.0,1385.0,1584.0,994.0,1590.0,1722.0,1687.0,1473.0,1722.0,1554.0,1520.0,1597.0,1802.0,1729.0,1670.0,1789.0,1595.0,970.0,1685.0,1833.0,1692.0,1405.0,1137.0,2608.0,2532.0,2324.0,2761.0,1961.0,1874.0,1986.0,1778.0,1627.0,1693.0,1566.0,1345.0,1141.0,1186.0,1431.0,1355.0,1444.0,1299.0,1980.0,2067.0,2142.0,2148.0,1595.0,1790.0,1154.0,1266.0,2602.0,2378.0,447.0,888.0,408.0,2478.0,2399.0,2175.0,2288.0,2241.0,2315.0,1779.0,1987.0,1846.0,1898.0,924.0,1029.0,2215.0,1176.0,1333.0,1450.0,2298.0,2083.0,2219.0,2321.0,2037.0,2543.0,1996.0,1957.0,1880.0,1301.0,1552.0,1736.0,1801.0,1412.0,1624.0,669.0,866.0,893.0,954.0,316.0,920.0,1059.0,1021.0,630.0,1104.0,1137.0,777.0,2290.0,2300.0,2233.0,2060.0,2225.0,1621.0,1496.0,1712.0,1913.0,1677.0,1800.0,2008.0,1959.0,919.0
CA_FRS,2152.0,2106.0,2229.0,2241.0,1689.0,1790.0,592.0,589.0,705.0,1.0,219.0,254.0,339.0,187.0,126.0,1142.0,901.0,3036.0,2630.0,2738.0,2949.0,2469.0,2298.0,2383.0,2547.0,2479.0,1938.0,1808.0,2007.0,752.0,2113.0,2150.0,2115.0,1964.0,2094.0,1977.0,2048.0,2125.0,2283.0,2156.0,2198.0,2217.0,2124.0,1479.0,2191.0,2295.0,2221.0,2107.0,1743.0,3136.0,3060.0,2781.0,3216.0,2405.0,2302.0,2414.0,2201.0,2051.0,2028.0,2003.0,1873.0,1670.0,1742.0,1937.0,1960.0,1250.0,1062.0,2537.0,2592.0,2666.0,2713.0,1664.0,1855.0,1400.0,1678.0,3099.0,2907.0,911.0,299.0,395.0,2950.0,2928.0,2667.0,2774.0,2738.0,2813.0,2307.0,2468.0,2375.0,2369.0,1452.0,1557.0,2642.0,477.0,848.0,751.0,2826.0,2569.0,2747.0,2849.0,2565.0,2971.0,2575.0,2521.0,2444.0,1473.0,1798.0,2261.0,2307.0,1918.0,2129.0,1197.0,1569.0,1596.0,1557.0,1019.0,1533.0,1762.0,1724.0,1231.0,1807.0,1713.0,816.0,2796.0,2832.0,2738.0,2565.0,2731.0,922.0,986.0,2135.0,2241.0,2100.0,2180.0,2513.0,2464.0,979.0
CA_LAX,2027.0,1981.0,2012.0,2087.0,1563.0,1664.0,466.0,372.0,488.0,219.0,1.0,37.0,120.0,382.0,338.0,1017.0,776.0,2911.0,2414.0,2521.0,2732.0,2253.0,2173.0,2258.0,2422.0,2354.0,1813.0,1683.0,1883.0,905.0,1988.0,2025.0,1990.0,1840.0,1969.0,1852.0,1923.0,2000.0,2158.0,2031.0,2073.0,2092.0,1999.0,1354.0,2066.0,2171.0,2096.0,1891.0,1623.0,3011.0,2935.0,2656.0,3091.0,2280.0,2177.0,2289.0,2076.0,1926.0,1991.0,1878.0,1748.0,1545.0,1617.0,1827.0,1841.0,1238.0,1210.0,2412.0,2468.0,2542.0,2588.0,1652.0,1843.0,1275.0,1553.0,2974.0,2782.0,787.0,515.0,270.0,2825.0,2803.0,2542.0,2649.0,2613.0,2688.0,2183.0,2343.0,2250.0,2244.0,1327.0,1432.0,2518.0,690.0,1061.0,964.0,2702.0,2444.0,2623.0,2724.0,2440.0,2846.0,2450.0,2396.0,2320.0,1324.0,1673.0,2136.0,2182.0,1793.0,2004.0,1072.0,1352.0,1379.0,1440.0,802.0,1406.0,1545.0,1507.0,1106.0,1590.0,1624.0,688.0,2671.0,2707.0,2613.0,2441.0,2606.0,1135.0,1199.0,2010.0,2116.0,1975.0,2055.0,2389.0,2339.0,830.0
CA_ONT,1991.0,1945.0,1976.0,2051.0,1527.0,1629.0,430.0,336.0,452.0,254.0,37.0,1.0,114.0,417.0,373.0,981.0,740.0,2875.0,2378.0,2486.0,2696.0,2217.0,2138.0,2222.0,2386.0,2318.0,1777.0,1647.0,1847.0,869.0,1952.0,1989.0,1955.0,1804.0,1933.0,1817.0,1888.0,1965.0,2123.0,1996.0,2037.0,2056.0,1963.0,1318.0,2030.0,2135.0,2060.0,1855.0,1588.0,2975.0,2900.0,2620.0,3055.0,2245.0,2141.0,2253.0,2041.0,1890.0,1956.0,1842.0,1712.0,1509.0,1581.0,1779.0,1805.0,1203.0,1174.0,2376.0,2432.0,2506.0,2552.0,1616.0,1807.0,1239.0,1517.0,2938.0,2746.0,751.0,550.0,235.0,2789.0,2767.0,2507.0,2613.0,2578.0,2652.0,2147.0,2307.0,2214.0,2208.0,1291.0,1397.0,2482.0,725.0,999.0,999.0,2666.0,2409.0,2587.0,2688.0,2404.0,2810.0,2417.0,2361.0,2284.0,1289.0,1637.0,2100.0,2146.0,1757.0,1969.0,1037.0,1316.0,1344.0,1405.0,766.0,1370.0,1509.0,1471.0,1070.0,1554.0,1588.0,652.0,2635.0,2671.0,2578.0,2405.0,2570.0,1170.0,1234.0,1975.0,2080.0,1939.0,2020.0,2353.0,2304.0,794.0
CA_SDI,1998.0,2007.0,1933.0,2008.0,1587.0,1686.0,490.0,354.0,409.0,339.0,120.0,114.0,1.0,501.0,458.0,1078.0,837.0,2935.0,2335.0,2443.0,2654.0,2175.0,2142.0,2226.0,2390.0,2199.0,1874.0,1744.0,1944.0,824.0,2049.0,2086.0,2051.0,1901.0,2030.0,1913.0,1947.0,2024.0,2219.0,2093.0,2097.0,2153.0,2023.0,1378.0,2093.0,2195.0,2120.0,1813.0,1545.0,3035.0,2959.0,2680.0,3188.0,2341.0,2238.0,2350.0,2137.0,1987.0,2052.0,1902.0,1772.0,1569.0,1678.0,1851.0,1763.0,1299.0,1271.0,2388.0,2475.0,2550.0,2556.0,1713.0,1904.0,1336.0,1614.0,3035.0,2806.0,811.0,635.0,332.0,2886.0,2827.0,2603.0,2715.0,2675.0,2749.0,2206.0,2404.0,2274.0,2305.0,1351.0,1456.0,2579.0,810.0,1096.0,1084.0,2725.0,2511.0,2647.0,2748.0,2464.0,2907.0,2404.0,2364.0,2288.0,1386.0,1734.0,2144.0,2209.0,1820.0,2031.0,1096.0,1274.0,1301.0,1362.0,724.0,1328.0,1467.0,1429.0,1038.0,1512.0,1545.0,749.0,2698.0,2708.0,2640.0,2468.0,2633.0,1254.0,1318.0,2072.0,2177.0,2036.0,2116.0,2416.0,2366.0,891.0
CA_SFR,2325.0,2279.0,2391.0,2414.0,1861.0,1963.0,764.0,752.0,867.0,187.0,382.0,417.0,501.0,1.0,84.0,1265.0,1013.0,3003.0,2793.0,2901.0,3111.0,2632.0,2471.0,2556.0,2720.0,2652.0,1925.0,1795.0,1994.0,672.0,2100.0,2137.0,2102.0,1953.0,2081.0,1964.0,2064.0,2221.0,2270.0,2143.0,2270.0,2204.0,2211.0,1719.0,2330.0,2391.0,2317.0,2270.0,1916.0,3103.0,3027.0,2813.0,3203.0,2392.0,2289.0,2401.0,2029.0,2038.0,1948.0,2153.0,1961.0,1843.0,1801.0,2049.0,2133.0,1170.0,982.0,2710.0,2765.0,2840.0,2886.0,1583.0,1774.0,1387.0,1665.0,3086.0,2898.0,1085.0,218.0,568.0,2937.0,2919.0,2654.0,2761.0,2725.0,2800.0,2384.0,2455.0,2451.0,2356.0,1625.0,1730.0,2629.0,363.0,733.0,637.0,2841.0,2556.0,2764.0,2870.0,2572.0,2958.0,2757.0,2694.0,2618.0,1393.0,1785.0,2434.0,2480.0,2091.0,2302.0,1370.0,1732.0,1759.0,1730.0,1181.0,1785.0,1924.0,1886.0,1404.0,1969.0,1886.0,735.0,2821.0,2993.0,2899.0,2739.0,2753.0,807.0,871.0,2122.0,2228.0,2087.0,2167.0,2586.0,2528.0,898.0
CA_STK,2276.0,2229.0,2348.0,2365.0,1812.0,1913.0,715.0,708.0,824.0,126.0,338.0,373.0,458.0,84.0,1.0,1226.0,975.0,2964.0,2751.0,2858.0,3069.0,2590.0,2422.0,2506.0,2670.0,2602.0,1886.0,1756.0,1956.0,633.0,2061.0,2098.0,2063.0,1914.0,2042.0,1925.0,2025.0,2182.0,2232.0,2105.0,2231.0,2165.0,2172.0,1680.0,2291.0,2353.0,2278.0,2228.0,1866.0,3064.0,2988.0,2774.0,3164.0,2353.0,2250.0,2362.0,1990.0,1999.0,1909.0,2114.0,1922.0,1793.0,1763.0,2009.0,2083.0,1131.0,943.0,2660.0,2716.0,2790.0,2836.0,1544.0,1735.0,1348.0,1626.0,3047.0,2859.0,1035.0,179.0,519.0,2898.0,2881.0,2616.0,2722.0,2687.0,2761.0,2345.0,2416.0,2412.0,2317.0,1575.0,1681.0,2591.0,355.0,726.0,629.0,2803.0,2517.0,2725.0,2831.0,2533.0,2919.0,2699.0,2645.0,2568.0,1354.0,1746.0,2385.0,2431.0,2041.0,2253.0,1321.0,1689.0,1716.0,1681.0,1139.0,1657.0,1882.0,1844.0,1354.0,1927.0,1837.0,697.0,2782.0,2955.0,2862.0,2689.0,2715.0,799.0,863.0,2084.0,2189.0,2048.0,2129.0,2547.0,2489.0,859.0
CO_DEN,1325.0,1264.0,1409.0,1414.0,803.0,962.0,766.0,909.0,892.0,1142.0,1017.0,981.0,1078.0,1265.0,1226.0,1.0,243.0,1879.0,1749.0,1857.0,2067.0,1620.0,1398.0,1487.0,1651.0,1583.0,801.0,672.0,871.0,710.0,976.0,1014.0,979.0,821.0,958.0,841.0,929.0,1015.0,1147.0,1020.0,1079.0,1080.0,1005.0,461.0,1124.0,1185.0,1111.0,1377.0,980.0,1980.0,1904.0,1662.0,2080.0,1269.0,1166.0,1277.0,1065.0,914.0,980.0,947.0,755.0,700.0,598.0,846.0,1221.0,552.0,896.0,1558.0,1614.0,1688.0,1760.0,704.0,899.0,264.0,541.0,1963.0,1774.0,447.0,1047.0,748.0,1814.0,1796.0,1531.0,1638.0,1602.0,1676.0,1189.0,1332.0,1256.0,1233.0,674.0,689.0,1506.0,1311.0,1049.0,1256.0,1708.0,1433.0,1629.0,1730.0,1446.0,1834.0,1694.0,1590.0,1495.0,410.0,661.0,1283.0,1328.0,1090.0,1152.0,431.0,956.0,958.0,794.0,635.0,771.0,1030.0,1110.0,555.0,1193.0,959.0,534.0,1670.0,1798.0,1704.0,1587.0,1602.0,1332.0,1093.0,999.0,1105.0,964.0,1044.0,1391.0,1354.0,367.0
CO_GRA,1570.0,1509.0,1654.0,1659.0,1048.0,1207.0,431.0,574.0,690.0,901.0,776.0,740.0,837.0,1013.0,975.0,243.0,1.0,2117.0,1994.0,2102.0,2313.0,1865.0,1643.0,1733.0,1897.0,1829.0,1039.0,910.0,1109.0,500.0,1214.0,1252.0,1217.0,1066.0,1196.0,1079.0,1175.0,1260.0,1385.0,1258.0,1325.0,1318.0,1250.0,706.0,1370.0,1431.0,1356.0,1623.0,1306.0,2218.0,2142.0,1908.0,2318.0,1507.0,1404.0,1515.0,1303.0,1152.0,1218.0,1193.0,1000.0,946.0,844.0,1096.0,1467.0,659.0,805.0,1803.0,1859.0,1933.0,2005.0,942.0,1137.0,502.0,779.0,2201.0,2012.0,498.0,795.0,506.0,2052.0,2034.0,1769.0,1876.0,1840.0,1914.0,1434.0,1570.0,1501.0,1471.0,919.0,934.0,1744.0,1097.0,839.0,1046.0,1953.0,1671.0,1874.0,1976.0,1692.0,2072.0,1927.0,1835.0,1740.0,648.0,899.0,1528.0,1574.0,1335.0,1397.0,673.0,1198.0,1200.0,1121.0,743.0,1013.0,1361.0,1352.0,797.0,1435.0,1205.0,283.0,1916.0,2043.0,1950.0,1832.0,1847.0,1122.0,1002.0,1237.0,1343.0,1202.0,1282.0,1636.0,1599.0,253.0
CT_HAR,1080.0,1059.0,1329.0,1162.0,1446.0,1350.0,2446.0,2589.0,2508.0,3036.0,2911.0,2875.0,2935.0,3003.0,2964.0,1879.0,2117.0,1.0,1062.0,1257.0,1455.0,1223.0,1000.0,1030.0,931.0,1102.0,1125.0,1207.0,1073.0,2448.0,1014.0,889.0,903.0,1163.0,983.0,1043.0,1044.0,1018.0,748.0,862.0,835.0,801.0,914.0,1534.0,976.0,824.0,860.0,1423.0,1532.0,110.0,34.0,307.0,262.0,715.0,846.0,802.0,1363.0,1303.0,1368.0,1141.0,1204.0,1367.0,1319.0,1072.0,1317.0,2140.0,2483.0,763.0,636.0,636.0,723.0,1729.0,1536.0,1616.0,1342.0,195.0,136.0,2125.0,2785.0,2621.0,119.0,123.0,407.0,288.0,342.0,261.0,755.0,561.0,661.0,661.0,1583.0,1477.0,499.0,3086.0,2787.0,2994.0,212.0,496.0,289.0,213.0,471.0,337.0,858.0,835.0,858.0,1808.0,1466.0,936.0,826.0,1212.0,1004.0,1841.0,1940.0,1862.0,1667.0,2311.0,1699.0,1747.0,2100.0,1960.0,2092.0,1492.0,2272.0,363.0,475.0,459.0,579.0,402.0,2957.0,2680.0,1212.0,1104.0,1043.0,991.0,651.0,701.0,2104.0
FL_JAX,458.0,538.0,404.0,366.0,1008.0,828.0,1964.0,2042.0,1928.0,2630.0,2414.0,2378.0,2335.0,2793.0,2751.0,1749.0,1994.0,1062.0,1.0,194.0,350.0,164.0,345.0,269.0,139.0,166.0,1189.0,1250.0,1208.0,2398.0,1017.0,1065.0,1076.0,1041.0,1151.0,1137.0,928.0,747.0,951.0,1036.0,883.0,1026.0,855.0,1317.0,660.0,715.0,770.0,546.0,808.0,1159.0,1085.0,756.0,1312.0,1001.0,1132.0,1087.0,1537.0,1476.0,1543.0,807.0,1034.0,1092.0,1149.0,901.0,593.0,2224.0,2567.0,385.0,449.0,454.0,421.0,1902.0,1711.0,1567.0,1335.0,1244.0,932.0,1642.0,2735.0,2211.0,1084.0,947.0,1041.0,986.0,1080.0,1074.0,801.0,896.0,808.0,953.0,1156.0,1092.0,1139.0,3102.0,2737.0,2944.0,897.0,949.0,821.0,853.0,829.0,1306.0,237.0,288.0,387.0,1856.0,1515.0,467.0,547.0,690.0,597.0,1359.0,1065.0,1033.0,997.0,1613.0,1031.0,870.0,1220.0,1342.0,1215.0,877.0,2222.0,706.0,611.0,600.0,579.0,744.0,3020.0,2764.0,1387.0,1278.0,1215.0,1165.0,645.0,697.0,2055.0
FL_LAK,566.0,646.0,512.0,474.0,1116.0,936.0,2072.0,2149.0,2035.0,2738.0,2521.0,2486.0,2443.0,2901.0,2858.0,1857.0,2102.0,1257.0,194.0,1.0,227.0,272.0,453.0,377.0,336.0,274.0,1297.0,1358.0,1316.0,2506.0,1125.0,1173.0,1184.0,1149.0,1259.0,1246.0,1036.0,855.0,1115.0,1145.0,991.0,1134.0,963.0,1425.0,768.0,837.0,878.0,654.0,916.0,1356.0,1282.0,953.0,1509.0,1180.0,1250.0,1254.0,1645.0,1584.0,1651.0,915.0,1142.0,1200.0,1257.0,1004.0,701.0,2332.0,2675.0,582.0,646.0,651.0,618.0,2010.0,1819.0,1675.0,1444.0,1442.0,1129.0,1751.0,2843.0,2319.0,1281.0,1144.0,1239.0,1184.0,1277.0,1271.0,924.0,1093.0,1005.0,1120.0,1264.0,1200.0,1336.0,3210.0,2845.0,3052.0,1094.0,1147.0,1019.0,1051.0,1026.0,1503.0,422.0,485.0,584.0,1964.0,1623.0,575.0,671.0,798.0,705.0,1467.0,1173.0,1141.0,1105.0,1721.0,1139.0,978.0,1328.0,1450.0,1323.0,985.0,2330.0,903.0,808.0,797.0,776.0,942.0,3128.0,2872.0,1495.0,1386.0,1323.0,1273.0,843.0,894.0,2163.0
FL_MIA,777.0,856.0,723.0,685.0,1327.0,1147.0,2282.0,2360.0,2246.0,2949.0,2732.0,2696.0,2654.0,3111.0,3069.0,2067.0,2313.0,1455.0,350.0,227.0,1.0,482.0,664.0,587.0,493.0,484.0,1508.0,1569.0,1527.0,2717.0,1336.0,1384.0,1395.0,1360.0,1470.0,1457.0,1247.0,1066.0,1326.0,1356.0,1202.0,1345.0,1174.0,1636.0,979.0,1049.0,1089.0,864.0,1128.0,1556.0,1481.0,1152.0,1708.0,1391.0,1461.0,1465.0,1856.0,1796.0,1862.0,1127.0,1353.0,1411.0,1468.0,1221.0,913.0,2543.0,2886.0,739.0,803.0,808.0,775.0,2222.0,2030.0,1886.0,1655.0,1641.0,1328.0,1962.0,3054.0,2530.0,1480.0,1343.0,1438.0,1383.0,1476.0,1470.0,1135.0,1292.0,1204.0,1331.0,1475.0,1411.0,1535.0,3421.0,3056.0,3264.0,1293.0,1346.0,1218.0,1250.0,1225.0,1702.0,582.0,642.0,741.0,2175.0,1834.0,786.0,882.0,1009.0,916.0,1678.0,1384.0,1352.0,1316.0,1932.0,1350.0,1189.0,1540.0,1661.0,1534.0,1197.0,2541.0,1102.0,965.0,954.0,933.0,1141.0,3339.0,3083.0,1706.0,1597.0,1535.0,1484.0,1042.0,1093.0,2374.0
FL_TAL,297.0,377.0,244.0,205.0,847.0,667.0,1803.0,1881.0,1767.0,2469.0,2253.0,2217.0,2175.0,2632.0,2590.0,1620.0,1865.0,1223.0,164.0,272.0,482.0,1.0,268.0,192.0,300.0,89.0,1080.0,1141.0,1099.0,2289.0,908.0,956.0,967.0,932.0,1042.0,1029.0,819.0,638.0,898.0,928.0,774.0,917.0,746.0,1156.0,551.0,652.0,661.0,385.0,647.0,1320.0,1246.0,916.0,1473.0,995.0,1033.0,1069.0,1428.0,1367.0,1434.0,702.0,925.0,931.0,1040.0,754.0,432.0,2115.0,2458.0,482.0,572.0,614.0,582.0,1793.0,1602.0,1458.0,1227.0,1405.0,1093.0,1482.0,2626.0,2106.0,1244.0,1108.0,1139.0,1147.0,1241.0,1235.0,739.0,989.0,840.0,935.0,995.0,931.0,1223.0,2941.0,2628.0,2835.0,1058.0,1047.0,982.0,1014.0,926.0,1467.0,348.0,391.0,409.0,1747.0,1406.0,390.0,486.0,529.0,487.0,1198.0,904.0,872.0,836.0,1452.0,870.0,709.0,1059.0,1181.0,1054.0,716.0,2113.0,866.0,772.0,760.0,676.0,842.0,2911.0,2655.0,1278.0,1169.0,1106.0,1056.0,743.0,755.0,1946.0
GA_ATL,147.0,228.0,327.0,161.0,698.0,518.0,1709.0,1848.0,1734.0,2298.0,2173.0,2138.0,2142.0,2471.0,2422.0,1398.0,1643.0,1000.0,345.0,453.0,664.0,268.0,1.0,84.0,248.0,180.0,839.0,900.0,858.0,2048.0,667.0,716.0,726.0,692.0,801.0,788.0,578.0,397.0,658.0,687.0,533.0,676.0,505.0,1006.0,310.0,380.0,420.0,467.0,596.0,1097.0,1023.0,661.0,1250.0,722.0,792.0,796.0,1187.0,1127.0,1194.0,458.0,684.0,782.0,799.0,552.0,381.0,1874.0,2217.0,245.0,333.0,407.0,404.0,1553.0,1362.0,1217.0,986.0,1182.0,873.0,1388.0,2386.0,1956.0,1004.0,852.0,904.0,874.0,971.0,963.0,466.0,717.0,567.0,663.0,846.0,781.0,951.0,2649.0,2387.0,2595.0,793.0,804.0,715.0,758.0,684.0,1214.0,289.0,213.0,145.0,1506.0,1165.0,117.0,213.0,379.0,248.0,1104.0,986.0,924.0,784.0,1419.0,818.0,792.0,1142.0,1130.0,1137.0,657.0,1872.0,634.0,566.0,533.0,434.0,599.0,2670.0,2414.0,1037.0,928.0,866.0,815.0,500.0,483.0,1705.0
GA_MAC,231.0,312.0,348.0,181.0,783.0,603.0,1793.0,1932.0,1818.0,2383.0,2258.0,2222.0,2226.0,2556.0,2506.0,1487.0,1733.0,1030.0,269.0,377.0,587.0,192.0,84.0,1.0,165.0,104.0,927.0,988.0,946.0,2136.0,755.0,804.0,814.0,779.0,889.0,876.0,666.0,485.0,746.0,775.0,621.0,764.0,593.0,1090.0,398.0,468.0,508.0,489.0,680.0,1127.0,1053.0,724.0,1280.0,810.0,880.0,884.0,1275.0,1215.0,1282.0,546.0,772.0,865.0,887.0,640.0,465.0,1962.0,2305.0,290.0,380.0,422.0,390.0,1641.0,1449.0,1305.0,1074.0,1212.0,900.0,1472.0,2474.0,2040.0,1054.0,915.0,946.0,924.0,1013.0,1013.0,554.0,805.0,655.0,750.0,930.0,865.0,1039.0,2737.0,2475.0,2683.0,843.0,855.0,765.0,821.0,734.0,1265.0,263.0,198.0,193.0,1594.0,1253.0,205.0,301.0,463.0,335.0,1188.0,1008.0,976.0,868.0,1502.0,902.0,813.0,1163.0,1213.0,1158.0,741.0,1960.0,674.0,579.0,568.0,484.0,650.0,2758.0,2502.0,1125.0,1016.0,954.0,903.0,550.0,570.0,1793.0
GA_SAV,395.0,476.0,540.0,347.0,947.0,767.0,1957.0,2096.0,1982.0,2547.0,2422.0,2386.0,2390.0,2720.0,2670.0,1651.0,1897.0,931.0,139.0,336.0,493.0,300.0,248.0,165.0,1.0,179.0,1092.0,1153.0,1110.0,2301.0,920.0,955.0,966.0,944.0,1053.0,1040.0,831.0,649.0,820.0,927.0,771.0,909.0,758.0,1255.0,562.0,584.0,659.0,682.0,844.0,1028.0,954.0,625.0,1181.0,870.0,1001.0,956.0,1426.0,1366.0,1433.0,710.0,936.0,1030.0,1051.0,800.0,629.0,2126.0,2470.0,254.0,318.0,323.0,290.0,1792.0,1601.0,1469.0,1238.0,1114.0,801.0,1636.0,2638.0,2205.0,953.0,816.0,911.0,856.0,949.0,943.0,670.0,765.0,677.0,823.0,1094.0,1030.0,1008.0,2902.0,2640.0,2847.0,766.0,819.0,691.0,723.0,698.0,1175.0,109.0,157.0,256.0,1758.0,1418.0,370.0,416.0,628.0,500.0,1352.0,1201.0,1169.0,1033.0,1667.0,1067.0,1006.0,1357.0,1378.0,1351.0,905.0,2124.0,575.0,480.0,469.0,448.0,614.0,2922.0,2667.0,1277.0,1168.0,1105.0,1055.0,515.0,566.0,1958.0
GA_TIF,327.0,409.0,327.0,197.0,879.0,699.0,1889.0,1906.0,1791.0,2479.0,2354.0,2318.0,2199.0,2652.0,2602.0,1583.0,1829.0,1102.0,166.0,274.0,484.0,89.0,180.0,104.0,179.0,1.0,1024.0,1084.0,1042.0,2233.0,851.0,900.0,911.0,876.0,985.0,972.0,763.0,581.0,842.0,871.0,717.0,861.0,689.0,1186.0,494.0,564.0,604.0,469.0,654.0,1199.0,1125.0,795.0,1352.0,906.0,976.0,980.0,1371.0,1311.0,1378.0,642.0,868.0,962.0,983.0,732.0,439.0,2058.0,2401.0,394.0,484.0,493.0,461.0,1737.0,1546.0,1401.0,1170.0,1284.0,972.0,1568.0,2570.0,2136.0,1158.0,987.0,1050.0,1028.0,1117.0,1117.0,650.0,901.0,751.0,847.0,1026.0,962.0,1135.0,2834.0,2572.0,2779.0,947.0,959.0,869.0,893.0,838.0,1368.0,277.0,302.0,320.0,1690.0,1350.0,301.0,398.0,559.0,432.0,1284.0,988.0,956.0,843.0,1477.0,877.0,793.0,1144.0,1188.0,1138.0,723.0,2056.0,745.0,651.0,639.0,588.0,753.0,2854.0,2599.0,1221.0,1113.0,1050.0,999.0,654.0,667.0,1889.0
IA_CED,786.0,707.0,949.0,875.0,556.0,617.0,1434.0,1576.0,1514.0,1938.0,1813.0,1777.0,1874.0,1925.0,1886.0,801.0,1039.0,1125.0,1189.0,1297.0,1508.0,1080.0,839.0,927.0,1092.0,1024.0,1.0,131.0,69.0,1371.0,222.0,260.0,225.0,157.0,160.0,87.0,276.0,470.0,393.0,266.0,393.0,326.0,361.0,546.0,579.0,581.0,506.0,947.0,828.0,1224.0,1150.0,935.0,1378.0,515.0,412.0,523.0,395.0,277.0,343.0,390.0,277.0,479.0,324.0,288.0,762.0,1065.0,1408.0,982.0,953.0,1027.0,1159.0,702.0,511.0,540.0,263.0,1209.0,1020.0,1115.0,1709.0,1544.0,1048.0,1042.0,766.0,884.0,835.0,911.0,506.0,577.0,574.0,479.0,678.0,592.0,754.0,1972.0,1710.0,1918.0,964.0,679.0,887.0,993.0,695.0,1081.0,1099.0,1014.0,919.0,697.0,357.0,725.0,754.0,555.0,594.0,935.0,1101.0,1023.0,827.0,1264.0,875.0,1066.0,1260.0,1054.0,1333.0,790.0,1195.0,944.0,1116.0,1022.0,888.0,876.0,1882.0,1605.0,264.0,303.0,161.0,240.0,709.0,651.0,1028.0
IA_DES,846.0,767.0,1010.0,936.0,427.0,614.0,1304.0,1447.0,1385.0,1808.0,1683.0,1647.0,1744.0,1795.0,1756.0,672.0,910.0,1207.0,1250.0,1358.0,1569.0,1141.0,900.0,988.0,1153.0,1084.0,131.0,1.0,200.0,1241.0,305.0,343.0,308.0,218.0,287.0,170.0,359.0,553.0,476.0,349.0,475.0,409.0,443.0,416.0,662.0,663.0,589.0,1008.0,731.0,1307.0,1232.0,1018.0,1461.0,598.0,495.0,606.0,394.0,243.0,309.0,451.0,275.0,349.0,194.0,349.0,823.0,994.0,1337.0,1065.0,1036.0,1110.0,1241.0,668.0,477.0,409.0,132.0,1292.0,1103.0,984.0,1578.0,1414.0,1131.0,1125.0,849.0,966.0,918.0,994.0,589.0,660.0,657.0,562.0,547.0,462.0,837.0,1842.0,1580.0,1787.0,1047.0,762.0,970.0,1076.0,777.0,1164.0,1179.0,1097.0,1002.0,626.0,285.0,787.0,837.0,616.0,655.0,805.0,970.0,893.0,697.0,1133.0,745.0,936.0,1130.0,924.0,1202.0,660.0,1064.0,1027.0,1199.0,1105.0,971.0,959.0,1811.0,1534.0,328.0,434.0,293.0,373.0,792.0,734.0,897.0
IA_DUB,804.0,725.0,1017.0,893.0,626.0,685.0,1503.0,1646.0,1584.0,2007.0,1883.0,1847.0,1944.0,1994.0,1956.0,871.0,1109.0,1073.0,1208.0,1316.0,1527.0,1099.0,858.0,946.0,1110.0,1042.0,69.0,200.0,1.0,1442.0,208.0,180.0,211.0,227.0,93.0,78.0,262.0,456.0,343.0,216.0,379.0,276.0,347.0,616.0,565.0,567.0,492.0,1013.0,894.0,1174.0,1100.0,885.0,1328.0,465.0,362.0,473.0,345.0,256.0,326.0,455.0,347.0,550.0,394.0,319.0,828.0,1100.0,1443.0,968.0,914.0,988.0,1120.0,685.0,494.0,610.0,333.0,1160.0,970.0,1185.0,1779.0,1615.0,998.0,992.0,716.0,834.0,785.0,861.0,492.0,528.0,535.0,429.0,748.0,662.0,704.0,2043.0,1781.0,1988.0,914.0,629.0,837.0,943.0,644.0,1031.0,1078.0,1000.0,905.0,732.0,393.0,744.0,740.0,621.0,612.0,1006.0,1171.0,1093.0,897.0,1334.0,946.0,1137.0,1331.0,1125.0,1403.0,826.0,1265.0,894.0,1077.0,983.0,849.0,826.0,1918.0,1641.0,195.0,234.0,93.0,172.0,670.0,637.0,1098.0
ID_TWI,1995.0,1916.0,2112.0,2084.0,1489.0,1665.0,735.0,878.0,994.0,752.0,905.0,869.0,824.0,672.0,633.0,710.0,500.0,2448.0,2398.0,2506.0,2717.0,2289.0,2048.0,2136.0,2301.0,2233.0,1371.0,1241.0,1442.0,1.0,1545.0,1583.0,1548.0,1398.0,1527.0,1410.0,1510.0,1667.0,1716.0,1589.0,1715.0,1649.0,1657.0,1164.0,1776.0,1837.0,1762.0,2081.0,1764.0,2547.0,2472.0,2258.0,2701.0,1838.0,1734.0,1846.0,1357.0,1336.0,1276.0,1599.0,1407.0,1411.0,1247.0,1483.0,1925.0,499.0,470.0,2210.0,2265.0,2339.0,2411.0,912.0,1103.0,833.0,1110.0,2532.0,2343.0,836.0,454.0,495.0,2371.0,2365.0,2089.0,2206.0,2157.0,2234.0,1829.0,1900.0,1897.0,1802.0,1377.0,1392.0,2076.0,608.0,346.0,553.0,2287.0,2001.0,2210.0,2316.0,2017.0,2403.0,2317.0,2242.0,2147.0,870.0,1215.0,1935.0,1980.0,1764.0,1803.0,1121.0,1631.0,1540.0,1579.0,1080.0,1575.0,1819.0,1785.0,1155.0,1868.0,1663.0,219.0,2265.0,2438.0,2345.0,2211.0,2199.0,629.0,551.0,1429.0,1614.0,1533.0,1613.0,2032.0,1974.0,344.0
IL_BLO,613.0,534.0,868.0,703.0,528.0,510.0,1529.0,1671.0,1590.0,2113.0,1988.0,1952.0,2049.0,2100.0,2061.0,976.0,1214.0,1014.0,1017.0,1125.0,1336.0,908.0,667.0,755.0,920.0,851.0,222.0,305.0,208.0,1545.0,1.0,134.0,100.0,180.0,135.0,140.0,77.0,249.0,236.0,141.0,171.0,201.0,139.0,617.0,358.0,359.0,284.0,838.0,719.0,1114.0,1038.0,759.0,1267.0,390.0,286.0,398.0,521.0,460.0,527.0,281.0,286.0,449.0,402.0,162.0,653.0,1298.0,1641.0,761.0,732.0,806.0,937.0,886.0,695.0,715.0,438.0,1084.0,884.0,1207.0,1884.0,1720.0,934.0,905.0,652.0,794.0,723.0,797.0,285.0,452.0,352.0,354.0,666.0,560.0,627.0,2147.0,1885.0,2093.0,804.0,589.0,725.0,827.0,543.0,955.0,884.0,793.0,698.0,931.0,591.0,553.0,533.0,446.0,422.0,924.0,1068.0,991.0,795.0,1337.0,822.0,946.0,1228.0,1043.0,1300.0,651.0,1370.0,767.0,894.0,801.0,667.0,698.0,2115.0,1838.0,371.0,326.0,199.0,212.0,487.0,429.0,1203.0
IL_CHI,662.0,583.0,917.0,751.0,660.0,651.0,1661.0,1803.0,1722.0,2150.0,2025.0,1989.0,2086.0,2137.0,2098.0,1014.0,1252.0,889.0,1065.0,1173.0,1384.0,956.0,716.0,804.0,955.0,900.0,260.0,343.0,180.0,1583.0,134.0,1.0,43.0,313.0,91.0,177.0,210.0,289.0,161.0,30.0,180.0,93.0,179.0,750.0,410.0,373.0,297.0,923.0,858.0,989.0,914.0,700.0,1143.0,281.0,177.0,289.0,469.0,409.0,476.0,371.0,420.0,583.0,535.0,294.0,739.0,1246.0,1590.0,770.0,732.0,806.0,937.0,835.0,644.0,753.0,476.0,974.0,785.0,1340.0,1922.0,1757.0,813.0,807.0,531.0,648.0,600.0,676.0,295.0,342.0,352.0,244.0,799.0,693.0,525.0,2185.0,1923.0,2131.0,729.0,444.0,652.0,758.0,459.0,852.0,892.0,803.0,707.0,912.0,573.0,602.0,542.0,532.0,471.0,1057.0,1238.0,1161.0,928.0,1470.0,955.0,1085.0,1398.0,1176.0,1470.0,790.0,1408.0,708.0,894.0,801.0,667.0,641.0,2064.0,1787.0,320.0,208.0,148.0,94.0,487.0,439.0,1241.0
IL_JOL,673.0,594.0,927.0,762.0,625.0,631.0,1626.0,1769.0,1687.0,2115.0,1990.0,1955.0,2051.0,2102.0,2063.0,979.0,1217.0,903.0,1076.0,1184.0,1395.0,967.0,726.0,814.0,966.0,911.0,225.0,308.0,211.0,1548.0,100.0,43.0,1.0,278.0,97.0,142.0,186.0,285.0,171.0,44.0,191.0,105.0,176.0,715.0,421.0,384.0,307.0,904.0,839.0,1003.0,928.0,714.0,1156.0,293.0,190.0,302.0,475.0,414.0,481.0,352.0,384.0,547.0,500.0,259.0,719.0,1252.0,1595.0,781.0,743.0,817.0,948.0,840.0,649.0,718.0,440.0,988.0,799.0,1305.0,1886.0,1722.0,826.0,820.0,545.0,662.0,613.0,690.0,305.0,356.0,363.0,257.0,764.0,658.0,532.0,2150.0,1888.0,2095.0,743.0,457.0,665.0,771.0,473.0,859.0,894.0,813.0,718.0,934.0,593.0,613.0,553.0,512.0,482.0,1022.0,1166.0,1089.0,893.0,1435.0,920.0,1066.0,1326.0,1141.0,1398.0,771.0,1372.0,722.0,905.0,811.0,678.0,655.0,2069.0,1792.0,325.0,235.0,153.0,121.0,498.0,450.0,1206.0
IL_QUI,638.0,559.0,802.0,727.0,410.0,470.0,1334.0,1477.0,1473.0,1964.0,1840.0,1804.0,1901.0,1953.0,1914.0,821.0,1066.0,1163.0,1041.0,1149.0,1360.0,932.0,692.0,779.0,944.0,876.0,157.0,218.0,227.0,1398.0,180.0,313.0,278.0,1.0,267.0,144.0,140.0,311.0,437.0,320.0,323.0,380.0,253.0,446.0,420.0,481.0,406.0,800.0,681.0,1265.0,1189.0,910.0,1418.0,568.0,465.0,577.0,548.0,430.0,496.0,243.0,130.0,334.0,224.0,138.0,616.0,1233.0,1576.0,854.0,884.0,958.0,1055.0,855.0,664.0,568.0,337.0,1259.0,1036.0,1015.0,1737.0,1571.0,1136.0,1057.0,832.0,945.0,898.0,973.0,437.0,644.0,504.0,532.0,551.0,444.0,806.0,2000.0,1738.0,1946.0,956.0,741.0,877.0,978.0,694.0,1134.0,972.0,886.0,791.0,865.0,525.0,579.0,624.0,408.0,447.0,808.0,953.0,875.0,679.0,1222.0,706.0,918.0,1113.0,927.0,1185.0,613.0,1223.0,918.0,1046.0,952.0,818.0,850.0,2021.0,1774.0,413.0,467.0,332.0,353.0,639.0,581.0,1056.0
IL_RFD,747.0,668.0,1002.0,836.0,660.0,642.0,1660.0,1803.0,1722.0,2094.0,1969.0,1933.0,2030.0,2081.0,2042.0,958.0,1196.0,983.0,1151.0,1259.0,1470.0,1042.0,801.0,889.0,1053.0,985.0,160.0,287.0,93.0,1527.0,135.0,91.0,97.0,267.0,1.0,125.0,221.0,384.0,253.0,119.0,273.0,186.0,274.0,703.0,502.0,466.0,389.0,971.0,852.0,1083.0,1009.0,795.0,1237.0,375.0,272.0,383.0,394.0,334.0,400.0,414.0,419.0,582.0,481.0,293.0,786.0,1171.0,1514.0,863.0,824.0,898.0,1030.0,760.0,568.0,697.0,420.0,1068.0,880.0,1340.0,1866.0,1702.0,907.0,902.0,625.0,742.0,694.0,770.0,387.0,436.0,445.0,339.0,799.0,692.0,613.0,2130.0,1867.0,2055.0,824.0,538.0,747.0,853.0,554.0,940.0,986.0,895.0,800.0,837.0,497.0,688.0,635.0,579.0,557.0,1056.0,1201.0,1123.0,927.0,1470.0,955.0,1079.0,1361.0,1175.0,1433.0,784.0,1352.0,804.0,987.0,893.0,759.0,736.0,1988.0,1711.0,244.0,207.0,72.0,94.0,580.0,531.0,1185.0
IL_ROC,734.0,655.0,946.0,823.0,596.0,615.0,1473.0,1616.0,1554.0,1977.0,1852.0,1817.0,1913.0,1964.0,1925.0,841.0,1079.0,1043.0,1137.0,1246.0,1457.0,1029.0,788.0,876.0,1040.0,972.0,87.0,170.0,78.0,1410.0,140.0,177.0,142.0,144.0,125.0,1.0,193.0,386.0,310.0,183.0,309.0,242.0,276.0,585.0,495.0,496.0,422.0,944.0,823.0,1145.0,1069.0,893.0,1297.0,433.0,330.0,441.0,423.0,359.0,424.0,387.0,264.0,518.0,363.0,241.0,758.0,1163.0,1506.0,897.0,866.0,942.0,1074.0,784.0,592.0,579.0,302.0,1127.0,937.0,1154.0,1747.0,1584.0,967.0,959.0,685.0,802.0,754.0,830.0,422.0,496.0,490.0,396.0,717.0,631.0,665.0,2011.0,1748.0,1957.0,879.0,598.0,804.0,910.0,611.0,991.0,1017.0,929.0,834.0,794.0,453.0,673.0,668.0,551.0,543.0,975.0,1139.0,1062.0,866.0,1303.0,915.0,1049.0,1296.0,1094.0,1372.0,755.0,1233.0,903.0,1031.0,937.0,804.0,836.0,1980.0,1703.0,273.0,324.0,171.0,211.0,624.0,573.0,1067.0
IL_TAY,525.0,446.0,779.0,614.0,458.0,441.0,1459.0,1601.0,1520.0,2048.0,1923.0,1888.0,1947.0,2064.0,2025.0,929.0,1175.0,1044.0,928.0,1036.0,1247.0,819.0,578.0,666.0,831.0,763.0,276.0,359.0,262.0,1510.0,77.0,210.0,186.0,140.0,221.0,193.0,1.0,197.0,317.0,209.0,203.0,270.0,127.0,548.0,306.0,367.0,293.0,751.0,650.0,1145.0,1069.0,790.0,1298.0,458.0,355.0,467.0,607.0,547.0,613.0,211.0,217.0,380.0,332.0,91.0,566.0,1353.0,1696.0,740.0,763.0,837.0,942.0,973.0,781.0,678.0,447.0,1139.0,916.0,1138.0,1847.0,1679.0,1015.0,937.0,712.0,825.0,778.0,853.0,316.0,524.0,384.0,422.0,597.0,490.0,695.0,2110.0,1848.0,2056.0,835.0,621.0,757.0,858.0,574.0,1024.0,866.0,772.0,677.0,985.0,644.0,465.0,510.0,359.0,334.0,854.0,999.0,921.0,725.0,1268.0,752.0,877.0,1158.0,973.0,1231.0,582.0,1333.0,798.0,926.0,832.0,698.0,730.0,2171.0,1893.0,457.0,413.0,286.0,299.0,519.0,461.0,1166.0
IN_EVA,343.0,264.0,598.0,432.0,535.0,443.0,1535.0,1678.0,1597.0,2125.0,2000.0,1965.0,2024.0,2221.0,2182.0,1015.0,1260.0,1018.0,747.0,855.0,1066.0,638.0,397.0,485.0,649.0,581.0,470.0,553.0,456.0,1667.0,249.0,289.0,285.0,311.0,384.0,386.0,197.0,1.0,313.0,274.0,182.0,321.0,110.0,632.0,111.0,200.0,126.0,682.0,651.0,1120.0,1044.0,753.0,1272.0,473.0,416.0,511.0,769.0,709.0,776.0,141.0,301.0,456.0,417.0,169.0,493.0,1492.0,1835.0,558.0,614.0,688.0,760.0,1135.0,944.0,835.0,603.0,1113.0,867.0,1214.0,2003.0,1763.0,990.0,888.0,686.0,800.0,753.0,827.0,248.0,499.0,343.0,410.0,673.0,566.0,702.0,2267.0,2005.0,2212.0,787.0,595.0,708.0,809.0,525.0,1030.0,684.0,591.0,495.0,1124.0,783.0,283.0,329.0,285.0,152.0,931.0,1031.0,953.0,759.0,1402.0,790.0,878.0,1191.0,1050.0,1263.0,583.0,1489.0,761.0,797.0,704.0,587.0,656.0,2288.0,2032.0,620.0,498.0,448.0,384.0,390.0,341.0,1323.0
IN_FTW,604.0,525.0,858.0,693.0,739.0,716.0,1740.0,1883.0,1802.0,2283.0,2158.0,2123.0,2219.0,2270.0,2232.0,1147.0,1385.0,748.0,951.0,1115.0,1326.0,898.0,658.0,746.0,820.0,842.0,393.0,476.0,343.0,1716.0,236.0,161.0,171.0,437.0,253.0,310.0,317.0,313.0,1.0,132.0,126.0,90.0,208.0,828.0,350.0,238.0,237.0,941.0,922.0,848.0,773.0,559.0,1002.0,166.0,172.0,202.0,632.0,572.0,639.0,434.0,497.0,661.0,613.0,372.0,802.0,1409.0,1752.0,585.0,566.0,640.0,771.0,998.0,806.0,885.0,608.0,837.0,644.0,1418.0,2054.0,1890.0,676.0,666.0,394.0,511.0,463.0,539.0,179.0,205.0,157.0,103.0,877.0,771.0,396.0,2318.0,2056.0,2263.0,588.0,307.0,511.0,616.0,319.0,723.0,767.0,667.0,572.0,1075.0,736.0,543.0,407.0,595.0,411.0,1135.0,1302.0,1224.0,1029.0,1548.0,1061.0,1149.0,1462.0,1254.0,1534.0,854.0,1540.0,568.0,741.0,635.0,501.0,500.0,2227.0,1949.0,482.0,374.0,311.0,260.0,325.0,300.0,1374.0
IN_GRY,633.0,554.0,888.0,722.0,667.0,651.0,1667.0,1810.0,1729.0,2156.0,2031.0,1996.0,2093.0,2143.0,2105.0,1020.0,1258.0,862.0,1036.0,1145.0,1356.0,928.0,687.0,775.0,927.0,871.0,266.0,349.0,216.0,1589.0,141.0,30.0,44.0,320.0,119.0,183.0,209.0,274.0,132.0,1.0,151.0,66.0,161.0,756.0,381.0,344.0,267.0,923.0,858.0,962.0,887.0,673.0,1116.0,253.0,150.0,262.0,505.0,445.0,512.0,371.0,425.0,588.0,541.0,301.0,738.0,1282.0,1625.0,741.0,703.0,777.0,908.0,871.0,680.0,759.0,481.0,947.0,758.0,1346.0,1927.0,1763.0,786.0,780.0,504.0,621.0,573.0,649.0,265.0,315.0,323.0,217.0,805.0,699.0,492.0,2191.0,1929.0,2136.0,702.0,417.0,625.0,730.0,432.0,819.0,862.0,773.0,678.0,948.0,609.0,573.0,513.0,531.0,442.0,1063.0,1238.0,1161.0,966.0,1476.0,997.0,1085.0,1398.0,1182.0,1470.0,790.0,1413.0,681.0,865.0,772.0,638.0,614.0,2100.0,1822.0,355.0,237.0,184.0,123.0,458.0,410.0,1247.0
IN_IND,479.0,400.0,734.0,568.0,608.0,584.0,1608.0,1751.0,1670.0,2198.0,2073.0,2037.0,2097.0,2270.0,2231.0,1079.0,1325.0,835.0,883.0,991.0,1202.0,774.0,533.0,621.0,771.0,717.0,393.0,475.0,379.0,1715.0,171.0,180.0,191.0,323.0,273.0,309.0,203.0,182.0,126.0,151.0,1.0,138.0,78.0,699.0,227.0,188.0,114.0,818.0,793.0,936.0,860.0,581.0,1089.0,285.0,254.0,324.0,651.0,591.0,658.0,305.0,368.0,532.0,483.0,243.0,673.0,1428.0,1771.0,586.0,554.0,628.0,760.0,1017.0,826.0,885.0,607.0,930.0,707.0,1289.0,2053.0,1830.0,806.0,728.0,503.0,616.0,569.0,643.0,110.0,315.0,175.0,223.0,748.0,642.0,514.0,2317.0,2055.0,2262.0,626.0,411.0,547.0,649.0,365.0,842.0,708.0,618.0,523.0,1101.0,760.0,419.0,358.0,466.0,288.0,1006.0,1173.0,1095.0,900.0,1419.0,932.0,1020.0,1333.0,1125.0,1405.0,725.0,1539.0,589.0,717.0,623.0,489.0,521.0,2246.0,1969.0,501.0,393.0,330.0,280.0,310.0,255.0,1373.0
IN_SBD,623.0,544.0,877.0,712.0,727.0,711.0,1727.0,1870.0,1789.0,2217.0,2092.0,2056.0,2153.0,2204.0,2165.0,1080.0,1318.0,801.0,1026.0,1134.0,1345.0,917.0,676.0,764.0,909.0,861.0,326.0,409.0,276.0,1649.0,201.0,93.0,105.0,380.0,186.0,242.0,270.0,321.0,90.0,66.0,138.0,1.0,217.0,815.0,369.0,326.0,256.0,960.0,917.0,902.0,827.0,611.0,1056.0,210.0,117.0,218.0,564.0,504.0,571.0,430.0,485.0,648.0,600.0,359.0,798.0,1341.0,1684.0,678.0,659.0,733.0,864.0,930.0,739.0,818.0,540.0,887.0,696.0,1406.0,1986.0,1822.0,726.0,718.0,444.0,561.0,513.0,589.0,248.0,255.0,250.0,155.0,864.0,758.0,450.0,2250.0,1988.0,2195.0,640.0,357.0,563.0,669.0,371.0,777.0,847.0,756.0,661.0,1007.0,668.0,562.0,495.0,591.0,430.0,1122.0,1297.0,1220.0,1025.0,1535.0,1056.0,1144.0,1457.0,1241.0,1529.0,850.0,1473.0,620.0,793.0,706.0,594.0,552.0,2159.0,1882.0,415.0,306.0,243.0,193.0,418.0,392.0,1306.0
IN_TER,451.0,372.0,706.0,541.0,533.0,510.0,1534.0,1677.0,1595.0,2124.0,1999.0,1963.0,2023.0,2211.0,2172.0,1005.0,1250.0,914.0,855.0,963.0,1174.0,746.0,505.0,593.0,758.0,689.0,361.0,443.0,347.0,1657.0,139.0,179.0,176.0,253.0,274.0,276.0,127.0,110.0,208.0,161.0,78.0,217.0,1.0,623.0,219.0,260.0,185.0,782.0,717.0,1015.0,939.0,660.0,1168.0,368.0,307.0,407.0,660.0,600.0,666.0,230.0,293.0,456.0,408.0,168.0,597.0,1436.0,1779.0,657.0,633.0,707.0,838.0,1026.0,834.0,826.0,574.0,1009.0,785.0,1214.0,1994.0,1755.0,885.0,806.0,582.0,695.0,648.0,722.0,186.0,394.0,253.0,305.0,673.0,566.0,597.0,2258.0,1996.0,2203.0,705.0,490.0,626.0,728.0,444.0,925.0,757.0,690.0,594.0,1068.0,728.0,391.0,429.0,390.0,260.0,930.0,1097.0,1020.0,825.0,1343.0,856.0,944.0,1257.0,1049.0,1329.0,649.0,1481.0,668.0,795.0,702.0,568.0,599.0,2254.0,1976.0,510.0,388.0,339.0,275.0,388.0,331.0,1314.0
KS_HUT,861.0,815.0,946.0,950.0,340.0,499.0,889.0,1032.0,970.0,1479.0,1354.0,1318.0,1378.0,1719.0,1680.0,461.0,706.0,1534.0,1317.0,1425.0,1636.0,1156.0,1006.0,1090.0,1255.0,1186.0,546.0,416.0,616.0,1164.0,617.0,750.0,715.0,446.0,703.0,585.0,548.0,632.0,828.0,756.0,699.0,815.0,623.0,1.0,743.0,804.0,729.0,914.0,597.0,1636.0,1560.0,1281.0,1789.0,989.0,902.0,1014.0,809.0,659.0,724.0,566.0,374.0,237.0,218.0,464.0,757.0,1006.0,1349.0,1176.0,1232.0,1306.0,1378.0,796.0,688.0,335.0,307.0,1630.0,1407.0,570.0,1501.0,1210.0,1506.0,1428.0,1203.0,1316.0,1268.0,1343.0,807.0,1015.0,875.0,926.0,210.0,225.0,1218.0,1765.0,1503.0,1710.0,1326.0,1111.0,1247.0,1349.0,1065.0,1546.0,1252.0,1209.0,1114.0,689.0,450.0,902.0,947.0,626.0,770.0,350.0,672.0,595.0,412.0,719.0,408.0,652.0,832.0,474.0,904.0,496.0,988.0,1289.0,1417.0,1323.0,1205.0,1220.0,1786.0,1547.0,744.0,849.0,708.0,789.0,1010.0,972.0,821.0
KY_BOW,256.0,177.0,511.0,345.0,591.0,411.0,1601.0,1744.0,1685.0,2191.0,2066.0,2030.0,2093.0,2330.0,2291.0,1124.0,1370.0,976.0,660.0,768.0,979.0,551.0,310.0,398.0,562.0,494.0,579.0,662.0,565.0,1776.0,358.0,410.0,421.0,420.0,502.0,495.0,306.0,111.0,350.0,381.0,227.0,369.0,219.0,743.0,1.0,152.0,114.0,595.0,619.0,1072.0,998.0,689.0,1225.0,473.0,486.0,547.0,880.0,820.0,887.0,227.0,411.0,566.0,526.0,279.0,476.0,1601.0,1944.0,442.0,498.0,572.0,644.0,1246.0,1055.0,944.0,713.0,1157.0,848.0,1281.0,2112.0,1850.0,958.0,869.0,655.0,768.0,721.0,796.0,217.0,467.0,318.0,413.0,740.0,675.0,702.0,2376.0,2114.0,2321.0,768.0,564.0,690.0,787.0,500.0,1030.0,572.0,474.0,379.0,1233.0,892.0,196.0,213.0,271.0,65.0,998.0,999.0,921.0,726.0,1370.0,758.0,845.0,1158.0,1081.0,1231.0,551.0,1599.0,698.0,733.0,640.0,446.0,592.0,2397.0,2141.0,731.0,622.0,559.0,509.0,327.0,277.0,1432.0
KY_LEX,404.0,325.0,659.0,493.0,705.0,559.0,1706.0,1848.0,1833.0,2295.0,2171.0,2135.0,2195.0,2391.0,2353.0,1185.0,1431.0,824.0,715.0,837.0,1049.0,652.0,380.0,468.0,584.0,564.0,581.0,663.0,567.0,1837.0,359.0,373.0,384.0,481.0,466.0,496.0,367.0,200.0,238.0,344.0,188.0,326.0,260.0,804.0,152.0,1.0,77.0,743.0,766.0,920.0,846.0,538.0,1073.0,344.0,436.0,418.0,844.0,784.0,850.0,332.0,472.0,627.0,588.0,340.0,624.0,1621.0,1964.0,398.0,419.0,493.0,625.0,1210.0,1018.0,1006.0,774.0,1005.0,697.0,1385.0,2174.0,1934.0,827.0,718.0,526.0,639.0,592.0,667.0,88.0,338.0,189.0,284.0,844.0,737.0,572.0,2438.0,2176.0,2383.0,616.0,435.0,538.0,635.0,371.0,901.0,530.0,431.0,335.0,1288.0,947.0,278.0,170.0,419.0,213.0,1101.0,1147.0,1069.0,874.0,1518.0,905.0,993.0,1306.0,1220.0,1378.0,699.0,1660.0,546.0,582.0,488.0,354.0,440.0,2439.0,2161.0,694.0,586.0,523.0,472.0,175.0,126.0,1494.0
KY_LOU,366.0,288.0,621.0,456.0,630.0,521.0,1631.0,1774.0,1692.0,2221.0,2096.0,2060.0,2120.0,2317.0,2278.0,1111.0,1356.0,860.0,770.0,878.0,1089.0,661.0,420.0,508.0,659.0,604.0,506.0,589.0,492.0,1762.0,284.0,297.0,307.0,406.0,389.0,422.0,293.0,126.0,237.0,267.0,114.0,256.0,185.0,729.0,114.0,77.0,1.0,705.0,728.0,953.0,885.0,609.0,1106.0,361.0,373.0,437.0,768.0,708.0,775.0,281.0,398.0,553.0,513.0,266.0,586.0,1545.0,1888.0,474.0,491.0,565.0,696.0,1134.0,943.0,931.0,700.0,970.0,730.0,1311.0,2100.0,1860.0,847.0,751.0,543.0,656.0,609.0,684.0,105.0,356.0,206.0,301.0,770.0,663.0,590.0,2364.0,2102.0,2309.0,649.0,452.0,570.0,672.0,388.0,918.0,601.0,506.0,411.0,1214.0,873.0,306.0,246.0,381.0,175.0,1027.0,1108.0,1031.0,836.0,1480.0,867.0,955.0,1268.0,1146.0,1340.0,661.0,1586.0,617.0,653.0,559.0,426.0,511.0,2363.0,2085.0,618.0,510.0,447.0,396.0,246.0,197.0,1419.0
LA_NEW,343.0,421.0,144.0,309.0,630.0,444.0,1470.0,1519.0,1405.0,2107.0,1891.0,1855.0,1813.0,2270.0,2228.0,1377.0,1623.0,1423.0,546.0,654.0,864.0,385.0,467.0,489.0,682.0,469.0,947.0,1008.0,1013.0,2081.0,838.0,923.0,904.0,800.0,971.0,944.0,751.0,682.0,941.0,923.0,818.0,960.0,782.0,914.0,595.0,743.0,705.0,1.0,327.0,1520.0,1445.0,1121.0,1672.0,1064.0,1069.0,1138.0,1358.0,1219.0,1285.0,565.0,791.0,714.0,907.0,676.0,186.0,1923.0,2266.0,716.0,803.0,878.0,867.0,1697.0,1453.0,1267.0,1093.0,1605.0,1296.0,1151.0,2166.0,1720.0,1427.0,1317.0,1247.0,1296.0,1313.0,1386.0,808.0,1059.0,909.0,1005.0,708.0,655.0,1293.0,2579.0,2420.0,2627.0,1216.0,1155.0,1138.0,1219.0,1091.0,1637.0,729.0,675.0,616.0,1614.0,1273.0,489.0,599.0,395.0,532.0,867.0,542.0,511.0,506.0,1090.0,539.0,348.0,698.0,851.0,693.0,397.0,1904.0,1087.0,1036.0,1004.0,857.0,1022.0,2703.0,2464.0,1208.0,1129.0,1036.0,1016.0,906.0,869.0,1738.0
LA_SHR,453.0,531.0,405.0,463.0,308.0,212.0,1153.0,1251.0,1137.0,1743.0,1623.0,1588.0,1545.0,1916.0,1866.0,980.0,1306.0,1532.0,808.0,916.0,1128.0,647.0,596.0,680.0,844.0,654.0,828.0,731.0,894.0,1764.0,719.0,858.0,839.0,681.0,852.0,823.0,650.0,651.0,922.0,858.0,793.0,917.0,717.0,597.0,619.0,766.0,728.0,327.0,1.0,1628.0,1554.0,1230.0,1781.0,1084.0,1005.0,1116.0,1125.0,975.0,1040.0,501.0,548.0,393.0,541.0,556.0,217.0,1606.0,1949.0,842.0,930.0,1004.0,1011.0,1336.0,1149.0,950.0,732.0,1713.0,1405.0,834.0,1849.0,1402.0,1535.0,1426.0,1270.0,1384.0,1337.0,1411.0,832.0,1083.0,933.0,1029.0,391.0,344.0,1313.0,2218.0,2103.0,2310.0,1324.0,1179.0,1247.0,1328.0,1115.0,1641.0,883.0,819.0,742.0,1252.0,911.0,598.0,707.0,346.0,558.0,550.0,405.0,328.0,188.0,823.0,222.0,243.0,565.0,534.0,588.0,71.0,1587.0,1196.0,1163.0,1130.0,966.0,1131.0,2385.0,2146.0,1060.0,1065.0,916.0,951.0,942.0,893.0,1420.0
MA_BOS,1178.0,1157.0,1427.0,1260.0,1546.0,1448.0,2546.0,2689.0,2608.0,3136.0,3011.0,2975.0,3035.0,3103.0,3064.0,1980.0,2218.0,110.0,1159.0,1356.0,1556.0,1320.0,1097.0,1127.0,1028.0,1199.0,1224.0,1307.0,1174.0,2547.0,1114.0,989.0,1003.0,1265.0,1083.0,1145.0,1145.0,1120.0,848.0,962.0,936.0,902.0,1015.0,1636.0,1072.0,920.0,953.0,1520.0,1628.0,1.0,91.0,403.0,161.0,818.0,949.0,905.0,1466.0,1406.0,1471.0,1242.0,1305.0,1469.0,1420.0,1174.0,1414.0,2243.0,2585.0,860.0,732.0,732.0,820.0,1831.0,1639.0,1719.0,1445.0,104.0,233.0,2226.0,2887.0,2723.0,170.0,219.0,458.0,360.0,393.0,312.0,849.0,663.0,763.0,764.0,1685.0,1579.0,550.0,3189.0,2890.0,3097.0,308.0,568.0,386.0,309.0,572.0,311.0,955.0,931.0,954.0,1910.0,1569.0,1033.0,922.0,1308.0,1101.0,1943.0,2036.0,1959.0,1764.0,2407.0,1795.0,1843.0,2196.0,2062.0,2189.0,1588.0,2373.0,459.0,571.0,555.0,676.0,498.0,3060.0,2782.0,1315.0,1207.0,1145.0,1094.0,747.0,798.0,2207.0
MA_SPR,1103.0,1083.0,1353.0,1186.0,1470.0,1374.0,2471.0,2613.0,2532.0,3060.0,2935.0,2900.0,2959.0,3027.0,2988.0,1904.0,2142.0,34.0,1085.0,1282.0,1481.0,1246.0,1023.0,1053.0,954.0,1125.0,1150.0,1232.0,1100.0,2472.0,1038.0,914.0,928.0,1189.0,1009.0,1069.0,1069.0,1044.0,773.0,887.0,860.0,827.0,939.0,1560.0,998.0,846.0,885.0,1445.0,1554.0,91.0,1.0,329.0,244.0,741.0,872.0,828.0,1389.0,1329.0,1394.0,1167.0,1230.0,1393.0,1345.0,1094.0,1340.0,2166.0,2509.0,786.0,658.0,658.0,746.0,1755.0,1562.0,1642.0,1368.0,162.0,159.0,2151.0,2811.0,2647.0,86.0,145.0,374.0,276.0,309.0,228.0,775.0,581.0,687.0,687.0,1610.0,1503.0,466.0,3112.0,2813.0,3020.0,235.0,484.0,312.0,235.0,497.0,304.0,881.0,858.0,880.0,1834.0,1492.0,959.0,849.0,1235.0,1027.0,1867.0,1962.0,1885.0,1690.0,2334.0,1721.0,1770.0,2122.0,1986.0,2115.0,1514.0,2298.0,385.0,497.0,481.0,602.0,424.0,2983.0,2706.0,1238.0,1130.0,1069.0,1017.0,674.0,724.0,2130.0
MD_BAL,779.0,759.0,991.0,824.0,1190.0,1050.0,2191.0,2334.0,2324.0,2781.0,2656.0,2620.0,2680.0,2813.0,2774.0,1662.0,1908.0,307.0,756.0,953.0,1152.0,916.0,661.0,724.0,625.0,795.0,935.0,1018.0,885.0,2258.0,759.0,700.0,714.0,910.0,795.0,893.0,790.0,753.0,559.0,673.0,581.0,611.0,660.0,1281.0,689.0,538.0,609.0,1121.0,1230.0,403.0,329.0,1.0,556.0,525.0,656.0,611.0,1173.0,1112.0,1179.0,867.0,946.0,1110.0,1062.0,813.0,1016.0,1950.0,2293.0,422.0,329.0,329.0,417.0,1538.0,1347.0,1468.0,1191.0,488.0,176.0,1867.0,2637.0,2408.0,327.0,191.0,364.0,244.0,337.0,332.0,497.0,372.0,399.0,471.0,1326.0,1220.0,462.0,2901.0,2639.0,2846.0,141.0,365.0,79.0,97.0,246.0,549.0,571.0,529.0,518.0,1615.0,1276.0,635.0,524.0,910.0,703.0,1584.0,1638.0,1561.0,1366.0,2009.0,1397.0,1445.0,1798.0,1703.0,1791.0,1190.0,2123.0,56.0,239.0,152.0,278.0,96.0,2767.0,2490.0,1023.0,905.0,851.0,792.0,362.0,412.0,1956.0
ME_AUG,1330.0,1310.0,1580.0,1413.0,1699.0,1601.0,2699.0,2842.0,2761.0,3216.0,3091.0,3055.0,3188.0,3203.0,3164.0,2080.0,2318.0,262.0,1312.0,1509.0,1708.0,1473.0,1250.0,1280.0,1181.0,1352.0,1378.0,1461.0,1328.0,2701.0,1267.0,1143.0,1156.0,1418.0,1237.0,1297.0,1298.0,1272.0,1002.0,1116.0,1089.0,1056.0,1168.0,1789.0,1225.0,1073.0,1106.0,1672.0,1781.0,161.0,244.0,556.0,1.0,969.0,1100.0,1056.0,1617.0,1557.0,1622.0,1395.0,1458.0,1622.0,1574.0,1299.0,1567.0,2394.0,2737.0,1013.0,885.0,885.0,973.0,1983.0,1791.0,1871.0,1596.0,140.0,386.0,2379.0,2987.0,2823.0,323.0,372.0,611.0,514.0,546.0,465.0,1002.0,816.0,916.0,915.0,1838.0,1732.0,582.0,3340.0,3041.0,3248.0,462.0,721.0,539.0,462.0,726.0,251.0,1111.0,1085.0,1107.0,2062.0,1720.0,1186.0,1076.0,1461.0,1254.0,2096.0,2189.0,2112.0,1917.0,2561.0,1948.0,1997.0,2349.0,2215.0,2342.0,1741.0,2473.0,612.0,724.0,708.0,829.0,651.0,3211.0,2934.0,1466.0,1358.0,1297.0,1245.0,901.0,951.0,2358.0
MI_DET,725.0,646.0,980.0,814.0,899.0,875.0,1900.0,2042.0,1961.0,2405.0,2280.0,2245.0,2341.0,2392.0,2353.0,1269.0,1507.0,715.0,1001.0,1180.0,1391.0,995.0,722.0,810.0,870.0,906.0,515.0,598.0,465.0,1838.0,390.0,281.0,293.0,568.0,375.0,433.0,458.0,473.0,166.0,253.0,285.0,210.0,368.0,989.0,473.0,344.0,361.0,1064.0,1084.0,818.0,741.0,525.0,969.0,1.0,157.0,103.0,755.0,695.0,762.0,594.0,657.0,820.0,772.0,532.0,945.0,1532.0,1875.0,629.0,610.0,684.0,815.0,1121.0,930.0,1009.0,731.0,801.0,611.0,1578.0,2177.0,2013.0,639.0,633.0,357.0,475.0,426.0,502.0,257.0,169.0,203.0,60.0,1037.0,931.0,238.0,2441.0,2179.0,2386.0,555.0,270.0,478.0,584.0,286.0,565.0,821.0,720.0,678.0,1198.0,859.0,620.0,512.0,739.0,533.0,1295.0,1462.0,1384.0,1189.0,1708.0,1221.0,1309.0,1622.0,1414.0,1694.0,1014.0,1664.0,535.0,708.0,621.0,545.0,467.0,2350.0,2072.0,605.0,497.0,434.0,384.0,366.0,330.0,1497.0
MI_RAP,738.0,659.0,993.0,827.0,812.0,796.0,1813.0,1955.0,1874.0,2302.0,2177.0,2141.0,2238.0,2289.0,2250.0,1166.0,1404.0,846.0,1132.0,1250.0,1461.0,1033.0,792.0,880.0,1001.0,976.0,412.0,495.0,362.0,1734.0,286.0,177.0,190.0,465.0,272.0,330.0,355.0,416.0,172.0,150.0,254.0,117.0,307.0,902.0,486.0,436.0,373.0,1069.0,1005.0,949.0,872.0,656.0,1100.0,157.0,1.0,134.0,652.0,592.0,658.0,517.0,572.0,735.0,687.0,446.0,885.0,1429.0,1772.0,751.0,732.0,806.0,937.0,1018.0,826.0,905.0,628.0,931.0,746.0,1493.0,2074.0,1910.0,770.0,767.0,488.0,605.0,557.0,633.0,348.0,299.0,326.0,187.0,952.0,845.0,362.0,2338.0,2076.0,2283.0,690.0,401.0,612.0,718.0,420.0,689.0,922.0,842.0,769.0,1095.0,755.0,680.0,604.0,678.0,548.0,1209.0,1385.0,1307.0,1112.0,1623.0,1144.0,1232.0,1545.0,1328.0,1617.0,937.0,1560.0,669.0,842.0,755.0,667.0,602.0,2246.0,1969.0,502.0,393.0,331.0,280.0,488.0,452.0,1393.0
MI_SAG,799.0,720.0,1054.0,888.0,924.0,908.0,1924.0,2067.0,1986.0,2414.0,2289.0,2253.0,2350.0,2401.0,2362.0,1277.0,1515.0,802.0,1087.0,1254.0,1465.0,1069.0,796.0,884.0,956.0,980.0,523.0,606.0,473.0,1846.0,398.0,289.0,302.0,577.0,383.0,441.0,467.0,511.0,202.0,262.0,324.0,218.0,407.0,1014.0,547.0,418.0,437.0,1138.0,1116.0,905.0,828.0,611.0,1056.0,103.0,134.0,1.0,621.0,703.0,770.0,629.0,683.0,846.0,799.0,552.0,996.0,1540.0,1883.0,704.0,685.0,759.0,890.0,1129.0,938.0,1017.0,739.0,887.0,698.0,1604.0,2185.0,2021.0,726.0,720.0,444.0,561.0,512.0,589.0,332.0,255.0,278.0,140.0,1063.0,957.0,288.0,2449.0,2187.0,2394.0,642.0,357.0,565.0,671.0,373.0,615.0,898.0,795.0,753.0,1206.0,867.0,695.0,587.0,789.0,608.0,1321.0,1496.0,1419.0,1224.0,1734.0,1255.0,1343.0,1656.0,1440.0,1728.0,1048.0,1671.0,622.0,795.0,708.0,620.0,554.0,2358.0,2080.0,613.0,445.0,442.0,391.0,441.0,405.0,1505.0
MN_DUL,1133.0,1054.0,1388.0,1222.0,820.0,1007.0,1697.0,1840.0,1778.0,2201.0,2076.0,2041.0,2137.0,2029.0,1990.0,1065.0,1303.0,1363.0,1537.0,1645.0,1856.0,1428.0,1187.0,1275.0,1426.0,1371.0,395.0,394.0,345.0,1357.0,521.0,469.0,475.0,548.0,394.0,423.0,607.0,769.0,632.0,505.0,651.0,564.0,660.0,809.0,880.0,844.0,768.0,1358.0,1125.0,1466.0,1389.0,1173.0,1617.0,755.0,652.0,621.0,1.0,154.0,144.0,799.0,664.0,742.0,587.0,679.0,1172.0,860.0,1203.0,1242.0,1203.0,1277.0,1409.0,448.0,252.0,803.0,526.0,1448.0,1259.0,1378.0,1810.0,1808.0,1287.0,1281.0,1005.0,1122.0,1073.0,1150.0,766.0,816.0,824.0,718.0,941.0,855.0,993.0,2020.0,1603.0,1744.0,1203.0,918.0,1126.0,1232.0,933.0,1030.0,1357.0,1274.0,1179.0,728.0,389.0,1073.0,1014.0,965.0,942.0,1199.0,1364.0,1286.0,1090.0,1527.0,1139.0,1329.0,1524.0,1318.0,1596.0,1054.0,1458.0,1183.0,1366.0,1272.0,1138.0,1115.0,1677.0,1400.0,155.0,331.0,331.0,396.0,959.0,910.0,1291.0
MN_MIN,1073.0,994.0,1222.0,1162.0,669.0,856.0,1547.0,1689.0,1627.0,2051.0,1926.0,1890.0,1987.0,2038.0,1999.0,914.0,1152.0,1303.0,1476.0,1584.0,1796.0,1367.0,1127.0,1215.0,1366.0,1311.0,277.0,243.0,256.0,1336.0,460.0,409.0,414.0,430.0,334.0,359.0,547.0,709.0,572.0,445.0,591.0,504.0,600.0,659.0,820.0,784.0,708.0,1219.0,975.0,1406.0,1329.0,1112.0,1557.0,695.0,592.0,703.0,154.0,1.0,67.0,661.0,514.0,592.0,437.0,544.0,1034.0,838.0,1181.0,1182.0,1144.0,1218.0,1349.0,427.0,235.0,653.0,375.0,1389.0,1200.0,1227.0,1821.0,1657.0,1228.0,1221.0,946.0,1063.0,1014.0,1091.0,706.0,757.0,764.0,658.0,791.0,705.0,933.0,1998.0,1581.0,1722.0,1144.0,858.0,1066.0,1172.0,874.0,1260.0,1298.0,1214.0,1119.0,574.0,235.0,1014.0,954.0,827.0,882.0,1048.0,1213.0,1136.0,940.0,1377.0,988.0,1179.0,1373.0,1167.0,1445.0,903.0,1308.0,1123.0,1306.0,1212.0,1079.0,1056.0,1656.0,1378.0,94.0,279.0,271.0,336.0,899.0,851.0,1141.0
MN_STC,1140.0,1061.0,1287.0,1229.0,735.0,922.0,1612.0,1755.0,1693.0,2028.0,1991.0,1956.0,2052.0,1948.0,1909.0,980.0,1218.0,1368.0,1543.0,1651.0,1862.0,1434.0,1194.0,1282.0,1433.0,1378.0,343.0,309.0,326.0,1276.0,527.0,476.0,481.0,496.0,400.0,424.0,613.0,776.0,639.0,512.0,658.0,571.0,666.0,724.0,887.0,850.0,775.0,1285.0,1040.0,1471.0,1394.0,1179.0,1622.0,762.0,658.0,770.0,144.0,67.0,1.0,727.0,580.0,658.0,503.0,613.0,1099.0,779.0,1122.0,1248.0,1210.0,1284.0,1415.0,367.0,176.0,718.0,441.0,1453.0,1266.0,1293.0,1729.0,1723.0,1292.0,1288.0,1010.0,1127.0,1079.0,1155.0,773.0,821.0,830.0,724.0,856.0,770.0,998.0,1939.0,1522.0,1663.0,1210.0,923.0,1133.0,1238.0,940.0,1324.0,1362.0,1281.0,1185.0,587.0,248.0,1080.0,1020.0,892.0,949.0,1114.0,1279.0,1201.0,1005.0,1442.0,1054.0,1245.0,1439.0,1233.0,1511.0,969.0,1373.0,1189.0,1372.0,1279.0,1145.0,1122.0,1596.0,1319.0,160.0,345.0,337.0,403.0,965.0,917.0,1207.0
MO_GIR,408.0,305.0,568.0,497.0,338.0,292.0,1413.0,1556.0,1566.0,2003.0,1878.0,1842.0,1902.0,2153.0,2114.0,947.0,1193.0,1141.0,807.0,915.0,1127.0,702.0,458.0,546.0,710.0,642.0,390.0,451.0,455.0,1599.0,281.0,371.0,352.0,243.0,414.0,387.0,211.0,141.0,434.0,371.0,305.0,430.0,230.0,566.0,227.0,332.0,281.0,565.0,501.0,1242.0,1167.0,867.0,1395.0,594.0,517.0,629.0,799.0,661.0,727.0,1.0,234.0,337.0,350.0,120.0,380.0,1425.0,1768.0,619.0,675.0,749.0,821.0,1140.0,896.0,768.0,536.0,1236.0,1012.0,1095.0,1936.0,1696.0,1112.0,1033.0,809.0,922.0,875.0,949.0,396.0,621.0,480.0,532.0,553.0,447.0,824.0,2200.0,1938.0,2145.0,932.0,717.0,853.0,955.0,671.0,1152.0,752.0,651.0,556.0,1057.0,716.0,344.0,390.0,173.0,213.0,811.0,880.0,802.0,607.0,1251.0,639.0,727.0,1040.0,930.0,1112.0,432.0,1423.0,877.0,914.0,821.0,648.0,771.0,2221.0,1965.0,651.0,576.0,479.0,463.0,506.0,457.0,1256.0
MO_JEF,630.0,551.0,794.0,719.0,283.0,346.0,1283.0,1426.0,1345.0,1873.0,1748.0,1712.0,1772.0,1961.0,1922.0,755.0,1000.0,1204.0,1034.0,1142.0,1353.0,925.0,684.0,772.0,936.0,868.0,277.0,275.0,347.0,1407.0,286.0,420.0,384.0,130.0,419.0,264.0,217.0,301.0,497.0,425.0,368.0,485.0,293.0,374.0,411.0,472.0,398.0,791.0,548.0,1305.0,1230.0,946.0,1458.0,657.0,572.0,683.0,664.0,514.0,580.0,234.0,1.0,205.0,157.0,127.0,607.0,1232.0,1575.0,845.0,901.0,975.0,1047.0,948.0,761.0,575.0,344.0,1299.0,1076.0,963.0,1744.0,1504.0,1175.0,1096.0,872.0,985.0,938.0,1012.0,476.0,684.0,544.0,595.0,422.0,315.0,887.0,2007.0,1745.0,1953.0,995.0,780.0,916.0,1018.0,734.0,1215.0,953.0,878.0,782.0,864.0,523.0,571.0,616.0,400.0,439.0,680.0,824.0,746.0,551.0,1093.0,578.0,790.0,984.0,799.0,1056.0,479.0,1230.0,958.0,1085.0,992.0,874.0,889.0,2028.0,1772.0,655.0,610.0,483.0,497.0,678.0,641.0,1063.0
MO_JOP,637.0,590.0,721.0,726.0,87.0,274.0,1080.0,1223.0,1141.0,1670.0,1545.0,1509.0,1569.0,1843.0,1793.0,700.0,946.0,1367.0,1092.0,1200.0,1411.0,931.0,782.0,865.0,1030.0,962.0,479.0,349.0,550.0,1411.0,449.0,583.0,547.0,334.0,582.0,518.0,380.0,456.0,661.0,588.0,532.0,648.0,456.0,237.0,566.0,627.0,553.0,714.0,393.0,1469.0,1393.0,1110.0,1622.0,820.0,735.0,846.0,742.0,592.0,658.0,337.0,205.0,1.0,158.0,285.0,533.0,1237.0,1580.0,924.0,980.0,1054.0,1126.0,952.0,766.0,580.0,348.0,1463.0,1240.0,761.0,1748.0,1329.0,1339.0,1261.0,1036.0,1149.0,1102.0,1176.0,640.0,848.0,708.0,759.0,219.0,113.0,1076.0,2012.0,1750.0,1957.0,1159.0,944.0,1080.0,1182.0,898.0,1404.0,1020.0,957.0,861.0,869.0,528.0,649.0,695.0,402.0,518.0,477.0,621.0,544.0,348.0,890.0,375.0,587.0,781.0,596.0,853.0,321.0,1235.0,1122.0,1220.0,1126.0,953.0,1053.0,2033.0,1777.0,676.0,775.0,648.0,661.0,846.0,797.0,1068.0
MO_KAN,745.0,666.0,909.0,834.0,236.0,422.0,1106.0,1248.0,1186.0,1742.0,1617.0,1581.0,1678.0,1801.0,1763.0,598.0,844.0,1319.0,1149.0,1257.0,1468.0,1040.0,799.0,887.0,1051.0,983.0,324.0,194.0,394.0,1247.0,402.0,535.0,500.0,224.0,481.0,363.0,332.0,417.0,613.0,541.0,483.0,600.0,408.0,218.0,526.0,588.0,513.0,907.0,541.0,1420.0,1345.0,1062.0,1574.0,772.0,687.0,799.0,587.0,437.0,503.0,350.0,157.0,158.0,1.0,248.0,722.0,1073.0,1416.0,960.0,1016.0,1090.0,1162.0,789.0,602.0,416.0,185.0,1414.0,1191.0,786.0,1585.0,1347.0,1290.0,1211.0,987.0,1100.0,1053.0,1127.0,591.0,799.0,659.0,710.0,349.0,244.0,1002.0,1849.0,1587.0,1794.0,1110.0,895.0,1031.0,1133.0,849.0,1330.0,1082.0,993.0,897.0,705.0,365.0,686.0,731.0,515.0,554.0,607.0,812.0,734.0,506.0,935.0,547.0,745.0,971.0,726.0,1043.0,469.0,1071.0,1073.0,1200.0,1107.0,989.0,1004.0,1869.0,1614.0,521.0,627.0,486.0,566.0,793.0,756.0,905.0
MO_STL,498.0,419.0,679.0,587.0,361.0,347.0,1362.0,1505.0,1431.0,1937.0,1827.0,1779.0,1851.0,2049.0,2009.0,846.0,1096.0,1072.0,901.0,1004.0,1221.0,754.0,552.0,640.0,800.0,732.0,288.0,349.0,319.0,1483.0,162.0,294.0,259.0,138.0,293.0,241.0,91.0,169.0,372.0,301.0,243.0,359.0,168.0,464.0,279.0,340.0,266.0,676.0,556.0,1174.0,1094.0,813.0,1299.0,532.0,446.0,552.0,679.0,544.0,613.0,120.0,127.0,285.0,248.0,1.0,491.0,1244.0,1575.0,713.0,766.0,801.0,907.0,973.0,782.0,666.0,433.0,1172.0,969.0,1043.0,1831.0,1596.0,1020.0,983.0,743.0,848.0,807.0,890.0,350.0,553.0,418.0,467.0,501.0,395.0,758.0,2092.0,1822.0,2045.0,897.0,655.0,811.0,914.0,601.0,1086.0,841.0,745.0,650.0,955.0,614.0,432.0,484.0,284.0,307.0,784.0,903.0,825.0,629.0,1173.0,657.0,782.0,1060.0,884.0,1136.0,488.0,1321.0,821.0,920.0,872.0,689.0,753.0,2049.0,1771.0,529.0,484.0,364.0,376.0,503.0,509.0,1151.0
MS_JAC,238.0,316.0,190.0,248.0,449.0,263.0,1370.0,1469.0,1355.0,1960.0,1841.0,1805.0,1763.0,2133.0,2083.0,1221.0,1467.0,1317.0,593.0,701.0,913.0,432.0,381.0,465.0,629.0,439.0,762.0,823.0,828.0,1925.0,653.0,739.0,719.0,616.0,786.0,758.0,566.0,493.0,802.0,738.0,673.0,798.0,597.0,757.0,476.0,624.0,586.0,186.0,217.0,1414.0,1340.0,1016.0,1567.0,945.0,885.0,996.0,1172.0,1034.0,1099.0,380.0,607.0,533.0,722.0,491.0,1.0,1796.0,2139.0,627.0,715.0,790.0,796.0,1512.0,1267.0,1139.0,908.0,1499.0,1190.0,1053.0,2068.0,1622.0,1321.0,1211.0,1128.0,1191.0,1195.0,1280.0,690.0,941.0,791.0,886.0,610.0,535.0,1175.0,2437.0,2309.0,2517.0,1110.0,1037.0,1032.0,1113.0,973.0,1503.0,669.0,604.0,528.0,1428.0,1087.0,384.0,493.0,209.0,416.0,769.0,637.0,547.0,407.0,1042.0,441.0,442.0,793.0,753.0,787.0,288.0,1794.0,981.0,948.0,916.0,751.0,916.0,2592.0,2336.0,1022.0,944.0,851.0,830.0,800.0,751.0,1627.0
MT_BIL,1820.0,1741.0,1984.0,1909.0,1314.0,1501.0,1068.0,1212.0,1444.0,1250.0,1238.0,1203.0,1299.0,1170.0,1131.0,552.0,659.0,2140.0,2224.0,2332.0,2543.0,2115.0,1874.0,1962.0,2126.0,2058.0,1065.0,994.0,1100.0,499.0,1298.0,1246.0,1252.0,1233.0,1171.0,1163.0,1353.0,1492.0,1409.0,1282.0,1428.0,1341.0,1436.0,1006.0,1601.0,1621.0,1545.0,1923.0,1606.0,2243.0,2166.0,1950.0,2394.0,1532.0,1429.0,1540.0,860.0,838.0,779.0,1425.0,1232.0,1237.0,1073.0,1244.0,1796.0,1.0,343.0,2019.0,1981.0,2055.0,2186.0,414.0,605.0,675.0,892.0,2226.0,2037.0,999.0,950.0,968.0,2065.0,2059.0,1783.0,1900.0,1851.0,1928.0,1544.0,1594.0,1601.0,1496.0,1220.0,1235.0,1770.0,1160.0,743.0,884.0,1981.0,1696.0,1904.0,2009.0,1711.0,2097.0,2078.0,2052.0,1956.0,372.0,717.0,1761.0,1791.0,1591.0,1630.0,963.0,1487.0,1604.0,1421.0,1187.0,1417.0,1662.0,1642.0,1087.0,1725.0,1505.0,550.0,1959.0,2143.0,2050.0,1916.0,1893.0,817.0,540.0,932.0,1116.0,1108.0,1174.0,1736.0,1688.0,401.0
MT_MIS,2163.0,2084.0,2327.0,2253.0,1657.0,1844.0,1040.0,1183.0,1299.0,1062.0,1210.0,1174.0,1271.0,982.0,943.0,896.0,805.0,2483.0,2567.0,2675.0,2886.0,2458.0,2217.0,2305.0,2470.0,2401.0,1408.0,1337.0,1443.0,470.0,1641.0,1590.0,1595.0,1576.0,1514.0,1506.0,1696.0,1835.0,1752.0,1625.0,1771.0,1684.0,1779.0,1349.0,1944.0,1964.0,1888.0,2266.0,1949.0,2585.0,2509.0,2293.0,2737.0,1875.0,1772.0,1883.0,1203.0,1181.0,1122.0,1768.0,1575.0,1580.0,1416.0,1575.0,2139.0,343.0,1.0,2362.0,2324.0,2398.0,2529.0,757.0,948.0,1018.0,1235.0,2569.0,2380.0,1141.0,764.0,942.0,2407.0,2401.0,2125.0,2243.0,2194.0,2270.0,1886.0,1936.0,1944.0,1838.0,1562.0,1577.0,2113.0,818.0,402.0,543.0,2324.0,2038.0,2246.0,2352.0,2054.0,2440.0,2409.0,2394.0,2299.0,715.0,1060.0,2104.0,2134.0,1934.0,1973.0,1306.0,1830.0,1947.0,1764.0,1385.0,1760.0,2004.0,1985.0,1429.0,2068.0,1848.0,524.0,2303.0,2486.0,2392.0,2259.0,2236.0,476.0,199.0,1274.0,1459.0,1451.0,1517.0,2079.0,2031.0,590.0
NC_CHA,393.0,474.0,575.0,408.0,937.0,757.0,1947.0,2094.0,1980.0,2537.0,2412.0,2376.0,2388.0,2710.0,2660.0,1558.0,1803.0,763.0,385.0,582.0,739.0,482.0,245.0,290.0,254.0,394.0,982.0,1065.0,968.0,2210.0,761.0,770.0,781.0,854.0,863.0,897.0,740.0,558.0,585.0,741.0,586.0,678.0,657.0,1176.0,442.0,398.0,474.0,716.0,842.0,860.0,786.0,422.0,1013.0,629.0,751.0,704.0,1242.0,1182.0,1248.0,619.0,845.0,924.0,960.0,713.0,627.0,2019.0,2362.0,1.0,94.0,168.0,199.0,1607.0,1416.0,1378.0,1147.0,946.0,637.0,1627.0,2547.0,2196.0,767.0,613.0,660.0,637.0,726.0,727.0,485.0,515.0,426.0,572.0,1086.0,1021.0,758.0,2811.0,2549.0,2756.0,557.0,568.0,479.0,519.0,448.0,978.0,199.0,93.0,102.0,1667.0,1327.0,341.0,231.0,617.0,409.0,1344.0,1234.0,1171.0,1031.0,1666.0,1065.0,1039.0,1390.0,1377.0,1384.0,897.0,2033.0,395.0,327.0,294.0,198.0,363.0,2836.0,2558.0,1091.0,983.0,920.0,869.0,264.0,316.0,1867.0
NC_GRE,480.0,521.0,663.0,496.0,992.0,812.0,2003.0,2145.0,2067.0,2592.0,2468.0,2432.0,2475.0,2765.0,2716.0,1614.0,1859.0,636.0,449.0,646.0,803.0,572.0,333.0,380.0,318.0,484.0,953.0,1036.0,914.0,2265.0,732.0,732.0,743.0,884.0,824.0,866.0,763.0,614.0,566.0,703.0,554.0,659.0,633.0,1232.0,498.0,419.0,491.0,803.0,930.0,732.0,658.0,329.0,885.0,610.0,732.0,685.0,1203.0,1144.0,1210.0,675.0,901.0,980.0,1016.0,766.0,715.0,1981.0,2324.0,94.0,1.0,77.0,209.0,1567.0,1376.0,1432.0,1165.0,818.0,506.0,1681.0,2600.0,2249.0,658.0,521.0,638.0,551.0,645.0,641.0,443.0,493.0,405.0,551.0,1139.0,1074.0,736.0,2864.0,2602.0,2809.0,471.0,547.0,393.0,427.0,426.0,892.0,249.0,183.0,189.0,1644.0,1305.0,394.0,284.0,670.0,462.0,1397.0,1320.0,1257.0,1118.0,1752.0,1152.0,1126.0,1476.0,1463.0,1471.0,950.0,2087.0,304.0,236.0,203.0,99.0,277.0,2796.0,2518.0,1051.0,943.0,880.0,829.0,242.0,294.0,1920.0
NC_RAL,555.0,595.0,737.0,570.0,1066.0,886.0,2077.0,2219.0,2142.0,2666.0,2542.0,2506.0,2550.0,2840.0,2790.0,1688.0,1933.0,636.0,454.0,651.0,808.0,614.0,407.0,422.0,323.0,493.0,1027.0,1110.0,988.0,2339.0,806.0,806.0,817.0,958.0,898.0,942.0,837.0,688.0,640.0,777.0,628.0,733.0,707.0,1306.0,572.0,493.0,565.0,878.0,1004.0,732.0,658.0,329.0,885.0,684.0,806.0,759.0,1277.0,1218.0,1284.0,749.0,975.0,1054.0,1090.0,801.0,790.0,2055.0,2398.0,168.0,77.0,1.0,132.0,1643.0,1452.0,1508.0,1241.0,817.0,505.0,1757.0,2676.0,2325.0,656.0,520.0,657.0,559.0,653.0,647.0,519.0,569.0,481.0,627.0,1215.0,1150.0,755.0,2940.0,2678.0,2885.0,470.0,623.0,394.0,426.0,502.0,879.0,248.0,226.0,264.0,1720.0,1381.0,470.0,360.0,746.0,538.0,1473.0,1395.0,1332.0,1193.0,1827.0,1227.0,1201.0,1551.0,1538.0,1546.0,1026.0,2163.0,278.0,184.0,157.0,165.0,318.0,2872.0,2594.0,1127.0,1019.0,956.0,905.0,318.0,370.0,1996.0
NC_WIL,562.0,643.0,726.0,559.0,1113.0,933.0,2123.0,2262.0,2148.0,2713.0,2588.0,2552.0,2556.0,2886.0,2836.0,1760.0,2005.0,723.0,421.0,618.0,775.0,582.0,404.0,390.0,290.0,461.0,1159.0,1241.0,1120.0,2411.0,937.0,937.0,948.0,1055.0,1030.0,1074.0,942.0,760.0,771.0,908.0,760.0,864.0,838.0,1378.0,644.0,625.0,696.0,867.0,1011.0,820.0,746.0,417.0,973.0,815.0,937.0,890.0,1409.0,1349.0,1415.0,821.0,1047.0,1126.0,1162.0,907.0,796.0,2186.0,2529.0,199.0,209.0,132.0,1.0,1774.0,1583.0,1580.0,1349.0,906.0,593.0,1802.0,2749.0,2371.0,745.0,608.0,746.0,648.0,741.0,735.0,651.0,700.0,612.0,758.0,1261.0,1196.0,843.0,3012.0,2750.0,2958.0,558.0,726.0,483.0,514.0,607.0,967.0,180.0,195.0,294.0,1851.0,1512.0,525.0,432.0,794.0,610.0,1519.0,1385.0,1353.0,1199.0,1833.0,1233.0,1190.0,1541.0,1544.0,1535.0,1072.0,2235.0,367.0,272.0,261.0,296.0,407.0,3003.0,2725.0,1258.0,1150.0,1087.0,1037.0,450.0,501.0,2068.0
ND_BIS,1499.0,1420.0,1700.0,1588.0,1030.0,1217.0,1469.0,1612.0,1595.0,1664.0,1652.0,1616.0,1713.0,1583.0,1544.0,704.0,942.0,1729.0,1902.0,2010.0,2222.0,1793.0,1553.0,1641.0,1792.0,1737.0,702.0,668.0,685.0,912.0,886.0,835.0,840.0,855.0,760.0,784.0,973.0,1135.0,998.0,871.0,1017.0,930.0,1026.0,796.0,1246.0,1210.0,1134.0,1697.0,1336.0,1831.0,1755.0,1538.0,1983.0,1121.0,1018.0,1129.0,448.0,427.0,367.0,1140.0,948.0,952.0,789.0,973.0,1512.0,414.0,757.0,1607.0,1567.0,1643.0,1774.0,1.0,193.0,475.0,607.0,1814.0,1625.0,1151.0,1365.0,1384.0,1653.0,1647.0,1371.0,1488.0,1439.0,1516.0,1132.0,1182.0,1190.0,1084.0,1065.0,990.0,1358.0,1575.0,1159.0,1300.0,1569.0,1284.0,1492.0,1598.0,1299.0,1685.0,1722.0,1640.0,1545.0,340.0,433.0,1439.0,1379.0,1306.0,1308.0,940.0,1527.0,1449.0,1266.0,1339.0,1262.0,1507.0,1687.0,1063.0,1759.0,1264.0,966.0,1548.0,1732.0,1638.0,1504.0,1481.0,1233.0,956.0,520.0,704.0,696.0,762.0,1325.0,1276.0,758.0
ND_FAR,1308.0,1229.0,1455.0,1397.0,843.0,1030.0,1664.0,1806.0,1790.0,1855.0,1843.0,1807.0,1904.0,1774.0,1735.0,899.0,1137.0,1536.0,1711.0,1819.0,2030.0,1602.0,1362.0,1449.0,1601.0,1546.0,511.0,477.0,494.0,1103.0,695.0,644.0,649.0,664.0,568.0,592.0,781.0,944.0,806.0,680.0,826.0,739.0,834.0,688.0,1055.0,1018.0,943.0,1453.0,1149.0,1639.0,1562.0,1347.0,1791.0,930.0,826.0,938.0,252.0,235.0,176.0,896.0,761.0,766.0,602.0,782.0,1267.0,605.0,948.0,1416.0,1376.0,1452.0,1583.0,193.0,1.0,637.0,420.0,1622.0,1433.0,1344.0,1555.0,1573.0,1461.0,1455.0,1179.0,1296.0,1247.0,1324.0,940.0,990.0,998.0,892.0,877.0,802.0,1166.0,1765.0,1349.0,1490.0,1377.0,1092.0,1300.0,1405.0,1107.0,1493.0,1531.0,1448.0,1353.0,576.0,245.0,1247.0,1187.0,1060.0,1116.0,1135.0,1339.0,1262.0,1079.0,1396.0,1075.0,1319.0,1499.0,1254.0,1571.0,1076.0,1156.0,1356.0,1539.0,1446.0,1312.0,1289.0,1423.0,1145.0,328.0,512.0,504.0,570.0,1133.0,1084.0,948.0
NE_NPL,1163.0,1084.0,1327.0,1252.0,657.0,844.0,1028.0,1171.0,1154.0,1400.0,1275.0,1239.0,1336.0,1387.0,1348.0,264.0,502.0,1616.0,1567.0,1675.0,1886.0,1458.0,1217.0,1305.0,1469.0,1401.0,540.0,409.0,610.0,833.0,715.0,753.0,718.0,568.0,697.0,579.0,678.0,835.0,885.0,759.0,885.0,818.0,826.0,335.0,944.0,1006.0,931.0,1267.0,950.0,1719.0,1642.0,1468.0,1871.0,1009.0,905.0,1017.0,803.0,653.0,718.0,768.0,575.0,580.0,416.0,666.0,1139.0,675.0,1018.0,1378.0,1432.0,1508.0,1580.0,475.0,637.0,1.0,279.0,1701.0,1512.0,708.0,1170.0,1006.0,1540.0,1534.0,1258.0,1375.0,1326.0,1403.0,998.0,1069.0,1065.0,971.0,563.0,578.0,1245.0,1434.0,1172.0,1379.0,1456.0,1171.0,1379.0,1484.0,1186.0,1572.0,1497.0,1411.0,1315.0,346.0,399.0,1103.0,1149.0,933.0,972.0,467.0,1025.0,947.0,764.0,897.0,760.0,1005.0,1185.0,591.0,1257.0,848.0,656.0,1435.0,1607.0,1514.0,1380.0,1368.0,1454.0,1215.0,737.0,842.0,701.0,782.0,1200.0,1142.0,489.0
NE_OMA,932.0,853.0,1096.0,1021.0,426.0,613.0,1306.0,1448.0,1266.0,1678.0,1553.0,1517.0,1614.0,1665.0,1626.0,541.0,779.0,1342.0,1335.0,1444.0,1655.0,1227.0,986.0,1074.0,1238.0,1170.0,263.0,132.0,333.0,1110.0,438.0,476.0,440.0,337.0,420.0,302.0,447.0,603.0,608.0,481.0,607.0,540.0,574.0,307.0,713.0,774.0,700.0,1093.0,732.0,1445.0,1368.0,1191.0,1596.0,731.0,628.0,739.0,526.0,375.0,441.0,536.0,344.0,348.0,185.0,433.0,908.0,892.0,1235.0,1147.0,1165.0,1241.0,1349.0,607.0,420.0,279.0,1.0,1427.0,1236.0,985.0,1447.0,1282.0,1266.0,1257.0,984.0,1101.0,1052.0,1129.0,722.0,795.0,789.0,694.0,455.0,380.0,971.0,1710.0,1448.0,1656.0,1180.0,897.0,1102.0,1208.0,910.0,1298.0,1267.0,1181.0,1085.0,524.0,184.0,874.0,919.0,703.0,742.0,645.0,917.0,840.0,656.0,1014.0,652.0,897.0,1077.0,768.0,1149.0,661.0,933.0,1159.0,1331.0,1237.0,1104.0,1092.0,1710.0,1433.0,460.0,566.0,425.0,505.0,924.0,866.0,766.0
NH_BRI,1263.0,1242.0,1512.0,1345.0,1540.0,1533.0,2540.0,2683.0,2602.0,3099.0,2974.0,2938.0,3035.0,3086.0,3047.0,1963.0,2201.0,195.0,1244.0,1442.0,1641.0,1405.0,1182.0,1212.0,1114.0,1284.0,1209.0,1292.0,1160.0,2532.0,1084.0,974.0,988.0,1259.0,1068.0,1127.0,1139.0,1113.0,837.0,947.0,930.0,887.0,1009.0,1630.0,1157.0,1005.0,970.0,1605.0,1713.0,104.0,162.0,488.0,140.0,801.0,931.0,887.0,1448.0,1389.0,1453.0,1236.0,1299.0,1463.0,1414.0,1172.0,1499.0,2226.0,2569.0,946.0,818.0,817.0,906.0,1814.0,1622.0,1701.0,1427.0,1.0,318.0,2220.0,2870.0,2706.0,170.0,305.0,438.0,359.0,373.0,293.0,866.0,620.0,756.0,746.0,1678.0,1572.0,561.0,3171.0,2872.0,3079.0,394.0,523.0,471.0,394.0,658.0,229.0,1025.0,1017.0,1040.0,1892.0,1551.0,1118.0,1008.0,1394.0,1186.0,1936.0,2122.0,2044.0,1849.0,2493.0,1880.0,1929.0,2281.0,2055.0,2274.0,1674.0,2356.0,544.0,657.0,641.0,761.0,583.0,3042.0,2764.0,1297.0,1189.0,1127.0,1076.0,833.0,883.0,2189.0
NJ_ELI,954.0,933.0,1203.0,1036.0,1316.0,1225.0,2317.0,2460.0,2378.0,2907.0,2782.0,2746.0,2806.0,2898.0,2859.0,1774.0,2012.0,136.0,932.0,1129.0,1328.0,1093.0,873.0,900.0,801.0,972.0,1020.0,1103.0,970.0,2343.0,884.0,785.0,799.0,1036.0,880.0,937.0,916.0,867.0,644.0,758.0,707.0,696.0,785.0,1407.0,848.0,697.0,730.0,1296.0,1405.0,233.0,159.0,176.0,386.0,611.0,746.0,698.0,1259.0,1200.0,1266.0,1012.0,1076.0,1240.0,1191.0,969.0,1190.0,2037.0,2380.0,637.0,506.0,505.0,593.0,1625.0,1433.0,1512.0,1236.0,318.0,1.0,1996.0,2681.0,2517.0,160.0,23.0,375.0,227.0,330.0,243.0,625.0,457.0,528.0,557.0,1455.0,1348.0,476.0,2944.0,2682.0,2890.0,85.0,428.0,162.0,83.0,363.0,382.0,722.0,705.0,730.0,1702.0,1362.0,809.0,699.0,1085.0,877.0,1712.0,1812.0,1735.0,1540.0,2184.0,1571.0,1620.0,1972.0,1831.0,1965.0,1364.0,2167.0,233.0,345.0,329.0,452.0,274.0,2853.0,2576.0,1109.0,991.0,937.0,878.0,524.0,574.0,2000.0
NM_ALB,1243.0,1197.0,1239.0,1332.0,779.0,880.0,322.0,464.0,447.0,911.0,787.0,751.0,811.0,1085.0,1035.0,447.0,498.0,2125.0,1642.0,1751.0,1962.0,1482.0,1388.0,1472.0,1636.0,1568.0,1115.0,984.0,1185.0,836.0,1207.0,1340.0,1305.0,1015.0,1340.0,1154.0,1138.0,1214.0,1418.0,1346.0,1289.0,1406.0,1214.0,570.0,1281.0,1385.0,1311.0,1151.0,834.0,2226.0,2151.0,1867.0,2379.0,1578.0,1493.0,1604.0,1378.0,1227.0,1293.0,1095.0,963.0,761.0,786.0,1043.0,1053.0,999.0,1141.0,1627.0,1681.0,1757.0,1802.0,1151.0,1344.0,708.0,985.0,2220.0,1996.0,1.0,1017.0,571.0,2097.0,2019.0,1794.0,1907.0,1860.0,1934.0,1398.0,1606.0,1466.0,1517.0,543.0,648.0,1834.0,1386.0,1175.0,1382.0,1917.0,1702.0,1838.0,1940.0,1656.0,2162.0,1667.0,1612.0,1535.0,856.0,1107.0,1352.0,1398.0,1009.0,1220.0,288.0,817.0,707.0,648.0,266.0,624.0,891.0,971.0,322.0,1054.0,804.0,619.0,1887.0,1923.0,1829.0,1656.0,1822.0,1458.0,1338.0,1312.0,1533.0,1276.0,1419.0,1604.0,1555.0,813.0
NV_REN,2332.0,2253.0,2254.0,2421.0,1826.0,1895.0,697.0,772.0,888.0,299.0,515.0,550.0,635.0,218.0,179.0,1047.0,795.0,2785.0,2735.0,2843.0,3054.0,2626.0,2386.0,2474.0,2638.0,2570.0,1709.0,1578.0,1779.0,454.0,1884.0,1922.0,1886.0,1737.0,1866.0,1747.0,1847.0,2003.0,2054.0,1927.0,2053.0,1986.0,1994.0,1501.0,2112.0,2174.0,2100.0,2166.0,1849.0,2887.0,2811.0,2637.0,2987.0,2177.0,2074.0,2185.0,1810.0,1821.0,1729.0,1936.0,1744.0,1748.0,1585.0,1831.0,2068.0,950.0,764.0,2547.0,2600.0,2676.0,2749.0,1365.0,1555.0,1170.0,1447.0,2870.0,2681.0,1017.0,1.0,447.0,2720.0,2702.0,2437.0,2544.0,2508.0,2582.0,2166.0,2238.0,2234.0,2139.0,1559.0,1729.0,2412.0,305.0,589.0,579.0,2624.0,2339.0,2547.0,2653.0,2354.0,2740.0,2665.0,2579.0,2484.0,1175.0,1567.0,2272.0,2317.0,2102.0,2140.0,1304.0,1752.0,1779.0,1664.0,1201.0,1640.0,1945.0,1906.0,1338.0,1989.0,1820.0,518.0,2604.0,2776.0,2682.0,2548.0,2536.0,750.0,793.0,1905.0,2011.0,1870.0,1950.0,2369.0,2311.0,681.0
NV_VEG,1811.0,1765.0,1808.0,1900.0,1348.0,1449.0,251.0,292.0,408.0,395.0,270.0,235.0,332.0,568.0,519.0,748.0,506.0,2621.0,2211.0,2319.0,2530.0,2106.0,1956.0,2040.0,2205.0,2136.0,1544.0,1414.0,1615.0,495.0,1720.0,1757.0,1722.0,1571.0,1702.0,1584.0,1679.0,1763.0,1890.0,1763.0,1830.0,1822.0,1755.0,1210.0,1850.0,1934.0,1860.0,1720.0,1402.0,2723.0,2647.0,2408.0,2823.0,2013.0,1910.0,2021.0,1808.0,1657.0,1723.0,1696.0,1504.0,1329.0,1347.0,1596.0,1622.0,968.0,942.0,2196.0,2249.0,2325.0,2371.0,1384.0,1573.0,1006.0,1282.0,2706.0,2517.0,571.0,447.0,1.0,2556.0,2539.0,2274.0,2380.0,2345.0,2419.0,1939.0,2074.0,2006.0,1976.0,1111.0,1216.0,2249.0,870.0,842.0,1144.0,2458.0,2176.0,2379.0,2480.0,2196.0,2577.0,2233.0,2180.0,2104.0,1056.0,1404.0,1920.0,1966.0,1577.0,1788.0,856.0,1272.0,1299.0,1216.0,721.0,1193.0,1465.0,1427.0,890.0,1510.0,1372.0,419.0,2420.0,2491.0,2397.0,2225.0,2352.0,1125.0,1138.0,1742.0,1848.0,1706.0,1787.0,2141.0,2104.0,561.0
NY_ALB,1084.0,1064.0,1334.0,1167.0,1416.0,1355.0,2417.0,2559.0,2478.0,2950.0,2825.0,2789.0,2886.0,2937.0,2898.0,1814.0,2052.0,119.0,1084.0,1281.0,1480.0,1244.0,1004.0,1054.0,953.0,1158.0,1048.0,1131.0,998.0,2371.0,934.0,813.0,826.0,1136.0,907.0,967.0,1015.0,990.0,676.0,786.0,806.0,726.0,885.0,1506.0,958.0,827.0,847.0,1427.0,1535.0,170.0,86.0,327.0,323.0,639.0,770.0,726.0,1287.0,1228.0,1292.0,1112.0,1175.0,1339.0,1290.0,1020.0,1321.0,2065.0,2407.0,767.0,658.0,656.0,745.0,1653.0,1461.0,1540.0,1266.0,170.0,160.0,2097.0,2720.0,2556.0,1.0,161.0,290.0,193.0,225.0,145.0,743.0,497.0,633.0,585.0,1556.0,1449.0,383.0,3011.0,2711.0,2918.0,215.0,401.0,293.0,232.0,459.0,221.0,882.0,857.0,861.0,1732.0,1390.0,939.0,829.0,1215.0,1007.0,1813.0,1943.0,1865.0,1670.0,2226.0,1702.0,1750.0,2103.0,1932.0,2095.0,1495.0,2208.0,383.0,498.0,479.0,583.0,405.0,2881.0,2604.0,1136.0,1028.0,967.0,915.0,654.0,704.0,2028.0
NY_BRN,975.0,954.0,1182.0,1015.0,1337.0,1245.0,2338.0,2481.0,2399.0,2928.0,2803.0,2767.0,2827.0,2919.0,2881.0,1796.0,2034.0,123.0,947.0,1144.0,1343.0,1108.0,852.0,915.0,816.0,987.0,1042.0,1125.0,992.0,2365.0,905.0,807.0,820.0,1057.0,902.0,959.0,937.0,888.0,666.0,780.0,728.0,718.0,806.0,1428.0,869.0,718.0,751.0,1317.0,1426.0,219.0,145.0,191.0,372.0,633.0,767.0,720.0,1281.0,1221.0,1288.0,1033.0,1096.0,1261.0,1211.0,983.0,1211.0,2059.0,2401.0,613.0,521.0,520.0,608.0,1647.0,1455.0,1534.0,1257.0,305.0,23.0,2019.0,2702.0,2539.0,161.0,1.0,397.0,250.0,353.0,266.0,647.0,479.0,549.0,579.0,1476.0,1370.0,499.0,2967.0,2705.0,2912.0,106.0,451.0,184.0,97.0,389.0,384.0,740.0,719.0,709.0,1724.0,1385.0,830.0,720.0,1106.0,898.0,1734.0,1834.0,1756.0,1561.0,2205.0,1593.0,1641.0,1994.0,1853.0,1986.0,1386.0,2190.0,247.0,359.0,343.0,474.0,296.0,2876.0,2598.0,1131.0,1014.0,960.0,900.0,545.0,595.0,2023.0
NY_BUF,907.0,829.0,1162.0,997.0,1112.0,1062.0,2113.0,2256.0,2175.0,2667.0,2542.0,2507.0,2603.0,2654.0,2616.0,1531.0,1769.0,407.0,1041.0,1239.0,1438.0,1139.0,904.0,946.0,911.0,1050.0,766.0,849.0,716.0,2089.0,652.0,531.0,545.0,832.0,625.0,685.0,712.0,686.0,394.0,504.0,503.0,444.0,582.0,1203.0,655.0,526.0,543.0,1247.0,1270.0,458.0,374.0,364.0,611.0,357.0,488.0,444.0,1005.0,946.0,1010.0,809.0,872.0,1036.0,987.0,743.0,1128.0,1783.0,2125.0,660.0,638.0,657.0,746.0,1371.0,1179.0,1258.0,984.0,438.0,375.0,1794.0,2437.0,2274.0,290.0,397.0,1.0,149.0,75.0,150.0,440.0,194.0,330.0,304.0,1252.0,1145.0,99.0,2729.0,2429.0,2636.0,337.0,97.0,286.0,385.0,219.0,394.0,843.0,751.0,739.0,1450.0,1109.0,803.0,695.0,922.0,716.0,1509.0,1650.0,1572.0,1377.0,1923.0,1409.0,1497.0,1810.0,1628.0,1882.0,1202.0,1924.0,394.0,568.0,481.0,505.0,327.0,2599.0,2322.0,855.0,746.0,685.0,633.0,429.0,479.0,1747.0
NY_ELM,954.0,942.0,1204.0,1037.0,1226.0,1175.0,2226.0,2369.0,2288.0,2774.0,2649.0,2613.0,2715.0,2761.0,2722.0,1638.0,1876.0,288.0,986.0,1184.0,1383.0,1147.0,874.0,924.0,856.0,1028.0,884.0,966.0,834.0,2206.0,794.0,648.0,662.0,945.0,742.0,802.0,825.0,800.0,511.0,621.0,616.0,561.0,695.0,1316.0,768.0,639.0,656.0,1296.0,1384.0,360.0,276.0,244.0,514.0,475.0,605.0,561.0,1122.0,1063.0,1127.0,922.0,985.0,1149.0,1100.0,848.0,1191.0,1900.0,2243.0,637.0,551.0,559.0,648.0,1488.0,1296.0,1375.0,1101.0,359.0,227.0,1907.0,2544.0,2380.0,193.0,250.0,149.0,1.0,120.0,89.0,552.0,306.0,443.0,421.0,1365.0,1258.0,251.0,2846.0,2546.0,2753.0,190.0,210.0,164.0,238.0,273.0,341.0,787.0,727.0,731.0,1567.0,1225.0,809.0,699.0,1035.0,829.0,1622.0,1763.0,1685.0,1490.0,2036.0,1522.0,1620.0,1923.0,1741.0,1995.0,1315.0,2031.0,300.0,469.0,382.0,453.0,275.0,2716.0,2439.0,971.0,863.0,802.0,750.0,469.0,519.0,1864.0
NY_ROC,974.0,895.0,1228.0,1063.0,1179.0,1128.0,2179.0,2322.0,2241.0,2738.0,2613.0,2578.0,2675.0,2725.0,2687.0,1602.0,1840.0,342.0,1080.0,1277.0,1476.0,1241.0,971.0,1013.0,949.0,1117.0,835.0,918.0,785.0,2157.0,723.0,600.0,613.0,898.0,694.0,754.0,778.0,753.0,463.0,573.0,569.0,513.0,648.0,1268.0,721.0,592.0,609.0,1313.0,1337.0,393.0,309.0,337.0,546.0,426.0,557.0,512.0,1073.0,1014.0,1079.0,875.0,938.0,1102.0,1053.0,807.0,1195.0,1851.0,2194.0,726.0,645.0,653.0,741.0,1439.0,1247.0,1326.0,1052.0,373.0,330.0,1860.0,2508.0,2345.0,225.0,353.0,75.0,120.0,1.0,87.0,505.0,259.0,395.0,372.0,1318.0,1211.0,170.0,2797.0,2498.0,2705.0,292.0,163.0,258.0,340.0,284.0,331.0,879.0,816.0,804.0,1519.0,1177.0,869.0,761.0,988.0,782.0,1575.0,1715.0,1638.0,1443.0,1988.0,1474.0,1562.0,1875.0,1694.0,1947.0,1268.0,1995.0,393.0,562.0,475.0,546.0,368.0,2668.0,2391.0,923.0,815.0,754.0,702.0,495.0,545.0,1815.0
NY_SYR,1044.0,969.0,1293.0,1126.0,1253.0,1203.0,2254.0,2396.0,2315.0,2813.0,2688.0,2652.0,2749.0,2800.0,2761.0,1676.0,1914.0,261.0,1074.0,1271.0,1470.0,1235.0,963.0,1013.0,943.0,1117.0,911.0,994.0,861.0,2234.0,797.0,676.0,690.0,973.0,770.0,830.0,853.0,827.0,539.0,649.0,643.0,589.0,722.0,1343.0,796.0,667.0,684.0,1386.0,1411.0,312.0,228.0,332.0,465.0,502.0,633.0,589.0,1150.0,1091.0,1155.0,949.0,1012.0,1176.0,1127.0,890.0,1280.0,1928.0,2270.0,727.0,641.0,647.0,735.0,1516.0,1324.0,1403.0,1129.0,293.0,243.0,1934.0,2582.0,2419.0,145.0,266.0,150.0,89.0,87.0,1.0,580.0,334.0,470.0,449.0,1392.0,1286.0,244.0,2874.0,2574.0,2781.0,205.0,237.0,252.0,254.0,359.0,252.0,878.0,817.0,820.0,1595.0,1254.0,899.0,789.0,1062.0,856.0,1650.0,1790.0,1713.0,1518.0,2063.0,1549.0,1710.0,1950.0,1769.0,2022.0,1342.0,2070.0,388.0,512.0,470.0,542.0,364.0,2745.0,2467.0,1000.0,891.0,830.0,779.0,569.0,620.0,1892.0
OH_CIN,469.0,390.0,724.0,558.0,717.0,624.0,1718.0,1860.0,1779.0,2307.0,2183.0,2147.0,2206.0,2384.0,2345.0,1189.0,1434.0,755.0,801.0,924.0,1135.0,739.0,466.0,554.0,670.0,650.0,506.0,589.0,492.0,1829.0,285.0,295.0,305.0,437.0,387.0,422.0,316.0,248.0,179.0,265.0,110.0,248.0,186.0,807.0,217.0,88.0,105.0,808.0,832.0,849.0,775.0,497.0,1002.0,257.0,348.0,332.0,766.0,706.0,773.0,396.0,476.0,640.0,591.0,350.0,690.0,1544.0,1886.0,485.0,443.0,519.0,651.0,1132.0,940.0,998.0,722.0,866.0,625.0,1398.0,2166.0,1939.0,743.0,647.0,440.0,552.0,505.0,580.0,1.0,251.0,101.0,197.0,855.0,749.0,486.0,2429.0,2167.0,2375.0,545.0,347.0,466.0,567.0,284.0,814.0,616.0,517.0,421.0,1213.0,873.0,364.0,256.0,483.0,277.0,1113.0,1211.0,1133.0,938.0,1582.0,970.0,1058.0,1371.0,1232.0,1443.0,763.0,1652.0,508.0,607.0,514.0,380.0,439.0,2361.0,2083.0,616.0,508.0,445.0,394.0,200.0,151.0,1485.0
OH_CLE,720.0,641.0,975.0,809.0,925.0,874.0,1926.0,2068.0,1987.0,2468.0,2343.0,2307.0,2404.0,2455.0,2416.0,1332.0,1570.0,561.0,896.0,1093.0,1292.0,989.0,717.0,805.0,765.0,901.0,577.0,660.0,528.0,1900.0,452.0,342.0,356.0,644.0,436.0,496.0,524.0,499.0,205.0,315.0,315.0,255.0,394.0,1015.0,467.0,338.0,356.0,1059.0,1083.0,663.0,581.0,372.0,816.0,169.0,299.0,255.0,816.0,757.0,821.0,621.0,684.0,848.0,799.0,553.0,941.0,1594.0,1936.0,515.0,493.0,569.0,700.0,1182.0,990.0,1069.0,795.0,620.0,457.0,1606.0,2238.0,2074.0,497.0,479.0,194.0,306.0,259.0,334.0,251.0,1.0,142.0,115.0,1065.0,958.0,291.0,2540.0,2240.0,2447.0,400.0,102.0,322.0,428.0,132.0,578.0,712.0,606.0,594.0,1261.0,920.0,616.0,508.0,735.0,529.0,1322.0,1463.0,1385.0,1190.0,1736.0,1222.0,1309.0,1622.0,1441.0,1695.0,1015.0,1726.0,382.0,555.0,468.0,430.0,314.0,2410.0,2133.0,666.0,557.0,496.0,444.0,251.0,302.0,1558.0
OH_COL,570.0,491.0,825.0,659.0,784.0,725.0,1785.0,1928.0,1846.0,2375.0,2250.0,2214.0,2274.0,2451.0,2412.0,1256.0,1501.0,661.0,808.0,1005.0,1204.0,840.0,567.0,655.0,677.0,751.0,574.0,657.0,535.0,1897.0,352.0,352.0,363.0,504.0,445.0,490.0,384.0,343.0,157.0,323.0,175.0,250.0,253.0,875.0,318.0,189.0,206.0,909.0,933.0,763.0,687.0,399.0,916.0,203.0,326.0,278.0,824.0,764.0,830.0,480.0,544.0,708.0,659.0,418.0,791.0,1601.0,1944.0,426.0,405.0,481.0,612.0,1190.0,998.0,1065.0,789.0,756.0,528.0,1466.0,2234.0,2006.0,633.0,549.0,330.0,443.0,395.0,470.0,101.0,142.0,1.0,144.0,923.0,817.0,427.0,2497.0,2235.0,2443.0,446.0,238.0,368.0,469.0,185.0,714.0,629.0,517.0,454.0,1267.0,928.0,466.0,358.0,585.0,379.0,1181.0,1313.0,1235.0,1040.0,1594.0,1072.0,1159.0,1472.0,1300.0,1545.0,865.0,1720.0,409.0,569.0,475.0,342.0,341.0,2419.0,2141.0,674.0,566.0,503.0,452.0,163.0,135.0,1553.0
OH_TOL,666.0,587.0,920.0,755.0,836.0,820.0,1837.0,1979.0,1898.0,2369.0,2244.0,2208.0,2305.0,2356.0,2317.0,1233.0,1471.0,661.0,953.0,1120.0,1331.0,935.0,663.0,750.0,823.0,847.0,479.0,562.0,429.0,1802.0,354.0,244.0,257.0,532.0,339.0,396.0,422.0,410.0,103.0,217.0,223.0,155.0,305.0,926.0,413.0,284.0,301.0,1005.0,1029.0,764.0,687.0,471.0,915.0,60.0,187.0,140.0,718.0,658.0,724.0,532.0,595.0,759.0,710.0,467.0,886.0,1496.0,1838.0,572.0,551.0,627.0,758.0,1084.0,892.0,971.0,694.0,746.0,557.0,1517.0,2139.0,1976.0,585.0,579.0,304.0,421.0,372.0,449.0,197.0,115.0,144.0,1.0,974.0,868.0,292.0,2404.0,2142.0,2349.0,502.0,217.0,425.0,531.0,233.0,619.0,765.0,661.0,618.0,1161.0,822.0,561.0,453.0,680.0,474.0,1232.0,1399.0,1321.0,1126.0,1645.0,1158.0,1246.0,1559.0,1351.0,1631.0,951.0,1626.0,482.0,655.0,568.0,485.0,414.0,2313.0,2035.0,568.0,450.0,397.0,337.0,307.0,271.0,1460.0
OK_OKC,701.0,655.0,796.0,790.0,237.0,338.0,862.0,1005.0,924.0,1452.0,1327.0,1291.0,1351.0,1625.0,1575.0,674.0,919.0,1583.0,1156.0,1264.0,1475.0,995.0,846.0,930.0,1094.0,1026.0,678.0,547.0,748.0,1377.0,666.0,799.0,764.0,551.0,799.0,717.0,597.0,673.0,877.0,805.0,748.0,864.0,673.0,210.0,740.0,844.0,770.0,708.0,391.0,1685.0,1610.0,1326.0,1838.0,1037.0,952.0,1063.0,941.0,791.0,856.0,553.0,422.0,219.0,349.0,501.0,610.0,1220.0,1562.0,1086.0,1139.0,1215.0,1261.0,1065.0,877.0,563.0,455.0,1678.0,1455.0,543.0,1559.0,1111.0,1556.0,1476.0,1252.0,1365.0,1318.0,1392.0,855.0,1065.0,923.0,974.0,1.0,107.0,1292.0,1928.0,1715.0,1923.0,1376.0,1161.0,1297.0,1398.0,1114.0,1621.0,1125.0,1071.0,994.0,872.0,640.0,811.0,857.0,468.0,679.0,261.0,467.0,390.0,206.0,674.0,202.0,447.0,627.0,380.0,699.0,312.0,1200.0,1346.0,1382.0,1288.0,1115.0,1281.0,1998.0,1759.0,875.0,991.0,864.0,878.0,1063.0,1014.0,1033.0
OK_TUL,637.0,590.0,721.0,726.0,115.0,274.0,968.0,1110.0,1029.0,1557.0,1432.0,1397.0,1456.0,1730.0,1681.0,689.0,934.0,1477.0,1092.0,1200.0,1411.0,931.0,781.0,865.0,1030.0,962.0,592.0,462.0,662.0,1392.0,560.0,693.0,658.0,444.0,692.0,631.0,490.0,566.0,771.0,699.0,642.0,758.0,566.0,225.0,675.0,737.0,663.0,655.0,344.0,1579.0,1503.0,1220.0,1732.0,931.0,845.0,957.0,855.0,705.0,770.0,447.0,315.0,113.0,244.0,395.0,535.0,1235.0,1577.0,1021.0,1074.0,1150.0,1196.0,990.0,802.0,578.0,380.0,1572.0,1348.0,648.0,1729.0,1216.0,1449.0,1370.0,1145.0,1258.0,1211.0,1286.0,749.0,958.0,817.0,868.0,107.0,1.0,1186.0,2031.0,1730.0,1938.0,1270.0,1055.0,1191.0,1292.0,1008.0,1514.0,1069.0,1006.0,929.0,906.0,565.0,746.0,792.0,402.0,614.0,364.0,530.0,452.0,256.0,777.0,283.0,495.0,690.0,483.0,762.0,272.0,1215.0,1232.0,1316.0,1223.0,1050.0,1164.0,2013.0,1774.0,789.0,885.0,758.0,772.0,957.0,907.0,1048.0
ON_TOR,954.0,875.0,1209.0,1043.0,1153.0,1104.0,2153.0,2296.0,2215.0,2642.0,2518.0,2482.0,2579.0,2629.0,2591.0,1506.0,1744.0,499.0,1139.0,1336.0,1535.0,1223.0,951.0,1039.0,1008.0,1135.0,754.0,837.0,704.0,2076.0,627.0,525.0,532.0,806.0,613.0,665.0,695.0,702.0,396.0,492.0,514.0,450.0,597.0,1218.0,702.0,572.0,590.0,1293.0,1313.0,550.0,466.0,462.0,582.0,238.0,362.0,288.0,993.0,933.0,998.0,824.0,887.0,1076.0,1002.0,758.0,1175.0,1770.0,2113.0,758.0,736.0,755.0,843.0,1358.0,1166.0,1245.0,971.0,561.0,476.0,1834.0,2412.0,2249.0,383.0,499.0,99.0,251.0,170.0,244.0,486.0,291.0,427.0,292.0,1292.0,1186.0,,2709.0,2409.0,2616.0,439.0,195.0,389.0,487.0,317.0,,942.0,849.0,837.0,1430.0,1089.0,850.0,742.0,968.0,762.0,1524.0,1691.0,1614.0,1419.0,1937.0,1450.0,1538.0,1851.0,1643.0,1923.0,1243.0,1900.0,493.0,666.0,579.0,603.0,425.0,2580.0,2302.0,835.0,726.0,665.0,614.0,528.0,578.0,1727.0
OR_MED,2627.0,2581.0,2700.0,2716.0,2163.0,2264.0,1066.0,1060.0,1176.0,477.0,690.0,725.0,810.0,363.0,355.0,1311.0,1097.0,3086.0,3102.0,3210.0,3421.0,2941.0,2649.0,2737.0,2902.0,2834.0,1972.0,1842.0,2043.0,608.0,2147.0,2185.0,2150.0,2000.0,2130.0,2011.0,2110.0,2267.0,2318.0,2191.0,2317.0,2250.0,2258.0,1765.0,2376.0,2438.0,2364.0,2579.0,2218.0,3189.0,3112.0,2901.0,3340.0,2441.0,2338.0,2449.0,2020.0,1998.0,1939.0,2200.0,2007.0,2012.0,1849.0,2092.0,2437.0,1160.0,818.0,2811.0,2864.0,2940.0,3012.0,1575.0,1765.0,1434.0,1710.0,3171.0,2944.0,1386.0,305.0,870.0,3011.0,2967.0,2729.0,2846.0,2797.0,2874.0,2429.0,2540.0,2497.0,2404.0,1928.0,2031.0,2709.0,1.0,484.0,275.0,2888.0,2640.0,2811.0,2917.0,2619.0,3042.0,2925.0,2843.0,2748.0,1532.0,1877.0,2536.0,2581.0,2392.0,2405.0,1672.0,2040.0,2068.0,2032.0,1490.0,2008.0,2233.0,2195.0,1705.0,2278.0,2188.0,819.0,2868.0,3040.0,2946.0,2812.0,2800.0,446.0,621.0,2092.0,2276.0,2268.0,2334.0,2633.0,2575.0,945.0
OR_PEN,2334.0,2255.0,2451.0,2423.0,1828.0,2004.0,1074.0,1217.0,1333.0,848.0,1061.0,999.0,1096.0,733.0,726.0,1049.0,839.0,2787.0,2737.0,2845.0,3056.0,2628.0,2387.0,2475.0,2640.0,2572.0,1710.0,1580.0,1781.0,346.0,1885.0,1923.0,1888.0,1738.0,1867.0,1748.0,1848.0,2005.0,2056.0,1929.0,2055.0,1988.0,1996.0,1503.0,2114.0,2176.0,2102.0,2420.0,2103.0,2890.0,2813.0,2639.0,3041.0,2179.0,2076.0,2187.0,1603.0,1581.0,1522.0,1938.0,1745.0,1750.0,1587.0,1822.0,2309.0,743.0,402.0,2549.0,2602.0,2678.0,2750.0,1159.0,1349.0,1172.0,1448.0,2872.0,2682.0,1175.0,589.0,842.0,2711.0,2705.0,2429.0,2546.0,2498.0,2574.0,2167.0,2240.0,2235.0,2142.0,1715.0,1730.0,2409.0,484.0,1.0,208.0,2625.0,2340.0,2548.0,2654.0,2355.0,2742.0,2655.0,2580.0,2485.0,1116.0,1461.0,2273.0,2318.0,2103.0,2141.0,1459.0,1969.0,1878.0,1917.0,1418.0,1913.0,2157.0,2123.0,1493.0,2206.0,2001.0,557.0,2604.0,2777.0,2683.0,2549.0,2537.0,284.0,205.0,1676.0,1860.0,1852.0,1918.0,2370.0,2312.0,682.0
OR_POR,2541.0,2462.0,2658.0,2630.0,2035.0,2211.0,1340.0,1334.0,1450.0,751.0,964.0,999.0,1084.0,637.0,629.0,1256.0,1046.0,2994.0,2944.0,3052.0,3264.0,2835.0,2595.0,2683.0,2847.0,2779.0,1918.0,1787.0,1988.0,553.0,2093.0,2131.0,2095.0,1946.0,2055.0,1957.0,2056.0,2212.0,2263.0,2136.0,2262.0,2195.0,2203.0,1710.0,2321.0,2383.0,2309.0,2627.0,2310.0,3097.0,3020.0,2846.0,3248.0,2386.0,2283.0,2394.0,1744.0,1722.0,1663.0,2145.0,1953.0,1957.0,1794.0,2045.0,2517.0,884.0,543.0,2756.0,2809.0,2885.0,2958.0,1300.0,1490.0,1379.0,1656.0,3079.0,2890.0,1382.0,579.0,1144.0,2918.0,2912.0,2636.0,2753.0,2705.0,2781.0,2375.0,2447.0,2443.0,2349.0,1923.0,1938.0,2616.0,275.0,208.0,1.0,2834.0,2548.0,2757.0,2863.0,2565.0,2950.0,2863.0,2789.0,2694.0,1258.0,1604.0,2482.0,2527.0,2312.0,2351.0,1668.0,2178.0,2088.0,2126.0,1627.0,2122.0,2367.0,2333.0,1702.0,2415.0,2210.0,766.0,2814.0,2986.0,2892.0,2758.0,2746.0,173.0,348.0,1818.0,2002.0,1995.0,2060.0,2579.0,2521.0,891.0
PA_ALL,874.0,853.0,1123.0,956.0,1236.0,1144.0,2237.0,2379.0,2298.0,2826.0,2702.0,2666.0,2725.0,2841.0,2803.0,1708.0,1953.0,212.0,897.0,1094.0,1293.0,1058.0,793.0,843.0,766.0,947.0,964.0,1047.0,914.0,2287.0,804.0,729.0,743.0,956.0,824.0,879.0,835.0,787.0,588.0,702.0,626.0,640.0,705.0,1326.0,768.0,616.0,649.0,1216.0,1324.0,308.0,235.0,141.0,462.0,555.0,690.0,642.0,1203.0,1144.0,1210.0,932.0,995.0,1159.0,1110.0,897.0,1110.0,1981.0,2324.0,557.0,471.0,470.0,558.0,1569.0,1377.0,1456.0,1180.0,394.0,85.0,1917.0,2624.0,2458.0,215.0,106.0,337.0,190.0,292.0,205.0,545.0,400.0,446.0,502.0,1376.0,1270.0,439.0,2888.0,2625.0,2834.0,1.0,370.0,81.0,61.0,282.0,438.0,691.0,646.0,649.0,1644.0,1304.0,728.0,618.0,1003.0,796.0,1631.0,1731.0,1654.0,1459.0,2103.0,1490.0,1539.0,1891.0,1750.0,1884.0,1283.0,2109.0,198.0,320.0,290.0,371.0,193.0,2795.0,2518.0,1051.0,933.0,879.0,820.0,443.0,493.0,1942.0
PA_ERI,816.0,737.0,1071.0,905.0,1021.0,971.0,2022.0,2164.0,2083.0,2569.0,2444.0,2409.0,2511.0,2556.0,2517.0,1433.0,1671.0,496.0,949.0,1147.0,1346.0,1047.0,804.0,855.0,819.0,959.0,679.0,762.0,629.0,2001.0,589.0,444.0,457.0,741.0,538.0,598.0,621.0,595.0,307.0,417.0,411.0,357.0,490.0,1111.0,564.0,435.0,452.0,1155.0,1179.0,568.0,484.0,365.0,721.0,270.0,401.0,357.0,918.0,858.0,923.0,717.0,780.0,944.0,895.0,655.0,1037.0,1696.0,2038.0,568.0,547.0,623.0,726.0,1284.0,1092.0,1171.0,897.0,523.0,428.0,1702.0,2339.0,2176.0,401.0,451.0,97.0,210.0,163.0,237.0,347.0,102.0,238.0,217.0,1161.0,1055.0,195.0,2640.0,2340.0,2548.0,370.0,1.0,295.0,401.0,127.0,481.0,764.0,659.0,647.0,1363.0,1022.0,713.0,604.0,831.0,625.0,1419.0,1559.0,1481.0,1287.0,1832.0,1318.0,1406.0,1719.0,1538.0,1791.0,1111.0,1827.0,378.0,551.0,464.0,458.0,311.0,2513.0,2235.0,768.0,659.0,598.0,547.0,338.0,388.0,1660.0
PA_HAR,796.0,775.0,1045.0,878.0,1157.0,1066.0,2158.0,2300.0,2219.0,2747.0,2623.0,2587.0,2647.0,2764.0,2725.0,1629.0,1874.0,289.0,821.0,1019.0,1218.0,982.0,715.0,765.0,691.0,869.0,887.0,970.0,837.0,2210.0,725.0,652.0,665.0,877.0,747.0,804.0,757.0,708.0,511.0,625.0,547.0,563.0,626.0,1247.0,690.0,538.0,570.0,1138.0,1247.0,386.0,312.0,79.0,539.0,478.0,612.0,565.0,1126.0,1066.0,1133.0,853.0,916.0,1080.0,1031.0,811.0,1032.0,1904.0,2246.0,479.0,393.0,394.0,483.0,1492.0,1300.0,1379.0,1102.0,471.0,162.0,1838.0,2547.0,2379.0,293.0,184.0,286.0,164.0,258.0,252.0,466.0,322.0,368.0,425.0,1297.0,1191.0,389.0,2811.0,2548.0,2757.0,81.0,295.0,1.0,106.0,204.0,504.0,630.0,569.0,573.0,1569.0,1230.0,651.0,541.0,927.0,719.0,1553.0,1655.0,1577.0,1382.0,2026.0,1414.0,1462.0,1815.0,1672.0,1807.0,1207.0,2035.0,131.0,305.0,218.0,294.0,116.0,2721.0,2443.0,976.0,859.0,805.0,745.0,366.0,416.0,1868.0
PA_PHI,877.0,856.0,1089.0,922.0,1259.0,1148.0,2259.0,2402.0,2321.0,2849.0,2724.0,2688.0,2748.0,2870.0,2831.0,1730.0,1976.0,213.0,853.0,1051.0,1250.0,1014.0,758.0,821.0,723.0,893.0,993.0,1076.0,943.0,2316.0,827.0,758.0,771.0,978.0,853.0,910.0,858.0,809.0,616.0,730.0,649.0,669.0,728.0,1349.0,787.0,635.0,672.0,1219.0,1328.0,309.0,235.0,97.0,462.0,584.0,718.0,671.0,1232.0,1172.0,1238.0,955.0,1018.0,1182.0,1133.0,914.0,1113.0,2009.0,2352.0,519.0,427.0,426.0,514.0,1598.0,1405.0,1484.0,1208.0,394.0,83.0,1940.0,2653.0,2480.0,232.0,97.0,385.0,238.0,340.0,254.0,567.0,428.0,469.0,531.0,1398.0,1292.0,487.0,2917.0,2654.0,2863.0,61.0,401.0,106.0,1.0,305.0,455.0,647.0,626.0,616.0,1675.0,1336.0,732.0,622.0,1008.0,800.0,1654.0,1736.0,1658.0,1463.0,2107.0,1495.0,1543.0,1896.0,1773.0,1888.0,1288.0,2140.0,154.0,269.0,250.0,376.0,196.0,2827.0,2549.0,1082.0,965.0,911.0,851.0,463.0,513.0,1974.0
PA_PIT,752.0,673.0,1000.0,835.0,975.0,907.0,1975.0,2118.0,2037.0,2565.0,2440.0,2404.0,2464.0,2572.0,2533.0,1446.0,1692.0,471.0,829.0,1026.0,1225.0,926.0,684.0,734.0,698.0,838.0,695.0,777.0,644.0,2017.0,543.0,459.0,473.0,694.0,554.0,611.0,574.0,525.0,319.0,432.0,365.0,371.0,444.0,1065.0,500.0,371.0,388.0,1091.0,1115.0,572.0,497.0,246.0,726.0,286.0,420.0,373.0,933.0,874.0,940.0,671.0,734.0,898.0,849.0,601.0,973.0,1711.0,2054.0,448.0,426.0,502.0,607.0,1299.0,1107.0,1186.0,910.0,658.0,363.0,1656.0,2354.0,2196.0,459.0,389.0,219.0,273.0,284.0,359.0,284.0,132.0,185.0,233.0,1114.0,1008.0,317.0,2619.0,2355.0,2565.0,282.0,127.0,204.0,305.0,1.0,604.0,639.0,539.0,526.0,1376.0,1037.0,603.0,493.0,765.0,559.0,1370.0,1493.0,1415.0,1220.0,1783.0,1252.0,1340.0,1653.0,1489.0,1725.0,1045.0,1842.0,256.0,429.0,342.0,337.0,188.0,2528.0,2250.0,783.0,666.0,612.0,552.0,228.0,278.0,1675.0
QC_MON,1295.0,1203.0,1545.0,1378.0,1481.0,1433.0,2482.0,2624.0,2543.0,2971.0,2846.0,2810.0,2907.0,2958.0,2919.0,1834.0,2072.0,337.0,1306.0,1503.0,1702.0,1467.0,1214.0,1265.0,1175.0,1368.0,1081.0,1164.0,1031.0,2403.0,955.0,852.0,859.0,1134.0,940.0,991.0,1024.0,1030.0,723.0,819.0,842.0,777.0,925.0,1546.0,1030.0,901.0,918.0,1637.0,1641.0,311.0,304.0,549.0,251.0,565.0,689.0,615.0,1030.0,1260.0,1324.0,1152.0,1215.0,1404.0,1330.0,1086.0,1503.0,2097.0,2440.0,978.0,892.0,879.0,967.0,1685.0,1493.0,1572.0,1298.0,229.0,382.0,2162.0,2740.0,2577.0,221.0,384.0,394.0,341.0,331.0,252.0,814.0,578.0,714.0,619.0,1621.0,1514.0,,3042.0,2742.0,2950.0,438.0,481.0,504.0,455.0,604.0,,1127.0,1070.0,1074.0,1756.0,1414.0,1152.0,1042.0,1298.0,1093.0,1854.0,2021.0,1944.0,1749.0,2268.0,1780.0,1868.0,2181.0,1973.0,2253.0,1573.0,2230.0,606.0,721.0,702.0,795.0,617.0,2905.0,2628.0,1160.0,1052.0,991.0,939.0,816.0,867.0,2052.0
SC_CHA,433.0,483.0,589.0,444.0,965.0,802.0,1986.0,2082.0,1996.0,2575.0,2450.0,2417.0,2404.0,2757.0,2699.0,1694.0,1927.0,858.0,237.0,422.0,582.0,348.0,289.0,263.0,109.0,277.0,1099.0,1179.0,1078.0,2317.0,884.0,892.0,894.0,972.0,986.0,1017.0,866.0,684.0,767.0,862.0,708.0,847.0,757.0,1252.0,572.0,530.0,601.0,729.0,883.0,955.0,881.0,571.0,1111.0,821.0,922.0,898.0,1357.0,1298.0,1362.0,752.0,953.0,1020.0,1082.0,841.0,669.0,2078.0,2409.0,199.0,249.0,248.0,180.0,1722.0,1531.0,1497.0,1267.0,1025.0,722.0,1667.0,2665.0,2233.0,882.0,740.0,843.0,787.0,879.0,878.0,616.0,712.0,629.0,765.0,1125.0,1069.0,942.0,2925.0,2655.0,2863.0,691.0,764.0,630.0,647.0,639.0,1127.0,1.0,104.0,201.0,1761.0,1436.0,409.0,362.0,665.0,541.0,1381.0,1247.0,1194.0,1070.0,1684.0,1101.0,1052.0,1368.0,1384.0,1398.0,908.0,2150.0,499.0,410.0,398.0,347.0,526.0,2968.0,2605.0,1207.0,1093.0,1038.0,983.0,471.0,519.0,1984.0
SC_COL,370.0,451.0,535.0,368.0,921.0,741.0,1932.0,2071.0,1957.0,2521.0,2396.0,2361.0,2364.0,2694.0,2645.0,1590.0,1835.0,835.0,288.0,485.0,642.0,391.0,213.0,198.0,157.0,302.0,1014.0,1097.0,1000.0,2242.0,793.0,803.0,813.0,886.0,895.0,929.0,772.0,591.0,667.0,773.0,618.0,756.0,690.0,1209.0,474.0,431.0,506.0,675.0,819.0,931.0,858.0,529.0,1085.0,720.0,842.0,795.0,1274.0,1214.0,1281.0,651.0,878.0,957.0,993.0,745.0,604.0,2052.0,2394.0,93.0,183.0,226.0,195.0,1640.0,1448.0,1411.0,1181.0,1017.0,705.0,1612.0,2579.0,2180.0,857.0,719.0,751.0,727.0,816.0,817.0,517.0,606.0,517.0,661.0,1071.0,1006.0,849.0,2843.0,2580.0,2789.0,646.0,659.0,569.0,626.0,539.0,1070.0,104.0,1.0,103.0,1700.0,1359.0,332.0,263.0,601.0,441.0,1326.0,1192.0,1160.0,1006.0,1640.0,1040.0,997.0,1348.0,1351.0,1342.0,879.0,2065.0,478.0,384.0,372.0,289.0,454.0,2868.0,2591.0,1124.0,1015.0,952.0,902.0,355.0,407.0,1899.0
SC_GRE,293.0,374.0,475.0,309.0,844.0,664.0,1855.0,1994.0,1880.0,2444.0,2320.0,2284.0,2288.0,2618.0,2568.0,1495.0,1740.0,858.0,387.0,584.0,741.0,409.0,145.0,193.0,256.0,320.0,919.0,1002.0,905.0,2147.0,698.0,707.0,718.0,791.0,800.0,834.0,677.0,495.0,572.0,678.0,523.0,661.0,594.0,1114.0,379.0,335.0,411.0,616.0,742.0,954.0,880.0,518.0,1107.0,678.0,769.0,753.0,1179.0,1119.0,1185.0,556.0,782.0,861.0,897.0,650.0,528.0,1956.0,2299.0,102.0,189.0,264.0,294.0,1545.0,1353.0,1315.0,1085.0,1040.0,730.0,1535.0,2484.0,2104.0,861.0,709.0,739.0,731.0,804.0,820.0,421.0,594.0,454.0,618.0,994.0,929.0,837.0,2748.0,2485.0,2694.0,649.0,647.0,573.0,616.0,526.0,1074.0,201.0,103.0,1.0,1605.0,1264.0,249.0,168.0,527.0,346.0,1252.0,1134.0,1071.0,932.0,1566.0,966.0,940.0,1290.0,1277.0,1285.0,805.0,1970.0,492.0,423.0,391.0,291.0,457.0,2773.0,2496.0,1028.0,920.0,857.0,807.0,358.0,336.0,1804.0
SD_RAP,1452.0,1373.0,1616.0,1541.0,946.0,1133.0,1175.0,1318.0,1301.0,1473.0,1324.0,1289.0,1386.0,1393.0,1354.0,410.0,648.0,1808.0,1856.0,1964.0,2175.0,1747.0,1506.0,1594.0,1758.0,1690.0,697.0,626.0,732.0,870.0,931.0,912.0,934.0,865.0,837.0,794.0,985.0,1124.0,1075.0,948.0,1101.0,1007.0,1068.0,689.0,1233.0,1288.0,1214.0,1614.0,1252.0,1910.0,1834.0,1615.0,2062.0,1198.0,1095.0,1206.0,728.0,574.0,587.0,1057.0,864.0,869.0,705.0,955.0,1428.0,372.0,715.0,1667.0,1644.0,1720.0,1851.0,340.0,576.0,346.0,524.0,1892.0,1702.0,856.0,1175.0,1056.0,1732.0,1724.0,1450.0,1567.0,1519.0,1595.0,1213.0,1261.0,1267.0,1161.0,872.0,906.0,1430.0,1532.0,1116.0,1258.0,1644.0,1363.0,1569.0,1675.0,1376.0,1756.0,1761.0,1700.0,1605.0,1.0,348.0,1392.0,1437.0,1222.0,1261.0,714.0,1333.0,1256.0,1073.0,1044.0,1069.0,1313.0,1493.0,837.0,1565.0,1179.0,671.0,1625.0,1809.0,1715.0,1581.0,1558.0,1189.0,912.0,663.0,837.0,774.0,839.0,1402.0,1357.0,504.0
SD_SXF,1112.0,1033.0,1276.0,1201.0,606.0,792.0,1426.0,1569.0,1552.0,1798.0,1673.0,1637.0,1734.0,1785.0,1746.0,661.0,899.0,1466.0,1515.0,1623.0,1834.0,1406.0,1165.0,1253.0,1418.0,1350.0,357.0,285.0,393.0,1215.0,591.0,573.0,593.0,525.0,497.0,453.0,644.0,783.0,736.0,609.0,760.0,668.0,728.0,450.0,892.0,947.0,873.0,1273.0,911.0,1569.0,1492.0,1276.0,1720.0,859.0,755.0,867.0,389.0,235.0,248.0,716.0,523.0,528.0,365.0,614.0,1087.0,717.0,1060.0,1327.0,1305.0,1381.0,1512.0,433.0,245.0,399.0,184.0,1551.0,1362.0,1107.0,1567.0,1404.0,1390.0,1385.0,1109.0,1225.0,1177.0,1254.0,873.0,920.0,928.0,822.0,640.0,565.0,1089.0,1877.0,1461.0,1604.0,1304.0,1022.0,1230.0,1336.0,1037.0,1414.0,1436.0,1359.0,1264.0,348.0,1.0,1052.0,1097.0,881.0,920.0,897.0,1102.0,1025.0,841.0,1159.0,837.0,1082.0,1262.0,1016.0,1334.0,839.0,1055.0,1288.0,1471.0,1377.0,1243.0,1220.0,1534.0,1257.0,325.0,499.0,436.0,501.0,1064.0,1017.0,888.0
TN_CHA,147.0,127.0,400.0,234.0,661.0,481.0,1671.0,1814.0,1736.0,2261.0,2136.0,2100.0,2144.0,2434.0,2385.0,1283.0,1528.0,936.0,467.0,575.0,786.0,390.0,117.0,205.0,370.0,301.0,725.0,787.0,744.0,1935.0,553.0,602.0,613.0,579.0,688.0,673.0,465.0,283.0,543.0,573.0,419.0,562.0,391.0,902.0,196.0,278.0,306.0,489.0,598.0,1033.0,959.0,635.0,1186.0,620.0,680.0,695.0,1073.0,1014.0,1080.0,344.0,571.0,649.0,686.0,432.0,384.0,1761.0,2104.0,341.0,394.0,470.0,525.0,1439.0,1247.0,1103.0,874.0,1118.0,809.0,1352.0,2272.0,1920.0,939.0,830.0,803.0,809.0,869.0,899.0,364.0,616.0,466.0,561.0,811.0,746.0,850.0,2536.0,2273.0,2482.0,728.0,713.0,651.0,732.0,603.0,1152.0,409.0,332.0,249.0,1392.0,1052.0,1.0,111.0,340.0,133.0,1067.0,1008.0,926.0,787.0,1421.0,821.0,813.0,1164.0,1132.0,1158.0,619.0,1757.0,600.0,636.0,542.0,370.0,535.0,2555.0,2299.0,922.0,813.0,751.0,700.0,419.0,380.0,1590.0
TN_KNO,257.0,236.0,509.0,343.0,707.0,527.0,1717.0,1860.0,1801.0,2307.0,2182.0,2146.0,2209.0,2480.0,2431.0,1328.0,1574.0,826.0,547.0,671.0,882.0,486.0,213.0,301.0,416.0,398.0,754.0,837.0,740.0,1980.0,533.0,542.0,553.0,624.0,635.0,668.0,510.0,329.0,407.0,513.0,358.0,495.0,429.0,947.0,213.0,170.0,246.0,599.0,707.0,922.0,849.0,524.0,1076.0,512.0,604.0,587.0,1014.0,954.0,1020.0,390.0,616.0,695.0,731.0,484.0,493.0,1791.0,2134.0,231.0,284.0,360.0,432.0,1379.0,1187.0,1149.0,919.0,1008.0,699.0,1398.0,2317.0,1966.0,829.0,720.0,695.0,699.0,761.0,789.0,256.0,508.0,358.0,453.0,857.0,792.0,742.0,2581.0,2318.0,2527.0,618.0,604.0,541.0,622.0,493.0,1042.0,362.0,263.0,168.0,1437.0,1097.0,111.0,1.0,387.0,180.0,1114.0,1115.0,1038.0,843.0,1486.0,874.0,922.0,1275.0,1197.0,1268.0,667.0,1804.0,490.0,526.0,432.0,260.0,425.0,2607.0,2330.0,863.0,754.0,691.0,641.0,309.0,273.0,1637.0
TN_MEM,234.0,188.0,397.0,323.0,318.0,138.0,1328.0,1471.0,1412.0,1918.0,1793.0,1757.0,1820.0,2091.0,2041.0,1090.0,1335.0,1212.0,690.0,798.0,1009.0,529.0,379.0,463.0,628.0,559.0,555.0,616.0,621.0,1764.0,446.0,532.0,512.0,408.0,579.0,551.0,359.0,285.0,595.0,531.0,466.0,591.0,390.0,626.0,271.0,419.0,381.0,395.0,346.0,1308.0,1235.0,910.0,1461.0,739.0,678.0,789.0,965.0,827.0,892.0,173.0,400.0,402.0,515.0,284.0,209.0,1591.0,1934.0,617.0,670.0,746.0,794.0,1306.0,1060.0,933.0,703.0,1394.0,1085.0,1009.0,2102.0,1577.0,1215.0,1106.0,922.0,1035.0,988.0,1062.0,483.0,735.0,585.0,680.0,468.0,402.0,968.0,2392.0,2103.0,2312.0,1003.0,831.0,927.0,1008.0,765.0,1298.0,665.0,601.0,527.0,1222.0,881.0,340.0,387.0,1.0,209.0,724.0,725.0,647.0,452.0,1096.0,484.0,572.0,885.0,807.0,957.0,277.0,1587.0,876.0,912.0,818.0,645.0,811.0,2385.0,2129.0,815.0,737.0,644.0,623.0,593.0,544.0,1420.0
TN_NAS,193.0,114.0,447.0,282.0,529.0,349.0,1540.0,1682.0,1624.0,2129.0,2004.0,1969.0,2031.0,2302.0,2253.0,1152.0,1397.0,1004.0,597.0,705.0,916.0,487.0,248.0,335.0,500.0,432.0,594.0,655.0,612.0,1803.0,422.0,471.0,482.0,447.0,557.0,543.0,334.0,152.0,411.0,442.0,288.0,430.0,260.0,770.0,65.0,213.0,175.0,532.0,558.0,1101.0,1027.0,703.0,1254.0,533.0,548.0,608.0,942.0,882.0,949.0,213.0,439.0,518.0,554.0,307.0,416.0,1630.0,1973.0,409.0,462.0,538.0,610.0,1308.0,1116.0,972.0,742.0,1186.0,877.0,1220.0,2140.0,1788.0,1007.0,898.0,716.0,829.0,782.0,856.0,277.0,529.0,379.0,474.0,679.0,614.0,762.0,2405.0,2141.0,2351.0,796.0,625.0,719.0,800.0,559.0,1093.0,541.0,441.0,346.0,1261.0,920.0,133.0,180.0,209.0,1.0,936.0,937.0,859.0,664.0,1308.0,696.0,784.0,1097.0,1019.0,1169.0,489.0,1627.0,668.0,704.0,610.0,438.0,603.0,2425.0,2169.0,792.0,683.0,621.0,570.0,388.0,338.0,1460.0
TX_AMA,959.0,913.0,955.0,1048.0,495.0,597.0,608.0,750.0,669.0,1197.0,1072.0,1037.0,1096.0,1370.0,1321.0,431.0,673.0,1841.0,1359.0,1467.0,1678.0,1198.0,1104.0,1188.0,1352.0,1284.0,935.0,805.0,1006.0,1121.0,924.0,1057.0,1022.0,808.0,1056.0,975.0,854.0,931.0,1135.0,1063.0,1006.0,1122.0,930.0,350.0,998.0,1101.0,1027.0,867.0,550.0,1943.0,1867.0,1584.0,2096.0,1295.0,1209.0,1321.0,1199.0,1048.0,1114.0,811.0,680.0,477.0,607.0,784.0,769.0,963.0,1306.0,1344.0,1397.0,1473.0,1519.0,940.0,1135.0,467.0,645.0,1936.0,1712.0,288.0,1304.0,856.0,1813.0,1734.0,1509.0,1622.0,1575.0,1650.0,1113.0,1322.0,1181.0,1232.0,261.0,364.0,1524.0,1672.0,1459.0,1668.0,1631.0,1419.0,1553.0,1654.0,1370.0,1854.0,1381.0,1326.0,1252.0,714.0,897.0,1067.0,1114.0,724.0,936.0,1.0,525.0,527.0,364.0,418.0,340.0,607.0,679.0,124.0,762.0,520.0,905.0,1603.0,1639.0,1545.0,1372.0,1538.0,1742.0,1503.0,1133.0,1249.0,1122.0,1135.0,1320.0,1271.0,777.0
TX_ANT,862.0,914.0,663.0,828.0,605.0,592.0,1025.0,980.0,866.0,1569.0,1352.0,1316.0,1274.0,1732.0,1689.0,956.0,1198.0,1940.0,1065.0,1173.0,1384.0,904.0,986.0,1008.0,1201.0,988.0,1101.0,970.0,1171.0,1631.0,1068.0,1238.0,1166.0,953.0,1201.0,1139.0,999.0,1031.0,1302.0,1238.0,1173.0,1297.0,1097.0,672.0,999.0,1147.0,1108.0,542.0,405.0,2036.0,1962.0,1638.0,2189.0,1462.0,1385.0,1496.0,1364.0,1213.0,1279.0,880.0,824.0,621.0,812.0,903.0,637.0,1487.0,1830.0,1234.0,1320.0,1395.0,1385.0,1527.0,1339.0,1025.0,917.0,2122.0,1812.0,817.0,1752.0,1272.0,1943.0,1834.0,1650.0,1763.0,1715.0,1790.0,1211.0,1463.0,1313.0,1399.0,467.0,530.0,1691.0,2040.0,1969.0,2178.0,1731.0,1559.0,1655.0,1736.0,1493.0,2021.0,1247.0,1192.0,1134.0,1333.0,1102.0,1008.0,1115.0,725.0,937.0,525.0,1.0,79.0,275.0,551.0,265.0,197.0,159.0,403.0,240.0,451.0,1413.0,1604.0,1555.0,1522.0,1374.0,1539.0,2252.0,2028.0,1298.0,1393.0,1266.0,1280.0,1322.0,1273.0,1302.0
TX_AUS,781.0,836.0,631.0,796.0,528.0,515.0,1026.0,1008.0,893.0,1596.0,1379.0,1344.0,1301.0,1759.0,1716.0,958.0,1200.0,1862.0,1033.0,1141.0,1352.0,872.0,924.0,976.0,1169.0,956.0,1023.0,893.0,1093.0,1540.0,991.0,1161.0,1089.0,875.0,1123.0,1062.0,921.0,953.0,1224.0,1161.0,1095.0,1220.0,1020.0,595.0,921.0,1069.0,1031.0,511.0,328.0,1959.0,1885.0,1561.0,2112.0,1384.0,1307.0,1419.0,1286.0,1136.0,1201.0,802.0,746.0,544.0,734.0,825.0,547.0,1604.0,1947.0,1171.0,1257.0,1332.0,1353.0,1449.0,1262.0,947.0,840.0,2044.0,1735.0,707.0,1779.0,1299.0,1865.0,1756.0,1572.0,1685.0,1638.0,1713.0,1133.0,1385.0,1235.0,1321.0,390.0,452.0,1614.0,2068.0,1878.0,2088.0,1654.0,1481.0,1577.0,1658.0,1415.0,1944.0,1194.0,1160.0,1071.0,1256.0,1025.0,926.0,1038.0,647.0,859.0,527.0,79.0,1.0,197.0,576.0,187.0,165.0,239.0,383.0,311.0,374.0,1323.0,1526.0,1490.0,1469.0,1296.0,1462.0,2162.0,2144.0,1220.0,1316.0,1189.0,1202.0,1244.0,1195.0,1418.0
TX_DAL,641.0,641.0,594.0,652.0,332.0,320.0,968.0,1068.0,954.0,1557.0,1440.0,1405.0,1362.0,1730.0,1681.0,794.0,1121.0,1667.0,997.0,1105.0,1316.0,836.0,784.0,868.0,1033.0,843.0,827.0,697.0,897.0,1579.0,795.0,928.0,893.0,679.0,927.0,866.0,725.0,759.0,1029.0,966.0,900.0,1025.0,825.0,412.0,726.0,874.0,836.0,506.0,188.0,1764.0,1690.0,1366.0,1917.0,1189.0,1112.0,1224.0,1090.0,940.0,1005.0,607.0,551.0,348.0,506.0,629.0,407.0,1421.0,1764.0,1031.0,1118.0,1193.0,1199.0,1266.0,1079.0,764.0,656.0,1849.0,1540.0,648.0,1664.0,1216.0,1670.0,1561.0,1377.0,1490.0,1443.0,1518.0,938.0,1190.0,1040.0,1126.0,206.0,256.0,1419.0,2032.0,1917.0,2126.0,1459.0,1287.0,1382.0,1463.0,1220.0,1749.0,1070.0,1006.0,932.0,1073.0,841.0,787.0,843.0,452.0,664.0,364.0,275.0,197.0,1.0,643.0,33.0,241.0,435.0,354.0,507.0,179.0,1402.0,1331.0,1351.0,1274.0,1101.0,1266.0,2200.0,1961.0,1024.0,1120.0,992.0,1006.0,1049.0,1000.0,1235.0
TX_ELP,1275.0,1285.0,1211.0,1286.0,909.0,964.0,474.0,430.0,316.0,1019.0,802.0,766.0,724.0,1181.0,1139.0,635.0,743.0,2311.0,1613.0,1721.0,1932.0,1452.0,1419.0,1502.0,1667.0,1477.0,1264.0,1133.0,1334.0,1080.0,1337.0,1470.0,1435.0,1222.0,1470.0,1303.0,1268.0,1402.0,1548.0,1476.0,1419.0,1535.0,1343.0,719.0,1370.0,1518.0,1480.0,1090.0,823.0,2407.0,2334.0,2009.0,2561.0,1708.0,1623.0,1734.0,1527.0,1377.0,1442.0,1251.0,1093.0,890.0,935.0,1173.0,1042.0,1187.0,1385.0,1666.0,1752.0,1827.0,1833.0,1339.0,1396.0,897.0,1014.0,2493.0,2184.0,266.0,1201.0,721.0,2226.0,2205.0,1923.0,2036.0,1988.0,2063.0,1582.0,1736.0,1594.0,1645.0,674.0,777.0,1937.0,1490.0,1418.0,1627.0,2103.0,1832.0,2026.0,2107.0,1783.0,2268.0,1684.0,1640.0,1566.0,1044.0,1159.0,1421.0,1486.0,1096.0,1308.0,418.0,551.0,576.0,643.0,1.0,605.0,744.0,706.0,343.0,789.0,823.0,863.0,1975.0,1985.0,1918.0,1745.0,1910.0,1702.0,1582.0,1461.0,1663.0,1426.0,1549.0,1693.0,1644.0,1077.0
TX_FTW,675.0,673.0,628.0,685.0,359.0,351.0,944.0,1034.0,920.0,1533.0,1406.0,1370.0,1328.0,1785.0,1657.0,771.0,1013.0,1699.0,1031.0,1139.0,1350.0,870.0,818.0,902.0,1067.0,877.0,875.0,745.0,946.0,1575.0,822.0,955.0,920.0,706.0,955.0,915.0,752.0,790.0,1061.0,997.0,932.0,1056.0,856.0,408.0,758.0,905.0,867.0,539.0,222.0,1795.0,1721.0,1397.0,1948.0,1221.0,1144.0,1255.0,1139.0,988.0,1054.0,639.0,578.0,375.0,547.0,657.0,441.0,1417.0,1760.0,1065.0,1152.0,1227.0,1233.0,1262.0,1075.0,760.0,652.0,1880.0,1571.0,624.0,1640.0,1193.0,1702.0,1593.0,1409.0,1522.0,1474.0,1549.0,970.0,1222.0,1072.0,1158.0,202.0,283.0,1450.0,2008.0,1913.0,2122.0,1490.0,1318.0,1414.0,1495.0,1252.0,1780.0,1101.0,1040.0,966.0,1069.0,837.0,821.0,874.0,484.0,696.0,340.0,265.0,187.0,33.0,605.0,1.0,270.0,425.0,316.0,497.0,210.0,1241.0,1363.0,1385.0,1305.0,1133.0,1298.0,2196.0,1957.0,1073.0,1147.0,1020.0,1033.0,1081.0,1031.0,1231.0
TX_HOU,667.0,746.0,468.0,633.0,571.0,439.0,1211.0,1173.0,1059.0,1762.0,1545.0,1509.0,1467.0,1924.0,1882.0,1030.0,1361.0,1747.0,870.0,978.0,1189.0,709.0,792.0,813.0,1006.0,793.0,1066.0,936.0,1137.0,1819.0,946.0,1085.0,1066.0,918.0,1079.0,1049.0,877.0,878.0,1149.0,1085.0,1020.0,1144.0,944.0,652.0,845.0,993.0,955.0,348.0,243.0,1843.0,1770.0,1445.0,1997.0,1309.0,1232.0,1343.0,1329.0,1179.0,1245.0,727.0,790.0,587.0,745.0,782.0,442.0,1662.0,2004.0,1039.0,1126.0,1201.0,1190.0,1507.0,1319.0,1005.0,897.0,1929.0,1620.0,891.0,1945.0,1465.0,1750.0,1641.0,1497.0,1620.0,1562.0,1710.0,1058.0,1309.0,1159.0,1246.0,447.0,495.0,1538.0,2233.0,2157.0,2367.0,1539.0,1406.0,1462.0,1543.0,1340.0,1868.0,1052.0,997.0,940.0,1313.0,1082.0,813.0,922.0,572.0,784.0,607.0,197.0,165.0,241.0,744.0,270.0,1.0,353.0,581.0,347.0,294.0,1642.0,1410.0,1360.0,1327.0,1180.0,1345.0,2440.0,2201.0,1263.0,1291.0,1142.0,1177.0,1168.0,1119.0,1475.0
TX_LAR,1018.0,1074.0,819.0,984.0,765.0,752.0,1180.0,1135.0,1021.0,1724.0,1507.0,1471.0,1429.0,1886.0,1844.0,1110.0,1352.0,2100.0,1220.0,1328.0,1540.0,1059.0,1142.0,1163.0,1357.0,1144.0,1260.0,1130.0,1331.0,1785.0,1228.0,1398.0,1326.0,1113.0,1361.0,1296.0,1158.0,1191.0,1462.0,1398.0,1333.0,1457.0,1257.0,832.0,1158.0,1306.0,1268.0,698.0,565.0,2196.0,2122.0,1798.0,2349.0,1622.0,1545.0,1656.0,1524.0,1373.0,1439.0,1040.0,984.0,781.0,971.0,1060.0,793.0,1642.0,1985.0,1390.0,1476.0,1551.0,1541.0,1687.0,1499.0,1185.0,1077.0,2281.0,1972.0,971.0,1906.0,1427.0,2103.0,1994.0,1810.0,1923.0,1875.0,1950.0,1371.0,1622.0,1472.0,1559.0,627.0,690.0,1851.0,2195.0,2123.0,2333.0,1891.0,1719.0,1815.0,1896.0,1653.0,2181.0,1368.0,1348.0,1290.0,1493.0,1262.0,1164.0,1275.0,885.0,1097.0,679.0,159.0,239.0,435.0,706.0,425.0,353.0,1.0,558.0,146.0,608.0,1569.0,1761.0,1713.0,1680.0,1531.0,1696.0,2407.0,2183.0,1454.0,1550.0,1423.0,1437.0,1479.0,1430.0,1457.0
TX_LUB,986.0,996.0,939.0,997.0,614.0,675.0,641.0,744.0,630.0,1231.0,1106.0,1070.0,1038.0,1404.0,1354.0,555.0,797.0,1960.0,1342.0,1450.0,1661.0,1181.0,1130.0,1213.0,1378.0,1188.0,1054.0,924.0,1125.0,1155.0,1043.0,1176.0,1141.0,927.0,1175.0,1094.0,973.0,1050.0,1254.0,1182.0,1125.0,1241.0,1049.0,474.0,1081.0,1220.0,1146.0,851.0,534.0,2062.0,1986.0,1703.0,2215.0,1414.0,1328.0,1440.0,1318.0,1167.0,1233.0,930.0,799.0,596.0,726.0,884.0,753.0,1087.0,1429.0,1377.0,1463.0,1538.0,1544.0,1063.0,1254.0,591.0,768.0,2055.0,1831.0,322.0,1338.0,890.0,1932.0,1853.0,1628.0,1741.0,1694.0,1769.0,1232.0,1441.0,1300.0,1351.0,380.0,483.0,1643.0,1705.0,1493.0,1702.0,1750.0,1538.0,1672.0,1773.0,1489.0,1973.0,1384.0,1351.0,1277.0,837.0,1016.0,1132.0,1197.0,807.0,1019.0,124.0,403.0,383.0,354.0,343.0,316.0,581.0,558.0,1.0,640.0,534.0,938.0,1686.0,1697.0,1629.0,1456.0,1621.0,1777.0,1627.0,1252.0,1368.0,1241.0,1255.0,1404.0,1355.0,901.0
TX_MCA,1013.0,1091.0,813.0,978.0,837.0,824.0,1263.0,1218.0,1104.0,1807.0,1590.0,1554.0,1512.0,1969.0,1927.0,1193.0,1435.0,2092.0,1215.0,1323.0,1534.0,1054.0,1137.0,1158.0,1351.0,1138.0,1333.0,1202.0,1403.0,1868.0,1300.0,1470.0,1398.0,1185.0,1433.0,1372.0,1231.0,1263.0,1534.0,1470.0,1405.0,1529.0,1329.0,904.0,1231.0,1378.0,1340.0,693.0,588.0,2189.0,2115.0,1791.0,2342.0,1694.0,1617.0,1728.0,1596.0,1445.0,1511.0,1112.0,1056.0,853.0,1043.0,1136.0,787.0,1725.0,2068.0,1384.0,1471.0,1546.0,1535.0,1759.0,1571.0,1257.0,1149.0,2274.0,1965.0,1054.0,1989.0,1510.0,2095.0,1986.0,1882.0,1995.0,1947.0,2022.0,1443.0,1695.0,1545.0,1631.0,699.0,762.0,1923.0,2278.0,2206.0,2415.0,1884.0,1791.0,1807.0,1888.0,1725.0,2253.0,1398.0,1342.0,1285.0,1565.0,1334.0,1158.0,1268.0,957.0,1169.0,762.0,240.0,311.0,507.0,789.0,497.0,347.0,146.0,640.0,1.0,684.0,1652.0,1756.0,1705.0,1673.0,1526.0,1691.0,2491.0,2266.0,1530.0,1626.0,1499.0,1512.0,1554.0,1505.0,1540.0
TX_TEX,512.0,466.0,474.0,532.0,237.0,144.0,1124.0,1252.0,1137.0,1713.0,1624.0,1588.0,1545.0,1886.0,1837.0,959.0,1205.0,1492.0,877.0,985.0,1197.0,716.0,657.0,741.0,905.0,723.0,790.0,660.0,826.0,1663.0,651.0,790.0,771.0,613.0,784.0,755.0,582.0,583.0,854.0,790.0,725.0,850.0,649.0,496.0,551.0,699.0,661.0,397.0,71.0,1588.0,1514.0,1190.0,1741.0,1014.0,937.0,1048.0,1054.0,903.0,969.0,432.0,479.0,321.0,469.0,488.0,288.0,1505.0,1848.0,897.0,950.0,1026.0,1072.0,1264.0,1076.0,848.0,661.0,1674.0,1364.0,804.0,1820.0,1372.0,1495.0,1386.0,1202.0,1315.0,1268.0,1342.0,763.0,1015.0,865.0,951.0,312.0,272.0,1243.0,2188.0,2001.0,2210.0,1283.0,1111.0,1207.0,1288.0,1045.0,1573.0,908.0,879.0,805.0,1179.0,839.0,619.0,667.0,277.0,489.0,520.0,451.0,374.0,179.0,823.0,210.0,294.0,608.0,534.0,684.0,1.0,1486.0,1156.0,1192.0,1099.0,926.0,1091.0,2284.0,2045.0,988.0,997.0,848.0,883.0,874.0,825.0,1319.0
UT_SLC,1818.0,1739.0,1935.0,1907.0,1312.0,1489.0,518.0,661.0,777.0,816.0,688.0,652.0,749.0,735.0,697.0,534.0,283.0,2272.0,2222.0,2330.0,2541.0,2113.0,1872.0,1960.0,2124.0,2056.0,1195.0,1064.0,1265.0,219.0,1370.0,1408.0,1372.0,1223.0,1352.0,1233.0,1333.0,1489.0,1540.0,1413.0,1539.0,1473.0,1481.0,988.0,1599.0,1660.0,1586.0,1904.0,1587.0,2373.0,2298.0,2123.0,2473.0,1664.0,1560.0,1671.0,1458.0,1308.0,1373.0,1423.0,1230.0,1235.0,1071.0,1321.0,1794.0,550.0,524.0,2033.0,2087.0,2163.0,2235.0,966.0,1156.0,656.0,933.0,2356.0,2167.0,619.0,518.0,419.0,2208.0,2190.0,1924.0,2031.0,1995.0,2070.0,1652.0,1726.0,1720.0,1626.0,1200.0,1215.0,1900.0,819.0,557.0,766.0,2109.0,1827.0,2035.0,2140.0,1842.0,2230.0,2150.0,2065.0,1970.0,671.0,1055.0,1757.0,1804.0,1587.0,1627.0,905.0,1413.0,1323.0,1402.0,863.0,1241.0,1642.0,1569.0,938.0,1652.0,1486.0,1.0,2090.0,2262.0,2168.0,2034.0,2022.0,840.0,721.0,1391.0,1497.0,1356.0,1436.0,1855.0,1797.0,167.0
VA_ALE,745.0,724.0,964.0,798.0,1196.0,1016.0,2206.0,2349.0,2290.0,2796.0,2671.0,2635.0,2698.0,2821.0,2782.0,1670.0,1916.0,363.0,706.0,903.0,1102.0,866.0,634.0,674.0,575.0,745.0,944.0,1027.0,894.0,2265.0,767.0,708.0,722.0,918.0,804.0,903.0,798.0,761.0,568.0,681.0,589.0,620.0,668.0,1289.0,698.0,546.0,617.0,1087.0,1196.0,459.0,385.0,56.0,612.0,535.0,669.0,622.0,1183.0,1123.0,1189.0,877.0,958.0,1122.0,1073.0,821.0,981.0,1959.0,2303.0,395.0,304.0,278.0,367.0,1548.0,1356.0,1435.0,1159.0,544.0,233.0,1887.0,2604.0,2420.0,383.0,247.0,394.0,300.0,393.0,388.0,508.0,382.0,409.0,482.0,1346.0,1232.0,493.0,2868.0,2604.0,2814.0,198.0,378.0,131.0,154.0,256.0,606.0,499.0,478.0,492.0,1625.0,1288.0,600.0,490.0,876.0,668.0,1603.0,1604.0,1526.0,1331.0,1975.0,1363.0,1410.0,1761.0,1686.0,1756.0,1156.0,2090.0,1.0,189.0,102.0,244.0,81.0,2778.0,2501.0,1033.0,916.0,862.0,802.0,373.0,423.0,1967.0
VA_NOR,713.0,761.0,896.0,729.0,1232.0,1052.0,2242.0,2385.0,2300.0,2832.0,2707.0,2671.0,2708.0,2993.0,2955.0,1798.0,2043.0,475.0,611.0,808.0,965.0,772.0,566.0,579.0,480.0,651.0,1116.0,1199.0,1077.0,2438.0,894.0,894.0,905.0,1046.0,987.0,1031.0,926.0,797.0,741.0,865.0,717.0,793.0,795.0,1417.0,733.0,582.0,653.0,1036.0,1163.0,571.0,497.0,239.0,724.0,708.0,842.0,795.0,1366.0,1306.0,1372.0,914.0,1085.0,1220.0,1200.0,920.0,948.0,2143.0,2486.0,327.0,236.0,184.0,272.0,1732.0,1539.0,1607.0,1331.0,657.0,345.0,1923.0,2776.0,2491.0,498.0,359.0,568.0,469.0,562.0,512.0,607.0,555.0,569.0,655.0,1382.0,1316.0,666.0,3040.0,2777.0,2986.0,320.0,551.0,305.0,269.0,429.0,721.0,410.0,384.0,423.0,1809.0,1471.0,636.0,526.0,912.0,704.0,1639.0,1555.0,1490.0,1351.0,1985.0,1385.0,1360.0,1713.0,1697.0,1705.0,1192.0,2262.0,189.0,1.0,93.0,280.0,229.0,2961.0,2683.0,1216.0,1108.0,1045.0,994.0,408.0,459.0,2095.0
VA_RCH,681.0,667.0,863.0,696.0,1138.0,958.0,2149.0,2291.0,2233.0,2738.0,2613.0,2578.0,2640.0,2899.0,2862.0,1704.0,1950.0,459.0,600.0,797.0,954.0,760.0,533.0,568.0,469.0,639.0,1022.0,1105.0,983.0,2345.0,801.0,801.0,811.0,952.0,893.0,937.0,832.0,704.0,635.0,772.0,623.0,706.0,702.0,1323.0,640.0,488.0,559.0,1004.0,1130.0,555.0,481.0,152.0,708.0,621.0,755.0,708.0,1272.0,1212.0,1279.0,821.0,992.0,1126.0,1107.0,872.0,916.0,2050.0,2392.0,294.0,203.0,157.0,261.0,1638.0,1446.0,1514.0,1237.0,641.0,329.0,1829.0,2682.0,2397.0,479.0,343.0,481.0,382.0,475.0,470.0,514.0,468.0,475.0,568.0,1288.0,1223.0,579.0,2946.0,2683.0,2892.0,290.0,464.0,218.0,250.0,342.0,702.0,398.0,372.0,391.0,1715.0,1377.0,542.0,432.0,818.0,610.0,1545.0,1522.0,1469.0,1274.0,1918.0,1305.0,1327.0,1680.0,1629.0,1673.0,1099.0,2168.0,102.0,93.0,1.0,186.0,142.0,2867.0,2589.0,1122.0,1014.0,951.0,900.0,313.0,365.0,2001.0
VA_ROA,515.0,494.0,764.0,597.0,966.0,786.0,1976.0,2118.0,2060.0,2565.0,2441.0,2405.0,2468.0,2739.0,2689.0,1587.0,1832.0,579.0,579.0,776.0,933.0,676.0,434.0,484.0,448.0,588.0,888.0,971.0,849.0,2211.0,667.0,667.0,678.0,818.0,759.0,804.0,698.0,587.0,501.0,638.0,489.0,594.0,568.0,1205.0,446.0,354.0,426.0,857.0,966.0,676.0,602.0,278.0,829.0,545.0,667.0,620.0,1138.0,1079.0,1145.0,648.0,874.0,953.0,989.0,689.0,751.0,1916.0,2259.0,198.0,99.0,165.0,296.0,1504.0,1312.0,1380.0,1104.0,761.0,452.0,1656.0,2548.0,2225.0,583.0,474.0,505.0,453.0,546.0,542.0,380.0,430.0,342.0,485.0,1115.0,1050.0,603.0,2812.0,2549.0,2758.0,371.0,458.0,294.0,376.0,337.0,795.0,347.0,289.0,291.0,1581.0,1243.0,370.0,260.0,645.0,438.0,1372.0,1374.0,1296.0,1101.0,1745.0,1133.0,1180.0,1531.0,1456.0,1526.0,926.0,2034.0,244.0,280.0,186.0,1.0,179.0,2733.0,2456.0,989.0,880.0,817.0,767.0,180.0,232.0,1868.0
VA_WIN,680.0,660.0,930.0,763.0,1131.0,951.0,2141.0,2284.0,2225.0,2731.0,2606.0,2570.0,2633.0,2753.0,2715.0,1602.0,1847.0,402.0,744.0,942.0,1141.0,842.0,599.0,650.0,614.0,753.0,876.0,959.0,826.0,2199.0,698.0,641.0,655.0,850.0,736.0,836.0,730.0,656.0,500.0,614.0,521.0,552.0,599.0,1220.0,592.0,440.0,511.0,1022.0,1131.0,498.0,424.0,96.0,651.0,467.0,602.0,554.0,1115.0,1056.0,1122.0,771.0,889.0,1053.0,1004.0,753.0,916.0,1893.0,2236.0,363.0,277.0,318.0,407.0,1481.0,1289.0,1368.0,1092.0,583.0,274.0,1822.0,2536.0,2352.0,405.0,296.0,327.0,275.0,368.0,364.0,439.0,314.0,341.0,414.0,1281.0,1164.0,425.0,2800.0,2537.0,2746.0,193.0,311.0,116.0,196.0,188.0,617.0,526.0,454.0,457.0,1558.0,1220.0,535.0,425.0,811.0,603.0,1538.0,1539.0,1462.0,1266.0,1910.0,1298.0,1345.0,1696.0,1621.0,1691.0,1091.0,2022.0,81.0,229.0,142.0,179.0,1.0,2711.0,2433.0,966.0,848.0,795.0,735.0,267.0,317.0,1900.0
WA_SEA,2616.0,2537.0,2734.0,2705.0,2110.0,2287.0,1357.0,1505.0,1621.0,922.0,1135.0,1170.0,1254.0,807.0,799.0,1332.0,1122.0,2957.0,3020.0,3128.0,3339.0,2911.0,2670.0,2758.0,2922.0,2854.0,1882.0,1811.0,1918.0,629.0,2115.0,2064.0,2069.0,2021.0,1988.0,1980.0,2171.0,2288.0,2227.0,2100.0,2246.0,2159.0,2254.0,1786.0,2397.0,2439.0,2363.0,2703.0,2385.0,3060.0,2983.0,2767.0,3211.0,2350.0,2246.0,2358.0,1677.0,1656.0,1596.0,2221.0,2028.0,2033.0,1869.0,2049.0,2592.0,817.0,476.0,2836.0,2796.0,2872.0,3003.0,1233.0,1423.0,1454.0,1710.0,3042.0,2853.0,1458.0,750.0,1125.0,2881.0,2876.0,2599.0,2716.0,2668.0,2745.0,2361.0,2410.0,2419.0,2313.0,1998.0,2013.0,2580.0,446.0,284.0,173.0,2795.0,2513.0,2721.0,2827.0,2528.0,2905.0,2968.0,2868.0,2773.0,1189.0,1534.0,2555.0,2607.0,2385.0,2425.0,1742.0,2252.0,2162.0,2200.0,1702.0,2196.0,2440.0,2407.0,1777.0,2491.0,2284.0,840.0,2778.0,2961.0,2867.0,2733.0,2711.0,1.0,279.0,1749.0,1933.0,1926.0,1991.0,2554.0,2505.0,964.0
WA_SPO,2361.0,2282.0,2524.0,2450.0,1855.0,2041.0,1237.0,1380.0,1496.0,986.0,1199.0,1234.0,1318.0,871.0,863.0,1093.0,1002.0,2680.0,2764.0,2872.0,3083.0,2655.0,2414.0,2502.0,2667.0,2599.0,1605.0,1534.0,1641.0,551.0,1838.0,1787.0,1792.0,1774.0,1711.0,1703.0,1893.0,2032.0,1949.0,1822.0,1969.0,1882.0,1976.0,1547.0,2141.0,2161.0,2085.0,2464.0,2146.0,2782.0,2706.0,2490.0,2934.0,2072.0,1969.0,2080.0,1400.0,1378.0,1319.0,1965.0,1772.0,1777.0,1614.0,1771.0,2336.0,540.0,199.0,2558.0,2518.0,2594.0,2725.0,956.0,1145.0,1215.0,1433.0,2764.0,2576.0,1338.0,793.0,1138.0,2604.0,2598.0,2322.0,2439.0,2391.0,2467.0,2083.0,2133.0,2141.0,2035.0,1759.0,1774.0,2302.0,621.0,205.0,348.0,2518.0,2235.0,2443.0,2549.0,2250.0,2628.0,2605.0,2591.0,2496.0,912.0,1257.0,2299.0,2330.0,2129.0,2169.0,1503.0,2028.0,2144.0,1961.0,1582.0,1957.0,2201.0,2183.0,1627.0,2266.0,2045.0,721.0,2501.0,2683.0,2589.0,2456.0,2433.0,279.0,1.0,1471.0,1656.0,1648.0,1713.0,2276.0,2228.0,787.0
WI_EAU,983.0,904.0,1238.0,1073.0,754.0,879.0,1631.0,1774.0,1712.0,2135.0,2010.0,1975.0,2072.0,2122.0,2084.0,999.0,1237.0,1212.0,1387.0,1495.0,1706.0,1278.0,1037.0,1125.0,1277.0,1221.0,264.0,328.0,195.0,1429.0,371.0,320.0,325.0,413.0,244.0,273.0,457.0,620.0,482.0,355.0,501.0,415.0,510.0,744.0,731.0,694.0,618.0,1208.0,1060.0,1315.0,1238.0,1023.0,1466.0,605.0,502.0,613.0,155.0,94.0,160.0,651.0,655.0,676.0,521.0,529.0,1022.0,932.0,1274.0,1091.0,1051.0,1127.0,1258.0,520.0,328.0,737.0,460.0,1297.0,1109.0,1312.0,1905.0,1742.0,1136.0,1131.0,855.0,971.0,923.0,1000.0,616.0,666.0,674.0,568.0,875.0,789.0,835.0,2092.0,1676.0,1818.0,1051.0,768.0,976.0,1082.0,783.0,1160.0,1207.0,1124.0,1028.0,663.0,325.0,922.0,863.0,815.0,792.0,1133.0,1298.0,1220.0,1024.0,1461.0,1073.0,1263.0,1454.0,1252.0,1530.0,988.0,1391.0,1033.0,1216.0,1122.0,989.0,966.0,1749.0,1471.0,1.0,195.0,181.0,247.0,809.0,761.0,1225.0
WI_GRE,875.0,796.0,1129.0,964.0,851.0,857.0,1852.0,1995.0,1913.0,2241.0,2116.0,2080.0,2177.0,2228.0,2189.0,1105.0,1343.0,1104.0,1278.0,1386.0,1597.0,1169.0,928.0,1016.0,1168.0,1113.0,303.0,434.0,234.0,1614.0,326.0,208.0,235.0,467.0,207.0,324.0,413.0,498.0,374.0,237.0,393.0,306.0,388.0,849.0,622.0,586.0,510.0,1129.0,1065.0,1207.0,1130.0,905.0,1358.0,497.0,393.0,445.0,331.0,279.0,345.0,576.0,610.0,775.0,627.0,484.0,944.0,1116.0,1459.0,983.0,943.0,1019.0,1150.0,704.0,512.0,842.0,566.0,1189.0,991.0,1533.0,2011.0,1848.0,1028.0,1014.0,746.0,863.0,815.0,891.0,508.0,557.0,566.0,450.0,991.0,885.0,726.0,2276.0,1860.0,2002.0,933.0,659.0,859.0,965.0,666.0,1052.0,1093.0,1015.0,920.0,837.0,499.0,813.0,754.0,737.0,683.0,1249.0,1393.0,1316.0,1120.0,1663.0,1147.0,1291.0,1550.0,1368.0,1626.0,997.0,1497.0,916.0,1108.0,1014.0,880.0,848.0,1933.0,1656.0,195.0,1.0,139.0,114.0,699.0,651.0,1332.0
WI_MAD,812.0,733.0,1067.0,901.0,724.0,707.0,1596.0,1739.0,1677.0,2100.0,1975.0,1939.0,2036.0,2087.0,2048.0,964.0,1202.0,1043.0,1215.0,1323.0,1535.0,1106.0,866.0,954.0,1105.0,1050.0,161.0,293.0,93.0,1533.0,199.0,148.0,153.0,332.0,72.0,171.0,286.0,448.0,311.0,184.0,330.0,243.0,339.0,708.0,559.0,523.0,447.0,1036.0,916.0,1145.0,1069.0,851.0,1297.0,434.0,331.0,442.0,331.0,271.0,337.0,479.0,483.0,648.0,486.0,364.0,851.0,1108.0,1451.0,920.0,880.0,956.0,1087.0,696.0,504.0,701.0,425.0,1127.0,937.0,1276.0,1870.0,1706.0,967.0,960.0,685.0,802.0,754.0,830.0,445.0,496.0,503.0,397.0,864.0,758.0,665.0,2268.0,1852.0,1995.0,879.0,598.0,805.0,911.0,612.0,991.0,1038.0,952.0,857.0,774.0,436.0,751.0,691.0,644.0,621.0,1122.0,1266.0,1189.0,992.0,1426.0,1020.0,1142.0,1423.0,1241.0,1499.0,848.0,1356.0,862.0,1045.0,951.0,817.0,795.0,1926.0,1648.0,181.0,139.0,1.0,80.0,638.0,590.0,1191.0
WI_MIL,761.0,682.0,1016.0,850.0,738.0,743.0,1739.0,1881.0,1800.0,2180.0,2055.0,2020.0,2116.0,2167.0,2129.0,1044.0,1282.0,991.0,1165.0,1273.0,1484.0,1056.0,815.0,903.0,1055.0,999.0,240.0,373.0,172.0,1613.0,212.0,94.0,121.0,353.0,94.0,211.0,299.0,384.0,260.0,123.0,280.0,193.0,275.0,789.0,509.0,472.0,396.0,1016.0,951.0,1094.0,1017.0,792.0,1245.0,384.0,280.0,391.0,396.0,336.0,403.0,463.0,497.0,661.0,566.0,376.0,830.0,1174.0,1517.0,869.0,829.0,905.0,1037.0,762.0,570.0,782.0,505.0,1076.0,878.0,1419.0,1950.0,1787.0,915.0,900.0,633.0,750.0,702.0,779.0,394.0,444.0,452.0,337.0,878.0,772.0,614.0,2334.0,1918.0,2060.0,820.0,547.0,745.0,851.0,552.0,939.0,983.0,902.0,807.0,839.0,501.0,700.0,641.0,623.0,570.0,1135.0,1280.0,1202.0,1006.0,1549.0,1033.0,1177.0,1437.0,1255.0,1512.0,883.0,1436.0,802.0,994.0,900.0,767.0,735.0,1991.0,1713.0,247.0,114.0,80.0,1.0,587.0,538.0,1271.0
WV_CHA,564.0,500.0,816.0,651.0,914.0,734.0,1924.0,2066.0,2008.0,2513.0,2389.0,2353.0,2416.0,2586.0,2547.0,1391.0,1636.0,651.0,645.0,843.0,1042.0,743.0,500.0,550.0,515.0,654.0,709.0,792.0,670.0,2032.0,487.0,487.0,498.0,639.0,580.0,624.0,519.0,390.0,325.0,458.0,310.0,418.0,388.0,1010.0,327.0,175.0,246.0,906.0,942.0,747.0,674.0,362.0,901.0,366.0,488.0,441.0,959.0,899.0,965.0,506.0,678.0,846.0,793.0,503.0,800.0,1736.0,2079.0,264.0,242.0,318.0,450.0,1325.0,1133.0,1200.0,924.0,833.0,524.0,1604.0,2369.0,2141.0,654.0,545.0,429.0,469.0,495.0,569.0,200.0,251.0,163.0,307.0,1063.0,957.0,528.0,2633.0,2370.0,2579.0,443.0,338.0,366.0,463.0,228.0,816.0,471.0,355.0,358.0,1402.0,1064.0,419.0,309.0,593.0,388.0,1320.0,1322.0,1244.0,1049.0,1693.0,1081.0,1168.0,1479.0,1404.0,1554.0,874.0,1855.0,373.0,408.0,313.0,180.0,267.0,2554.0,2276.0,809.0,699.0,638.0,587.0,1.0,52.0,1688.0
WV_HUN,526.0,451.0,778.0,613.0,864.0,684.0,1875.0,2017.0,1959.0,2464.0,2339.0,2304.0,2366.0,2528.0,2489.0,1354.0,1599.0,701.0,697.0,894.0,1093.0,755.0,483.0,570.0,566.0,667.0,651.0,734.0,637.0,1974.0,429.0,439.0,450.0,581.0,531.0,573.0,461.0,341.0,300.0,410.0,255.0,392.0,331.0,972.0,277.0,126.0,197.0,869.0,893.0,798.0,724.0,412.0,951.0,330.0,452.0,405.0,910.0,851.0,917.0,457.0,641.0,797.0,756.0,509.0,751.0,1688.0,2031.0,316.0,294.0,370.0,501.0,1276.0,1084.0,1142.0,866.0,883.0,574.0,1555.0,2311.0,2104.0,704.0,595.0,479.0,519.0,545.0,620.0,151.0,302.0,135.0,271.0,1014.0,907.0,578.0,2575.0,2312.0,2521.0,493.0,388.0,416.0,513.0,278.0,867.0,519.0,407.0,336.0,1357.0,1017.0,380.0,273.0,544.0,338.0,1271.0,1273.0,1195.0,1000.0,1644.0,1031.0,1119.0,1430.0,1355.0,1505.0,825.0,1797.0,423.0,459.0,365.0,232.0,317.0,2505.0,2228.0,761.0,651.0,590.0,538.0,52.0,1.0,1637.0
WY_GRE,1651.0,1573.0,1769.0,1741.0,1145.0,1322.0,660.0,803.0,919.0,979.0,830.0,794.0,891.0,898.0,859.0,367.0,253.0,2104.0,2055.0,2163.0,2374.0,1946.0,1705.0,1793.0,1958.0,1889.0,1028.0,897.0,1098.0,344.0,1203.0,1241.0,1206.0,1056.0,1185.0,1067.0,1166.0,1323.0,1374.0,1247.0,1373.0,1306.0,1314.0,821.0,1432.0,1494.0,1419.0,1738.0,1420.0,2207.0,2130.0,1956.0,2358.0,1497.0,1393.0,1505.0,1291.0,1141.0,1207.0,1256.0,1063.0,1068.0,905.0,1151.0,1627.0,401.0,590.0,1867.0,1920.0,1996.0,2068.0,758.0,948.0,489.0,766.0,2189.0,2000.0,813.0,681.0,561.0,2028.0,2023.0,1747.0,1864.0,1815.0,1892.0,1485.0,1558.0,1553.0,1460.0,1033.0,1048.0,1727.0,945.0,682.0,891.0,1942.0,1660.0,1868.0,1974.0,1675.0,2052.0,1984.0,1899.0,1804.0,504.0,888.0,1590.0,1637.0,1420.0,1460.0,777.0,1302.0,1418.0,1235.0,1077.0,1231.0,1475.0,1457.0,901.0,1540.0,1319.0,167.0,1967.0,2095.0,2001.0,1868.0,1900.0,964.0,787.0,1225.0,1332.0,1191.0,1271.0,1688.0,1637.0,1.0
